aIMG0	aIMG1	aIMG2	aIMG3	aIMG4	aIMG5	aIMG6	aIMG7	ar0	ar1	ar2	ar3	ar4	ar5	eps	f0	f1	f2	f3	pr0	pr1	pr2	pr3	pr4	pr5	time	u0	u1	u2	u3	u4	u5	x0	x1	x2	x3	x4	x5	x6	x7	x8	y0	y1	y2	y3	y4	y5	y6	y7	y8
nan	4.1	nan	nan	nan	nan									nan	0	0	0	0	0.0	0.0	0.0	0.0	0.0	0.0	1576004079.8203986	0.0	0.0	0.0	0.0	0.0	0.0	nan	570	571	467	nan	457			nan	nan	563	485	634	nan	479			nan
nan	4.1	nan	nan	nan	nan									nan	0	0	0	0	0.0	0.0	0.0	0.0	0.0	0.0	1576004079.9239364	0.0	0.0	0.0	0.0	0.0	0.0	nan	570	571	467	nan	457			nan	nan	563	485	634	nan	479			nan
nan	4.0	-1.1	1.1	4.3	9.4									2.8999999999999999	0	0	0	0	0.0	0.0	0.0	0.0	0.0	0.0	1576004080.0279522	0.0	0.0	0.0	0.0	0.0	0.0	nan	570	571	467	470	457			nan	nan	563	485	634	558	479			nan
nan	4.0	-1.1	1.1	4.3	9.4									2.8999999999999999	0	0	0	0	0.0	0.0	0.0	0.0	0.0	0.0	1576004080.1324172	0.0	0.0	0.0	0.0	0.0	0.0	nan	570	571	467	470	457			nan	nan	563	485	634	558	479			nan
-3.8	4.1	-1.5	1.5	4.9	8.7									3.3999999999999999	0	0	0	0	0.0	0.0	0.0	0.0	0.0	0.0	1576004080.236638	0.0	0.0	0.0	0.0	0.0	0.0	559	570	571	467	470	457			nan	638	563	485	634	557	479			nan
-3.8	4.1	-1.5	1.5	4.9	8.7									3.3999999999999999	0	0	0	0	0.0	0.0	0.0	0.0	0.0	0.0	1576004080.3412523	0.0	0.0	0.0	0.0	0.0	0.0	559	570	571	467	470	457			nan	638	563	485	634	557	479			nan
-3.8	4.1	-1.5	1.5	4.9	8.7									3.3999999999999999	0	0	0	0	0.0	0.0	0.0	0.0	0.0	0.0	1576004080.4459615	0.0	0.0	0.0	0.0	0.0	0.0	559	570	571	467	470	457			nan	638	563	485	634	557	479			nan
-3.8	4.1	-1.5	1.5	4.9	8.7									3.3999999999999999	0	0	0	0	0.0	0.0	0.0	0.0	0.0	0.0	1576004080.550328	0.0	0.0	0.0	0.0	0.0	0.0	559	570	571	467	470	457			nan	638	563	485	634	557	479			nan
-3.5	4.0	-1.1	1.1	4.3	9.4									2.8999999999999999	0	0	0	0	0.0	0.0	0.0	0.0	0.0	0.0	1576004080.6544087	0.0	0.0	0.0	0.0	0.0	0.0	559	570	571	467	470	457			nan	638	563	485	634	558	479			nan
-3.5	4.0	-1.1	1.1	4.3	9.4									2.8999999999999999	0	0	0	0	0.0	0.0	0.0	0.0	0.0	0.0	1576004080.758959	0.0	0.0	0.0	0.0	0.0	0.0	559	570	571	467	470	457			nan	638	563	485	634	558	479			nan
-4.0	4.4	nan	nan	nan	nan									nan	0	0	0	0	0.0	0.0	0.0	0.0	0.0	0.0	1576004080.8633018	0.0	0.0	0.0	0.0	0.0	0.0	559	570	571	467	nan	457			nan	638	563	485	634	nan	479			nan
-4.0	4.4	nan	nan	nan	nan									nan	0	0	0	0	0.0	0.0	0.0	0.0	0.0	0.0	1576004080.967618	0.0	0.0	0.0	0.0	0.0	0.0	559	570	571	467	nan	457			nan	638	563	485	634	nan	479			nan
-4.0	4.4	nan	nan	nan	nan									nan	0	0	0	0	0.0	0.0	0.0	0.0	0.0	0.0	1576004081.0715013	0.0	0.0	0.0	0.0	0.0	0.0	559	570	571	467	nan	457			nan	638	563	485	634	nan	479			nan
-4.0	4.4	nan	nan	nan	nan									nan	0	0	0	0	0.0	0.0	0.0	0.0	0.0	0.0	1576004081.174907	0.0	0.0	0.0	0.0	0.0	0.0	559	570	571	467	nan	457			nan	638	563	485	634	nan	479			nan
-3.6	4.1	-1.6	1.6	4.7	8.8									2.8999999999999999	0	0	0	0	0.0	0.0	0.0	0.0	0.0	0.0	1576004081.278827	0.0	0.0	0.0	0.0	0.0	0.0	559	570	571	467	470	457			nan	638	563	485	634	558	479			nan
-3.6	4.1	-1.6	1.6	4.7	8.8									2.8999999999999999	0	0	0	0	0.0	0.0	0.0	0.0	0.0	0.0	1576004081.3875055	0.0	0.0	0.0	0.0	0.0	0.0	559	570	571	467	470	457			nan	638	563	485	634	558	479			nan
nan	4.2	-1.4	1.4	4.9	8.8									3.3999999999999999	0	0	0	0	0.0	0.0	0.0	0.0	0.0	0.0	1576004081.4917648	0.0	0.0	0.0	0.0	0.0	0.0	nan	570	571	467	470	457			nan	nan	563	485	634	557	479			nan
nan	4.2	-1.4	1.4	4.9	8.8									3.3999999999999999	0	0	0	0	0.0	0.0	0.0	0.0	0.0	0.0	1576004081.5959363	0.0	0.0	0.0	0.0	0.0	0.0	nan	570	571	467	470	457			nan	nan	563	485	634	557	479			nan
nan	4.2	-1.4	1.4	4.9	8.8									3.3999999999999999	0	0	0	0	0.0	0.0	0.0	0.0	0.0	0.0	1576004081.7002156	0.0	0.0	0.0	0.0	0.0	0.0	nan	570	571	467	470	457			nan	nan	563	485	634	557	479			nan
nan	4.2	-1.4	1.4	4.9	8.8									3.3999999999999999	0	0	0	0	0.0	0.0	0.0	0.0	0.0	0.0	1576004081.80438	0.0	0.0	0.0	0.0	0.0	0.0	nan	570	571	467	470	457			nan	nan	563	485	634	557	479			nan
nan	4.1	-1.3	1.3	4.5	9.1									2.8999999999999999	0	0	0	0	0.0	0.0	0.0	0.0	0.0	0.0	1576004081.908686	0.0	0.0	0.0	0.0	0.0	0.0	nan	570	571	467	470	457			nan	nan	563	485	634	558	479			nan
nan	4.1	-1.3	1.3	4.5	9.1									2.8999999999999999	0	0	0	0	0.0	0.0	0.0	0.0	0.0	0.0	1576004082.0130026	0.0	0.0	0.0	0.0	0.0	0.0	nan	570	571	467	470	457			nan	nan	563	485	634	558	479			nan
-3.4	4.1	nan	nan	nan	nan									nan	0	0	0	0	0.0	0.0	0.0	0.0	0.0	0.0	1576004082.1179006	0.0	0.0	0.0	0.0	0.0	0.0	559	570	571	467	nan	457			nan	638	563	485	634	nan	479			nan
-3.4	4.1	nan	nan	nan	nan									nan	0	0	0	0	0.39	0.27	0.0	0.48	0.63	0.0	1576004082.221546	39.0	27.0	0.0	48.0	63.0	0.0	559	570	571	467	nan	457			nan	638	563	485	634	nan	479			nan
-3.4	4.1	nan	nan	nan	nan									nan	0	0	0	0	0.39	0.27	0.0	0.48	0.63	0.0	1576004082.3253014	39.0	27.0	0.0	48.0	63.0	0.0	559	570	571	467	nan	457			nan	638	563	485	634	nan	479			nan
-3.4	4.1	nan	nan	nan	nan									nan	0	0	0	0	0.39	0.27	0.0	0.48	0.63	0.0	1576004082.428929	39.0	27.0	0.0	48.0	63.0	0.0	559	570	571	467	nan	457			nan	638	563	485	634	nan	479			nan
nan	4.1	-1.1	1.1	4.3	9.3									2.8999999999999999	0	0	0	0	0.39	0.27	0.0	0.48	0.63	0.0	1576004082.5327532	39.0	27.0	0.0	48.0	63.0	0.0	nan	570	571	467	470	457			nan	nan	563	485	634	558	479			nan
nan	4.1	-1.1	1.1	4.3	9.3									2.8999999999999999	0	0	0	0	0.39	0.27	0.0	0.48	0.63	0.0	1576004082.6368258	39.0	27.0	0.0	48.0	63.0	0.0	nan	570	571	467	470	457			nan	nan	563	485	634	558	479			nan
nan	4.5	-0.8	0.8	4.3	9.4									2.8999999999999999	0	0	0	0	0.39	0.27	0.0	0.48	0.63	0.0	1576004082.7413814	39.0	27.0	0.0	48.0	63.0	0.0	nan	570	571	467	470	457			nan	nan	563	485	634	558	479			nan
nan	4.5	-0.8	0.8	4.3	9.4									2.8999999999999999	0	0	0	0	0.39	0.27	0.0	0.48	0.63	0.0	1576004082.8459792	39.0	27.0	0.0	48.0	63.0	0.0	nan	570	571	467	470	457			nan	nan	563	485	634	558	479			nan
nan	4.5	-0.8	0.8	4.3	9.4									2.8999999999999999	0	0	0	0	0.39	0.27	0.0	0.48	0.63	0.0	1576004082.9500651	39.0	27.0	0.0	48.0	63.0	0.0	nan	570	571	467	470	457			nan	nan	563	485	634	558	479			nan
nan	4.5	-0.8	0.8	4.3	9.4									2.8999999999999999	0	0	0	0	0.39	0.27	0.0	0.48	0.63	0.0	1576004083.05422	39.0	27.0	0.0	48.0	63.0	0.0	nan	570	571	467	470	457			nan	nan	563	485	634	558	479			nan
-3.7	4.2	nan	nan	nan	nan									nan	0	0	0	0	0.39	0.27	0.0	0.48	0.63	0.0	1576004083.1591353	39.0	27.0	0.0	48.0	63.0	0.0	559	570	571	467	nan	457			nan	638	563	485	634	nan	479			nan
-3.7	4.2	nan	nan	nan	nan									nan	0	0	0	0	0.39	0.27	0.0	0.48	0.63	0.0	1576004083.262856	39.0	27.0	0.0	48.0	63.0	0.0	559	570	571	467	nan	457			nan	638	563	485	634	nan	479			nan
15.4	13.2	-19.8	19.8	32.7	5.3									3.5	0	0	0	0	0.39	0.27	0.0	0.48	0.63	0.0	1576004083.3670113	39.0	27.0	0.0	48.0	63.0	0.0	561	569	589	462	470	447			nan	638	563	489	634	557	480			nan
15.4	13.2	-19.8	19.8	32.7	5.3									3.5	0	0	0	0	0.39	0.27	0.0	0.48	0.63	0.0	1576004083.4710271	39.0	27.0	0.0	48.0	63.0	0.0	561	569	589	462	470	447			nan	638	563	489	634	557	480			nan
15.4	13.2	-19.8	19.8	32.7	5.3									3.5	0	0	0	0	0.39	0.27	0.0	0.48	0.63	0.0	1576004083.5754194	39.0	27.0	0.0	48.0	63.0	0.0	561	569	589	462	470	447			nan	638	563	489	634	557	480			nan
15.4	13.2	-19.8	19.8	32.7	5.3									3.5	0	0	0	0	0.39	0.27	0.0	0.48	0.63	0.0	1576004083.6796527	39.0	27.0	0.0	48.0	63.0	0.0	561	569	589	462	470	447			nan	638	563	489	634	557	480			nan
42.1	35.4	-49.5	49.5	71.5	nan									4.9000000000000004	0	0	0	0	0.39	0.27	0.0	0.48	0.63	0.0	1576004083.783902	39.0	27.0	0.0	48.0	63.0	0.0	557	568	619	461	475	nan			nan	635	563	508	629	555	nan			nan
42.1	35.4	-49.5	49.5	71.5	nan									4.9000000000000004	0	0	0	0	0.39	0.27	0.0	0.48	0.63	0.0	1576004083.8881774	39.0	27.0	0.0	48.0	63.0	0.0	557	568	619	461	475	nan			nan	635	563	508	629	555	nan			nan
39.7	40.6	-64.1	64.1	79.0	nan									5.7000000000000002	0	0	0	0	0.39	0.27	0.0	0.48	0.63	0.0	1576004084.0019605	39.0	27.0	0.0	48.0	63.0	0.0	543	567	627	468	477	nan			nan	633	563	520	628	554	nan			nan
39.7	40.6	-64.1	64.1	79.0	nan									5.7000000000000002	0	0	0	0	0.39	0.27	0.0	0.48	0.63	0.0	1576004084.1065867	39.0	27.0	0.0	48.0	63.0	0.0	543	567	627	468	477	nan			nan	633	563	520	628	554	nan			nan
30.1	30.0	-68.7	68.7	77.4	nan									7.0	0	0	0	0	0.39	0.27	0.0	0.48	0.63	0.0	1576004084.2128875	39.0	27.0	0.0	48.0	63.0	0.0	532	566	625	470	477	nan			nan	631	564	519	628	553	nan			nan
30.1	30.0	-68.7	68.7	77.4	nan									7.0	0	0	0	0	0.39	0.27	0.0	0.48	0.63	0.0	1576004084.318848	39.0	27.0	0.0	48.0	63.0	0.0	532	566	625	470	477	nan			nan	631	564	519	628	553	nan			nan
30.1	30.0	-68.7	68.7	77.4	nan									7.0	0	0	0	0	0.39	0.27	0.0	0.48	0.63	0.0	1576004084.423148	39.0	27.0	0.0	48.0	63.0	0.0	532	566	625	470	477	nan			nan	631	564	519	628	553	nan			nan
30.1	30.0	-68.7	68.7	77.4	nan									7.0	0	0	0	0	0.39	0.27	0.0	0.48	0.63	0.0	1576004084.527785	39.0	27.0	0.0	48.0	63.0	0.0	532	566	625	470	477	nan			nan	631	564	519	628	553	nan			nan
32.5	33.0	-63.8	63.8	71.5	nan									6.2999999999999998	0	0	0	0	0.39	0.27	0.0	0.48	0.63	0.0	1576004084.6325207	39.0	27.0	0.0	48.0	63.0	0.0	537	567	624	471	477	nan			nan	633	564	518	629	554	nan			nan
32.5	33.0	-63.8	63.8	71.5	nan									6.2999999999999998	0	0	0	0	0.39	0.27	0.0	0.48	0.63	0.0	1576004084.7371092	39.0	27.0	0.0	48.0	63.0	0.0	537	567	624	471	477	nan			nan	633	564	518	629	554	nan			nan
31.4	34.5	-63.6	63.6	70.3	nan									6.2999999999999998	0	0	0	0	0.39	0.27	0.0	0.48	0.63	0.0	1576004084.8414536	39.0	27.0	0.0	48.0	63.0	0.0	537	567	625	471	477	nan			nan	633	564	518	629	554	nan			nan
31.4	34.5	-63.6	63.6	70.3	nan									6.2999999999999998	0	0	0	0	0.39	0.27	0.0	0.48	0.63	0.0	1576004084.9456682	39.0	27.0	0.0	48.0	63.0	0.0	537	567	625	471	477	nan			nan	633	564	518	629	554	nan			nan
31.4	34.5	-63.6	63.6	70.3	nan									6.2999999999999998	0	0	0	0	0.39	0.27	0.0	0.48	0.63	0.0	1576004085.0508227	39.0	27.0	0.0	48.0	63.0	0.0	537	567	625	471	477	nan			nan	633	564	518	629	554	nan			nan
31.4	34.5	-63.6	63.6	70.3	nan									6.2999999999999998	0	0	0	0	0.39	0.27	0.0	0.48	0.63	0.0	1576004085.1560616	39.0	27.0	0.0	48.0	63.0	0.0	537	567	625	471	477	nan			nan	633	564	518	629	554	nan			nan
32.2	33.6	-64.1	64.1	70.7	nan									6.2999999999999998	0	0	0	0	0.39	0.27	0.0	0.48	0.63	0.0	1576004085.2604187	39.0	27.0	0.0	48.0	63.0	0.0	537	567	625	471	477	nan			nan	633	564	518	629	554	nan			nan
32.2	33.6	-64.1	64.1	70.7	nan									6.2999999999999998	0	0	0	0	0.39	0.27	0.0	0.48	0.63	0.0	1576004085.3648329	39.0	27.0	0.0	48.0	63.0	0.0	537	567	625	471	477	nan			nan	633	564	518	629	554	nan			nan
32.4	32.7	-64.9	64.9	71.9	nan									6.2999999999999998	0	0	0	0	0.39	0.27	0.0	0.48	0.63	0.0	1576004085.469151	39.0	27.0	0.0	48.0	63.0	0.0	537	567	624	472	477	nan			nan	633	564	518	629	554	nan			nan
32.4	32.7	-64.9	64.9	71.9	nan									6.2999999999999998	0	0	0	0	0.39	0.27	0.0	0.48	0.63	0.0	1576004085.57502	39.0	27.0	0.0	48.0	63.0	0.0	537	567	624	472	477	nan			nan	633	564	518	629	554	nan			nan
32.4	32.7	-65.1	65.1	72.6	nan									6.2999999999999998	0	0	0	0	0.39	0.27	0.0	0.48	0.63	0.0	1576004085.679562	39.0	27.0	0.0	48.0	63.0	0.0	537	567	624	472	477	nan			nan	633	564	518	629	554	nan			nan
32.4	32.7	-65.1	65.1	72.6	nan									6.2999999999999998	0	0	0	0	0.39	0.27	0.0	0.48	0.63	0.0	1576004085.784078	39.0	27.0	0.0	48.0	63.0	0.0	537	567	624	472	477	nan			nan	633	564	518	629	554	nan			nan
32.4	32.7	-65.1	65.1	72.6	nan									6.2999999999999998	0	0	0	0	0.39	0.27	0.0	0.48	0.63	0.0	1576004085.8882422	39.0	27.0	0.0	48.0	63.0	0.0	537	567	624	472	477	nan			nan	633	564	518	629	554	nan			nan
32.4	32.7	-65.1	65.1	72.6	nan									6.2999999999999998	0	0	0	0	0.39	0.27	0.0	0.48	0.63	0.0	1576004085.9926534	39.0	27.0	0.0	48.0	63.0	0.0	537	567	624	472	477	nan			nan	633	564	518	629	554	nan			nan
32.3	32.8	-64.5	64.5	72.0	nan									7.0	0	0	0	0	0.39	0.27	0.0	0.48	0.63	0.0	1576004086.096794	39.0	27.0	0.0	48.0	63.0	0.0	537	567	624	472	477	nan			nan	633	564	518	629	553	nan			nan
32.3	32.8	-64.5	64.5	72.0	nan									7.0	0	0	0	0	0.39	0.27	0.0	0.48	0.63	0.0	1576004086.2028682	39.0	27.0	0.0	48.0	63.0	0.0	537	567	624	472	477	nan			nan	633	564	518	629	553	nan			nan
32.2	33.0	-64.4	64.4	72.1	nan									6.2999999999999998	0	0	0	0	0.39	0.27	0.0	0.48	0.63	0.0	1576004086.307139	39.0	27.0	0.0	48.0	63.0	0.0	537	567	624	472	477	nan			nan	633	564	518	629	554	nan			nan
32.2	33.0	-64.4	64.4	72.1	nan									6.2999999999999998	0	0	0	0	0.39	0.27	0.0	0.48	0.63	0.0	1576004086.4122775	39.0	27.0	0.0	48.0	63.0	0.0	537	567	624	472	477	nan			nan	633	564	518	629	554	nan			nan
32.2	33.0	-64.4	64.4	72.1	nan									6.2999999999999998	0	0	0	0	0.39	0.27	0.0	0.48	0.63	0.0	1576004086.5169253	39.0	27.0	0.0	48.0	63.0	0.0	537	567	624	472	477	nan			nan	633	564	518	629	554	nan			nan
32.2	33.0	-64.4	64.4	72.1	nan									6.2999999999999998	0	0	0	0	0.39	0.27	0.0	0.48	0.63	0.0	1576004086.6218987	39.0	27.0	0.0	48.0	63.0	0.0	537	567	624	472	477	nan			nan	633	564	518	629	554	nan			nan
32.4	33.0	-64.9	64.9	72.6	nan									6.2999999999999998	0	0	0	0	0.39	0.27	0.0	0.48	0.63	0.0	1576004086.7276506	39.0	27.0	0.0	48.0	63.0	0.0	537	567	624	472	477	nan			nan	633	564	518	629	554	nan			nan
32.4	33.0	-64.9	64.9	72.6	nan									6.2999999999999998	0	0	0	0	0.39	0.27	0.0	0.48	0.63	0.0	1576004086.831968	39.0	27.0	0.0	48.0	63.0	0.0	537	567	624	472	477	nan			nan	633	564	518	629	554	nan			nan
32.5	32.6	-65.0	65.0	72.2	nan									6.2999999999999998	0	0	0	0	0.39	0.27	0.0	0.48	0.63	0.0	1576004086.936323	39.0	27.0	0.0	48.0	63.0	0.0	537	567	624	472	477	nan			nan	633	564	518	629	554	nan			nan
32.5	32.6	-65.0	65.0	72.2	nan									6.2999999999999998	0	0	0	0	0.39	0.27	0.0	0.48	0.63	0.0	1576004087.040444	39.0	27.0	0.0	48.0	63.0	0.0	537	567	624	472	477	nan			nan	633	564	518	629	554	nan			nan
32.5	32.6	-65.0	65.0	72.2	nan									6.2999999999999998	0	0	0	0	0.39	0.27	0.0	0.48	0.63	0.0	1576004087.1447375	39.0	27.0	0.0	48.0	63.0	0.0	537	567	624	472	477	nan			nan	633	564	518	629	554	nan			nan
32.5	32.6	-65.0	65.0	72.2	nan									6.2999999999999998	1	1	1	1	0.39	0.27	0.0	0.48	0.63	0.0	1576004087.2493567	39.0	27.0	0.0	48.0	63.0	0.0	537	567	624	472	477	nan			nan	633	564	518	629	554	nan			nan
32.4	32.6	-65.1	65.1	72.4	nan									6.2999999999999998	1	1	1	1	0.39	0.27	0.0	0.48	0.63	0.0	1576004087.354028	39.0	27.0	0.0	48.0	63.0	0.0	537	567	624	472	477	nan			nan	633	564	518	629	554	nan			nan
32.4	32.6	-65.1	65.1	72.4	nan									6.2999999999999998	1	1	1	1	0.39	0.27	0.0	0.48	0.63	0.0	1576004087.458448	39.0	27.0	0.0	48.0	63.0	0.0	537	567	624	472	477	nan			nan	633	564	518	629	554	nan			nan
32.5	32.4	-65.0	65.0	72.4	nan									6.2999999999999998	0	1	1	0	0.39	0.27	0.0	0.48	0.63	0.0	1576004087.5625541	39.0	27.0	0.0	48.0	63.0	0.0	537	567	624	472	477	nan			nan	633	564	518	629	554	nan			nan
32.5	32.4	-65.0	65.0	72.4	nan									6.2999999999999998	0	1	1	0	0.39	0.27	0.0	0.48	0.63	0.0	1576004087.666813	39.0	27.0	0.0	48.0	63.0	0.0	537	567	624	472	477	nan			nan	633	564	518	629	554	nan			nan
32.6	32.7	-65.3	65.3	72.7	nan									6.2999999999999998	0	1	1	0	0.39	0.27	0.0	0.48	0.63	0.0	1576004087.7710013	39.0	27.0	0.0	48.0	63.0	0.0	537	567	624	472	477	nan			nan	633	564	518	629	554	nan			nan
32.6	32.7	-65.3	65.3	72.7	nan									6.2999999999999998	0	1	1	0	0.13	0.93	0.96	0.0	0.31	0.84	1576004087.875137	13.0	93.0	96.0	0.0	31.0	84.0	537	567	624	472	477	nan			nan	633	564	518	629	554	nan			nan
32.6	32.7	-65.3	65.3	72.7	nan									6.2999999999999998	0	1	1	0	0.13	0.93	0.96	0.0	0.31	0.84	1576004087.9799392	13.0	93.0	96.0	0.0	31.0	84.0	537	567	624	472	477	nan			nan	633	564	518	629	554	nan			nan
32.6	32.7	-65.3	65.3	72.7	nan									6.2999999999999998	0	1	1	0	0.13	0.93	0.96	0.0	0.31	0.84	1576004088.0845892	13.0	93.0	96.0	0.0	31.0	84.0	537	567	624	472	477	nan			nan	633	564	518	629	554	nan			nan
33.5	33.5	-64.6	64.6	71.9	nan									6.2999999999999998	0	1	1	0	0.13	0.93	0.96	0.0	0.31	0.84	1576004088.1897063	13.0	93.0	96.0	0.0	31.0	84.0	537	567	625	472	477	nan			nan	633	564	518	629	554	nan			nan
33.5	33.5	-64.6	64.6	71.9	nan									6.2999999999999998	0	1	1	0	0.13	0.93	0.96	0.0	0.31	0.84	1576004088.2940936	13.0	93.0	96.0	0.0	31.0	84.0	537	567	625	472	477	nan			nan	633	564	518	629	554	nan			nan
33.6	33.4	-64.8	64.8	71.8	nan									6.2999999999999998	0	1	1	0	0.13	0.93	0.96	0.0	0.31	0.84	1576004088.398266	13.0	93.0	96.0	0.0	31.0	84.0	537	567	626	472	477	nan			nan	633	564	518	629	554	nan			nan
33.6	33.4	-64.8	64.8	71.8	nan									6.2999999999999998	0	1	1	0	0.13	0.93	0.96	0.0	0.31	0.84	1576004088.502849	13.0	93.0	96.0	0.0	31.0	84.0	537	567	626	472	477	nan			nan	633	564	518	629	554	nan			nan
33.6	33.4	-64.8	64.8	71.8	nan									6.2999999999999998	0	1	1	0	0.13	0.93	0.96	0.0	0.31	0.84	1576004088.6077406	13.0	93.0	96.0	0.0	31.0	84.0	537	567	626	472	477	nan			nan	633	564	518	629	554	nan			nan
33.6	33.4	-64.8	64.8	71.8	nan									6.2999999999999998	0	1	1	0	0.13	0.93	0.96	0.0	0.31	0.84	1576004088.7119203	13.0	93.0	96.0	0.0	31.0	84.0	537	567	626	472	477	nan			nan	633	564	518	629	554	nan			nan
33.5	33.5	-64.6	64.6	71.8	nan									6.2999999999999998	0	1	1	0	0.13	0.93	0.96	0.0	0.31	0.84	1576004088.8173199	13.0	93.0	96.0	0.0	31.0	84.0	537	567	626	472	477	nan			nan	633	564	518	629	554	nan			nan
33.5	33.5	-64.6	64.6	71.8	nan									6.2999999999999998	0	1	1	0	0.13	0.93	0.96	0.0	0.31	0.84	1576004088.9215586	13.0	93.0	96.0	0.0	31.0	84.0	537	567	626	472	477	nan			nan	633	564	518	629	554	nan			nan
nan	nan	nan	nan	nan	nan									nan	0	1	1	0	0.13	0.93	0.96	0.0	0.31	0.84	1576004089.025589	13.0	93.0	96.0	0.0	31.0	84.0	nan	nan	626	472	nan	nan			nan	nan	nan	517	631	nan	nan			nan
nan	nan	nan	nan	nan	nan									nan	0	1	1	0	0.13	0.93	0.96	0.0	0.31	0.84	1576004089.1299093	13.0	93.0	96.0	0.0	31.0	84.0	nan	nan	626	472	nan	nan			nan	nan	nan	517	631	nan	nan			nan
nan	nan	nan	nan	nan	nan									nan	0	1	1	0	0.13	0.93	0.96	0.0	0.31	0.84	1576004089.2335856	13.0	93.0	96.0	0.0	31.0	84.0	nan	nan	626	472	nan	nan			nan	nan	nan	517	631	nan	nan			nan
nan	nan	nan	nan	nan	nan									nan	0	1	1	0	0.13	0.93	0.96	0.0	0.31	0.84	1576004089.3374894	13.0	93.0	96.0	0.0	31.0	84.0	nan	nan	626	472	nan	nan			nan	nan	nan	517	631	nan	nan			nan
nan	117.0	nan	nan	nan	nan									nan	0	1	1	0	0.13	0.93	0.96	0.0	0.31	0.84	1576004089.4413536	13.0	93.0	96.0	0.0	31.0	84.0	nan	617	626	471	nan	524			nan	nan	578	518	629	nan	510			nan
nan	117.0	nan	nan	nan	nan									nan	0	1	1	0	0.13	0.93	0.96	0.0	0.31	0.84	1576004089.5452988	13.0	93.0	96.0	0.0	31.0	84.0	nan	617	626	471	nan	524			nan	nan	578	518	629	nan	510			nan
10.4	123.7	102.3	-102.3	3.7	103.5									354.39999999999998	0	1	1	0	0.13	0.93	0.96	0.0	0.31	0.84	1576004089.6493	13.0	93.0	96.0	0.0	31.0	84.0	680	616	626	471	534	525			nan	618	577	518	628	585	512			nan
10.4	123.7	102.3	-102.3	3.7	103.5									354.39999999999998	0	1	1	0	0.13	0.93	0.96	0.0	0.31	0.84	1576004089.7536457	13.0	93.0	96.0	0.0	31.0	84.0	680	616	626	471	534	525			nan	618	577	518	628	585	512			nan
10.4	123.7	102.3	-102.3	3.7	103.5									354.39999999999998	1	1	1	1	0.13	0.93	0.96	0.0	0.31	0.84	1576004089.8581042	13.0	93.0	96.0	0.0	31.0	84.0	680	616	626	471	534	525			nan	618	577	518	628	585	512			nan
10.4	123.7	102.3	-102.3	3.7	103.5									354.39999999999998	1	1	1	1	0.13	0.93	0.96	0.0	0.31	0.84	1576004089.9629097	13.0	93.0	96.0	0.0	31.0	84.0	680	616	626	471	534	525			nan	618	577	518	628	585	512			nan
8.9	126.8	105.0	-105.0	3.0	104.3									354.39999999999998	1	1	1	1	0.13	0.93	0.96	0.0	0.31	0.84	1576004090.067182	13.0	93.0	96.0	0.0	31.0	84.0	680	616	626	471	535	525			nan	616	577	518	628	585	513			nan
8.9	126.8	105.0	-105.0	3.0	104.3									354.39999999999998	1	0	0	1	0.13	0.93	0.96	0.0	0.31	0.84	1576004090.1712656	13.0	93.0	96.0	0.0	31.0	84.0	680	616	626	471	535	525			nan	616	577	518	628	585	513			nan
9.5	127.0	105.8	-105.8	2.6	104.0									353.0	1	0	0	1	0.13	0.93	0.96	0.0	0.31	0.84	1576004090.2753835	13.0	93.0	96.0	0.0	31.0	84.0	681	616	626	471	535	525			nan	615	576	518	628	586	514			nan
9.5	127.0	105.8	-105.8	2.6	104.0									353.0	1	0	0	1	0.13	0.93	0.96	0.0	0.31	0.84	1576004090.3802404	13.0	93.0	96.0	0.0	31.0	84.0	681	616	626	471	535	525			nan	615	576	518	628	586	514			nan
9.5	127.0	105.8	-105.8	2.6	104.0									353.0	1	0	0	1	0.39	0.27	0.0	0.48	0.63	0.0	1576004090.4844298	39.0	27.0	0.0	48.0	63.0	0.0	681	616	626	471	535	525			nan	615	576	518	628	586	514			nan
9.5	127.0	105.8	-105.8	2.6	104.0									353.0	1	0	0	1	0.39	0.27	0.0	0.48	0.63	0.0	1576004090.5895154	39.0	27.0	0.0	48.0	63.0	0.0	681	616	626	471	535	525			nan	615	576	518	628	586	514			nan
9.4	126.7	105.7	-105.7	2.8	103.9									353.0	1	0	0	1	0.39	0.27	0.0	0.48	0.63	0.0	1576004090.6937342	39.0	27.0	0.0	48.0	63.0	0.0	681	616	626	471	535	525			nan	615	576	518	628	586	514			nan
9.4	126.7	105.7	-105.7	2.8	103.9									353.0	1	0	0	1	0.39	0.27	0.0	0.48	0.63	0.0	1576004090.7982197	39.0	27.0	0.0	48.0	63.0	0.0	681	616	626	471	535	525			nan	615	576	518	628	586	514			nan
9.1	126.5	105.7	-105.7	2.6	104.0									353.69999999999999	1	0	0	1	0.39	0.27	0.0	0.48	0.63	0.0	1576004090.9028194	39.0	27.0	0.0	48.0	63.0	0.0	681	616	626	471	535	525			nan	616	577	518	629	586	514			nan
9.1	126.5	105.7	-105.7	2.6	104.0									353.69999999999999	1	0	0	1	0.39	0.27	0.0	0.48	0.63	0.0	1576004091.00723	39.0	27.0	0.0	48.0	63.0	0.0	681	616	626	471	535	525			nan	616	577	518	629	586	514			nan
9.1	126.5	105.7	-105.7	2.6	104.0									353.69999999999999	1	0	0	1	0.39	0.27	0.0	0.48	0.63	0.0	1576004091.1112864	39.0	27.0	0.0	48.0	63.0	0.0	681	616	626	471	535	525			nan	616	577	518	629	586	514			nan
9.1	126.5	105.7	-105.7	2.6	104.0									353.69999999999999	1	0	0	1	0.39	0.27	0.0	0.48	0.63	0.0	1576004091.2158	39.0	27.0	0.0	48.0	63.0	0.0	681	616	626	471	535	525			nan	616	577	518	629	586	514			nan
5.1	132.1	106.3	-106.3	20.1	103.6									350.89999999999998	1	0	0	1	0.39	0.27	0.0	0.48	0.63	0.0	1576004091.3206608	39.0	27.0	0.0	48.0	63.0	0.0	681	617	625	469	536	526			nan	615	576	518	628	589	517			nan
5.1	132.1	106.3	-106.3	20.1	103.6									350.89999999999998	1	0	0	1	0.39	0.27	0.0	0.48	0.63	0.0	1576004091.4304955	39.0	27.0	0.0	48.0	63.0	0.0	681	617	625	469	536	526			nan	615	576	518	628	589	517			nan
9.8	128.0	nan	nan	nan	nan									nan	1	0	0	1	0.39	0.27	0.0	0.48	0.63	0.0	1576004091.535108	39.0	27.0	0.0	48.0	63.0	0.0	681	616	625	463	nan	nan			nan	616	576	518	626	nan	nan			nan
9.8	128.0	nan	nan	nan	nan									nan	1	0	0	1	0.39	0.27	0.0	0.48	0.63	0.0	1576004091.6395168	39.0	27.0	0.0	48.0	63.0	0.0	681	616	625	463	nan	nan			nan	616	576	518	626	nan	nan			nan
29.5	nan	47.8	-47.8	82.0	nan									343.10000000000002	1	0	0	1	0.39	0.27	0.0	0.48	0.63	0.0	1576004091.7434406	39.0	27.0	0.0	48.0	63.0	0.0	681	627	nan	471	535	nan			nan	615	565	nan	634	593	nan			nan
29.5	nan	47.8	-47.8	82.0	nan									343.10000000000002	1	0	0	1	0.39	0.27	0.0	0.48	0.63	0.0	1576004091.847931	39.0	27.0	0.0	48.0	63.0	0.0	681	627	nan	471	535	nan			nan	615	565	nan	634	593	nan			nan
29.5	nan	47.8	-47.8	82.0	nan									343.10000000000002	1	0	0	1	0.39	0.27	0.0	0.48	0.63	0.0	1576004091.9524853	39.0	27.0	0.0	48.0	63.0	0.0	681	627	nan	471	535	nan			nan	615	565	nan	634	593	nan			nan
29.5	nan	47.8	-47.8	82.0	nan									343.10000000000002	1	0	0	1	0.39	0.27	0.0	0.48	0.63	0.0	1576004092.0568156	39.0	27.0	0.0	48.0	63.0	0.0	681	627	nan	471	535	nan			nan	615	565	nan	634	593	nan			nan
nan	nan	nan	nan	nan	nan									nan	1	0	0	1	0.39	0.27	0.0	0.48	0.63	0.0	1576004092.160769	39.0	27.0	0.0	48.0	63.0	0.0	681	nan	nan	nan	nan	nan			nan	616	nan	nan	nan	nan	nan			nan
nan	nan	nan	nan	nan	nan									nan	1	0	0	1	0.39	0.27	0.0	0.48	0.63	0.0	1576004092.2646494	39.0	27.0	0.0	48.0	63.0	0.0	681	nan	nan	nan	nan	nan			nan	616	nan	nan	nan	nan	nan			nan
nan	38.8	-62.7	62.7	79.0	nan									349.5	1	0	0	1	0.39	0.27	0.0	0.48	0.63	0.0	1576004092.368782	39.0	27.0	0.0	48.0	63.0	0.0	nan	673	720	595	587	nan			nan	nan	551	493	641	567	nan			nan
nan	38.8	-62.7	62.7	79.0	nan									349.5	1	1	1	1	0.39	0.27	0.0	0.48	0.63	0.0	1576004092.4729204	39.0	27.0	0.0	48.0	63.0	0.0	nan	673	720	595	587	nan			nan	nan	551	493	641	567	nan			nan
nan	38.8	-62.7	62.7	79.0	nan									349.5	1	1	1	1	0.39	0.27	0.0	0.48	0.63	0.0	1576004092.577425	39.0	27.0	0.0	48.0	63.0	0.0	nan	673	720	595	587	nan			nan	nan	551	493	641	567	nan			nan
nan	38.8	-62.7	62.7	79.0	nan									349.5	1	1	1	1	0.39	0.27	0.0	0.48	0.63	0.0	1576004092.681488	39.0	27.0	0.0	48.0	63.0	0.0	nan	673	720	595	587	nan			nan	nan	551	493	641	567	nan			nan
77.1	38.3	-63.3	63.3	74.4	nan									349.5	0	1	1	0	0.39	0.27	0.0	0.48	0.63	0.0	1576004092.7859328	39.0	27.0	0.0	48.0	63.0	0.0	681	673	720	598	587	nan			nan	617	551	493	641	567	nan			nan
77.1	38.3	-63.3	63.3	74.4	nan									349.5	0	1	1	0	0.39	0.27	0.0	0.48	0.63	0.0	1576004092.890376	39.0	27.0	0.0	48.0	63.0	0.0	681	673	720	598	587	nan			nan	617	551	493	641	567	nan			nan
76.4	39.6	-63.2	63.2	71.0	nan									349.5	0	1	1	0	0.39	0.27	0.0	0.48	0.63	0.0	1576004092.9948416	39.0	27.0	0.0	48.0	63.0	0.0	681	673	719	599	587	nan			nan	617	551	493	641	567	nan			nan
76.4	39.6	-63.2	63.2	71.0	nan									349.5	0	1	1	0	0.13	0.93	0.96	0.0	0.31	0.84	1576004093.099468	13.0	93.0	96.0	0.0	31.0	84.0	681	673	719	599	587	nan			nan	617	551	493	641	567	nan			nan
76.4	39.6	-63.2	63.2	71.0	nan									349.5	0	1	1	0	0.13	0.93	0.96	0.0	0.31	0.84	1576004093.2037969	13.0	93.0	96.0	0.0	31.0	84.0	681	673	719	599	587	nan			nan	617	551	493	641	567	nan			nan
76.4	39.6	-63.2	63.2	71.0	nan									349.5	0	1	1	0	0.13	0.93	0.96	0.0	0.31	0.84	1576004093.3080473	13.0	93.0	96.0	0.0	31.0	84.0	681	673	719	599	587	nan			nan	617	551	493	641	567	nan			nan
77.0	39.1	-64.0	64.0	71.4	nan									349.5	0	1	1	0	0.13	0.93	0.96	0.0	0.31	0.84	1576004093.4124067	13.0	93.0	96.0	0.0	31.0	84.0	681	673	719	600	587	nan			nan	617	551	493	641	567	nan			nan
77.0	39.1	-64.0	64.0	71.4	nan									349.5	0	1	1	0	0.13	0.93	0.96	0.0	0.31	0.84	1576004093.5169418	13.0	93.0	96.0	0.0	31.0	84.0	681	673	719	600	587	nan			nan	617	551	493	641	567	nan			nan
77.2	39.1	-63.2	63.2	70.9	nan									349.5	0	1	1	0	0.13	0.93	0.96	0.0	0.31	0.84	1576004093.6211922	13.0	93.0	96.0	0.0	31.0	84.0	681	673	720	600	587	nan			nan	617	551	493	641	567	nan			nan
77.2	39.1	-63.2	63.2	70.9	nan									349.5	0	1	1	0	0.13	0.93	0.96	0.0	0.31	0.84	1576004093.725727	13.0	93.0	96.0	0.0	31.0	84.0	681	673	720	600	587	nan			nan	617	551	493	641	567	nan			nan
77.2	39.1	-63.2	63.2	70.9	nan									349.5	0	1	1	0	0.13	0.93	0.96	0.0	0.31	0.84	1576004093.8343139	13.0	93.0	96.0	0.0	31.0	84.0	681	673	720	600	587	nan			nan	617	551	493	641	567	nan			nan
77.2	39.1	-63.2	63.2	70.9	nan									349.5	0	1	1	0	0.13	0.93	0.96	0.0	0.31	0.84	1576004093.938658	13.0	93.0	96.0	0.0	31.0	84.0	681	673	720	600	587	nan			nan	617	551	493	641	567	nan			nan
nan	41.2	-57.9	57.9	68.9	nan									350.30000000000001	0	1	1	0	0.13	0.93	0.96	0.0	0.31	0.84	1576004094.045336	13.0	93.0	96.0	0.0	31.0	84.0	nan	675	720	600	587	nan			nan	nan	552	493	641	567	nan			nan
nan	41.2	-57.9	57.9	68.9	nan									350.30000000000001	0	1	1	0	0.13	0.93	0.96	0.0	0.31	0.84	1576004094.1494956	13.0	93.0	96.0	0.0	31.0	84.0	nan	675	720	600	587	nan			nan	nan	552	493	641	567	nan			nan
nan	121.4	94.4	-94.4	nan	89.3									339.60000000000002	0	1	1	0	0.13	0.93	0.96	0.0	0.31	0.84	1576004094.2541294	13.0	93.0	96.0	0.0	31.0	84.0	nan	725	721	nan	647	624			nan	nan	553	493	nan	582	510			nan
nan	121.4	94.4	-94.4	nan	89.3									339.60000000000002	0	1	1	0	0.13	0.93	0.96	0.0	0.31	0.84	1576004094.3584769	13.0	93.0	96.0	0.0	31.0	84.0	nan	725	721	nan	647	624			nan	nan	553	493	nan	582	510			nan
nan	121.4	94.4	-94.4	nan	89.3									339.60000000000002	0	1	1	0	0.13	0.93	0.96	0.0	0.31	0.84	1576004094.4629297	13.0	93.0	96.0	0.0	31.0	84.0	nan	725	721	nan	647	624			nan	nan	553	493	nan	582	510			nan
nan	121.4	94.4	-94.4	nan	89.3									339.60000000000002	0	1	1	0	0.13	0.93	0.96	0.0	0.31	0.84	1576004094.5674632	13.0	93.0	96.0	0.0	31.0	84.0	nan	725	721	nan	647	624			nan	nan	553	493	nan	582	510			nan
10.4	127.3	nan	nan	nan	nan									nan	0	1	1	0	0.13	0.93	0.96	0.0	0.31	0.84	1576004094.6717348	13.0	93.0	96.0	0.0	31.0	84.0	793	723	720	nan	nan	617			nan	580	553	493	nan	nan	514			nan
10.4	127.3	nan	nan	nan	nan									nan	0	1	1	0	0.13	0.93	0.96	0.0	0.31	0.84	1576004094.775427	13.0	93.0	96.0	0.0	31.0	84.0	793	723	720	nan	nan	617			nan	580	553	493	nan	nan	514			nan
10.4	127.3	nan	nan	nan	nan									nan	0	1	1	0	0.13	0.93	0.96	0.0	0.31	0.84	1576004094.8790543	13.0	93.0	96.0	0.0	31.0	84.0	793	723	720	nan	nan	617			nan	580	553	493	nan	nan	514			nan
10.4	127.3	nan	nan	nan	nan									nan	0	1	1	0	0.13	0.93	0.96	0.0	0.31	0.84	1576004094.9828053	13.0	93.0	96.0	0.0	31.0	84.0	793	723	720	nan	nan	617			nan	580	553	493	nan	nan	514			nan
10.4	132.0	103.2	-103.2	nan	103.3									338.19999999999999	1	1	1	1	0.13	0.93	0.96	0.0	0.31	0.84	1576004095.0867982	13.0	93.0	96.0	0.0	31.0	84.0	794	722	720	nan	647	619			nan	574	552	493	nan	582	515			nan
10.4	132.0	103.2	-103.2	nan	103.3									338.19999999999999	1	1	1	1	0.13	0.93	0.96	0.0	0.31	0.84	1576004095.191142	13.0	93.0	96.0	0.0	31.0	84.0	794	722	720	nan	647	619			nan	574	552	493	nan	582	515			nan
9.9	132.7	104.4	-104.4	3.1	103.5									337.5	1	1	1	1	0.13	0.93	0.96	0.0	0.31	0.84	1576004095.2953691	13.0	93.0	96.0	0.0	31.0	84.0	794	722	721	599	647	619			nan	572	551	493	641	582	516			nan
9.9	132.7	104.4	-104.4	3.1	103.5									337.5	1	0	0	1	0.13	0.93	0.96	0.0	0.31	0.84	1576004095.3997927	13.0	93.0	96.0	0.0	31.0	84.0	794	722	721	599	647	619			nan	572	551	493	641	582	516			nan
9.9	132.7	104.4	-104.4	3.1	103.5									337.5	1	0	0	1	0.13	0.93	0.96	0.0	0.31	0.84	1576004095.5044231	13.0	93.0	96.0	0.0	31.0	84.0	794	722	721	599	647	619			nan	572	551	493	641	582	516			nan
9.9	132.7	104.4	-104.4	3.1	103.5									337.5	1	0	0	1	0.13	0.93	0.96	0.0	0.31	0.84	1576004095.6101403	13.0	93.0	96.0	0.0	31.0	84.0	794	722	721	599	647	619			nan	572	551	493	641	582	516			nan
10.8	133.5	nan	nan	nan	nan									nan	1	0	0	1	0.39	0.27	0.0	0.48	0.63	0.0	1576004095.714447	39.0	27.0	0.0	48.0	63.0	0.0	794	722	720	nan	nan	619			nan	571	551	493	nan	nan	516			nan
10.8	133.5	nan	nan	nan	nan									nan	1	0	0	1	0.39	0.27	0.0	0.48	0.63	0.0	1576004095.8183	39.0	27.0	0.0	48.0	63.0	0.0	794	722	720	nan	nan	619			nan	571	551	493	nan	nan	516			nan
9.9	134.0	105.1	-105.1	3.5	104.7									336.60000000000002	1	0	0	1	0.39	0.27	0.0	0.48	0.63	0.0	1576004095.9224453	39.0	27.0	0.0	48.0	63.0	0.0	795	722	721	599	648	619			nan	571	551	493	641	583	516			nan
9.9	134.0	105.1	-105.1	3.5	104.7									336.60000000000002	1	0	0	1	0.39	0.27	0.0	0.48	0.63	0.0	1576004096.0274432	39.0	27.0	0.0	48.0	63.0	0.0	795	722	721	599	648	619			nan	571	551	493	641	583	516			nan
7.1	138.6	105.8	-105.8	18.6	105.1									334.10000000000002	1	0	0	1	0.39	0.27	0.0	0.48	0.63	0.0	1576004096.1325243	39.0	27.0	0.0	48.0	63.0	0.0	795	722	720	598	650	620			nan	571	550	494	641	585	519			nan
7.1	138.6	105.8	-105.8	18.6	105.1									334.10000000000002	1	0	0	1	0.39	0.27	0.0	0.48	0.63	0.0	1576004096.237632	39.0	27.0	0.0	48.0	63.0	0.0	795	722	720	598	650	620			nan	571	550	494	641	585	519			nan
7.1	138.6	105.8	-105.8	18.6	105.1									334.10000000000002	1	0	0	1	0.39	0.27	0.0	0.48	0.63	0.0	1576004096.3420215	39.0	27.0	0.0	48.0	63.0	0.0	795	722	720	598	650	620			nan	571	550	494	641	585	519			nan
7.1	138.6	105.8	-105.8	18.6	105.1									334.10000000000002	1	0	0	1	0.39	0.27	0.0	0.48	0.63	0.0	1576004096.447133	39.0	27.0	0.0	48.0	63.0	0.0	795	722	720	598	650	620			nan	571	550	494	641	585	519			nan
8.5	137.9	102.7	-102.7	31.5	94.1									333.69999999999999	1	0	0	1	0.39	0.27	0.0	0.48	0.63	0.0	1576004096.5513842	39.0	27.0	0.0	48.0	63.0	0.0	795	722	719	593	649	621			nan	571	551	494	640	587	518			nan
8.5	137.9	102.7	-102.7	31.5	94.1									333.69999999999999	1	0	0	1	0.39	0.27	0.0	0.48	0.63	0.0	1576004096.6571958	39.0	27.0	0.0	48.0	63.0	0.0	795	722	719	593	649	621			nan	571	551	494	640	587	518			nan
23.1	73.6	69.5	-69.5	64.9	63.9									329.5	1	0	0	1	0.39	0.27	0.0	0.48	0.63	0.0	1576004096.7615466	39.0	27.0	0.0	48.0	63.0	0.0	795	726	697	593	648	620			nan	571	543	478	642	589	516			nan
23.1	73.6	69.5	-69.5	64.9	63.9									329.5	1	0	0	1	0.39	0.27	0.0	0.48	0.63	0.0	1576004096.8656943	39.0	27.0	0.0	48.0	63.0	0.0	795	726	697	593	648	620			nan	571	543	478	642	589	516			nan
55.1	nan	nan	nan	nan	nan									nan	1	0	0	1	0.39	0.27	0.0	0.48	0.63	0.0	1576004096.9701478	39.0	27.0	0.0	48.0	63.0	0.0	795	750	nan	nan	nan	620			nan	572	516	nan	nan	nan	517			nan
55.1	nan	nan	nan	nan	nan									nan	1	0	0	1	0.39	0.27	0.0	0.48	0.63	0.0	1576004097.0735476	39.0	27.0	0.0	48.0	63.0	0.0	795	750	nan	nan	nan	620			nan	572	516	nan	nan	nan	517			nan
74.6	39.5	-56.8	56.8	80.8	3.6									330.80000000000001	1	0	0	1	0.39	0.27	0.0	0.48	0.63	0.0	1576004097.1779778	39.0	27.0	0.0	48.0	63.0	0.0	795	767	792	711	690	620			nan	572	511	441	626	554	518			nan
74.6	39.5	-56.8	56.8	80.8	3.6									330.80000000000001	1	0	0	1	0.39	0.27	0.0	0.48	0.63	0.0	1576004097.2823126	39.0	27.0	0.0	48.0	63.0	0.0	795	767	792	711	690	620			nan	572	511	441	626	554	518			nan
74.6	39.5	-56.8	56.8	80.8	3.6									330.80000000000001	1	0	0	1	0.39	0.27	0.0	0.48	0.63	0.0	1576004097.3866146	39.0	27.0	0.0	48.0	63.0	0.0	795	767	792	711	690	620			nan	572	511	441	626	554	518			nan
74.6	39.5	-56.8	56.8	80.8	3.6									330.80000000000001	1	0	0	1	0.39	0.27	0.0	0.48	0.63	0.0	1576004097.491182	39.0	27.0	0.0	48.0	63.0	0.0	795	767	792	711	690	620			nan	572	511	441	626	554	518			nan
74.6	39.5	-56.8	56.8	80.8	3.6									330.80000000000001	1	0	0	1	0.39	0.27	0.0	0.48	0.63	0.0	1576004097.5956838	39.0	27.0	0.0	48.0	63.0	0.0	795	767	792	711	690	620			nan	572	511	441	626	554	518			nan
74.6	39.5	-56.8	56.8	80.8	3.6									330.80000000000001	1	1	1	1	0.39	0.27	0.0	0.48	0.63	0.0	1576004097.7002025	39.0	27.0	0.0	48.0	63.0	0.0	795	767	792	711	690	620			nan	572	511	441	626	554	518			nan
75.7	38.4	-58.1	58.1	76.8	3.1									330.80000000000001	1	1	1	1	0.39	0.27	0.0	0.48	0.63	0.0	1576004097.8051853	39.0	27.0	0.0	48.0	63.0	0.0	795	767	791	714	690	620			nan	572	511	441	624	554	518			nan
75.7	38.4	-58.1	58.1	76.8	3.1									330.80000000000001	1	1	1	1	0.39	0.27	0.0	0.48	0.63	0.0	1576004097.9092598	39.0	27.0	0.0	48.0	63.0	0.0	795	767	791	714	690	620			nan	572	511	441	624	554	518			nan
75.7	38.4	-58.1	58.1	76.8	3.1									330.80000000000001	0	1	1	0	0.39	0.27	0.0	0.48	0.63	0.0	1576004098.0145812	39.0	27.0	0.0	48.0	63.0	0.0	795	767	791	714	690	620			nan	572	511	441	624	554	518			nan
75.7	38.4	-58.1	58.1	76.8	3.1									330.80000000000001	0	1	1	0	0.39	0.27	0.0	0.48	0.63	0.0	1576004098.1187232	39.0	27.0	0.0	48.0	63.0	0.0	795	767	791	714	690	620			nan	572	511	441	624	554	518			nan
75.5	39.2	-57.3	57.3	72.0	3.4									330.80000000000001	0	1	1	0	0.39	0.27	0.0	0.48	0.63	0.0	1576004098.2231503	39.0	27.0	0.0	48.0	63.0	0.0	795	767	791	717	690	620			nan	572	511	441	624	554	518			nan
75.5	39.2	-57.3	57.3	72.0	3.4									330.80000000000001	0	1	1	0	0.13	0.93	0.96	0.0	0.31	0.84	1576004098.327823	13.0	93.0	96.0	0.0	31.0	84.0	795	767	791	717	690	620			nan	572	511	441	624	554	518			nan
75.4	39.1	-57.4	57.4	71.8	3.3									330.80000000000001	0	1	1	0	0.13	0.93	0.96	0.0	0.31	0.84	1576004098.4322357	13.0	93.0	96.0	0.0	31.0	84.0	795	767	791	717	690	620			nan	572	511	441	624	554	518			nan
75.4	39.1	-57.4	57.4	71.8	3.3									330.80000000000001	0	1	1	0	0.13	0.93	0.96	0.0	0.31	0.84	1576004098.536633	13.0	93.0	96.0	0.0	31.0	84.0	795	767	791	717	690	620			nan	572	511	441	624	554	518			nan
75.4	39.1	-57.4	57.4	71.8	3.3									330.80000000000001	0	1	1	0	0.13	0.93	0.96	0.0	0.31	0.84	1576004098.6421254	13.0	93.0	96.0	0.0	31.0	84.0	795	767	791	717	690	620			nan	572	511	441	624	554	518			nan
75.4	39.1	-57.4	57.4	71.8	3.3									330.80000000000001	0	1	1	0	0.13	0.93	0.96	0.0	0.31	0.84	1576004098.746742	13.0	93.0	96.0	0.0	31.0	84.0	795	767	791	717	690	620			nan	572	511	441	624	554	518			nan
74.6	40.2	-57.0	57.0	72.1	3.1									330.80000000000001	0	1	1	0	0.13	0.93	0.96	0.0	0.31	0.84	1576004098.854347	13.0	93.0	96.0	0.0	31.0	84.0	795	767	792	717	690	620			nan	572	511	441	624	554	518			nan
74.6	40.2	-57.0	57.0	72.1	3.1									330.80000000000001	0	1	1	0	0.13	0.93	0.96	0.0	0.31	0.84	1576004098.9587674	13.0	93.0	96.0	0.0	31.0	84.0	795	767	792	717	690	620			nan	572	511	441	624	554	518			nan
48.3	44.0	-50.6	50.6	70.3	5.0									332.0	0	1	1	0	0.13	0.93	0.96	0.0	0.31	0.84	1576004099.0679002	13.0	93.0	96.0	0.0	31.0	84.0	800	769	792	717	690	619			nan	577	512	441	624	554	518			nan
48.3	44.0	-50.6	50.6	70.3	5.0									332.0	0	1	1	0	0.13	0.93	0.96	0.0	0.31	0.84	1576004099.1723928	13.0	93.0	96.0	0.0	31.0	84.0	800	769	792	717	690	619			nan	577	512	441	624	554	518			nan
48.3	44.0	-50.6	50.6	70.3	5.0									332.0	0	1	1	0	0.13	0.93	0.96	0.0	0.31	0.84	1576004099.2769415	13.0	93.0	96.0	0.0	31.0	84.0	800	769	792	717	690	619			nan	577	512	441	624	554	518			nan
48.3	44.0	-50.6	50.6	70.3	5.0									332.0	0	1	1	0	0.13	0.93	0.96	0.0	0.31	0.84	1576004099.3813825	13.0	93.0	96.0	0.0	31.0	84.0	800	769	792	717	690	619			nan	577	512	441	624	554	518			nan
21.7	54.8	-28.7	28.7	54.1	27.8									334.5	0	1	1	0	0.13	0.93	0.96	0.0	0.31	0.84	1576004099.4860125	13.0	93.0	96.0	0.0	31.0	84.0	802	776	792	717	690	618			nan	582	512	441	625	553	517			nan
21.7	54.8	-28.7	28.7	54.1	27.8									334.5	0	1	1	0	0.13	0.93	0.96	0.0	0.31	0.84	1576004099.5907223	13.0	93.0	96.0	0.0	31.0	84.0	802	776	792	717	690	618			nan	582	512	441	625	553	517			nan
nan	120.4	88.9	-88.9	12.6	90.9									321.19999999999999	0	1	1	0	0.13	0.93	0.96	0.0	0.31	0.84	1576004099.6954777	13.0	93.0	96.0	0.0	31.0	84.0	nan	809	792	717	743	696			nan	nan	499	441	624	552	494			nan
nan	120.4	88.9	-88.9	12.6	90.9									321.19999999999999	0	1	1	0	0.13	0.93	0.96	0.0	0.31	0.84	1576004099.7995918	13.0	93.0	96.0	0.0	31.0	84.0	nan	809	792	717	743	696			nan	nan	499	441	624	552	494			nan
nan	120.4	88.9	-88.9	12.6	90.9									321.19999999999999	0	1	1	0	0.13	0.93	0.96	0.0	0.31	0.84	1576004099.9036689	13.0	93.0	96.0	0.0	31.0	84.0	nan	809	792	717	743	696			nan	nan	499	441	624	552	494			nan
nan	120.4	88.9	-88.9	12.6	90.9									321.19999999999999	0	1	1	0	0.13	0.93	0.96	0.0	0.31	0.84	1576004100.008115	13.0	93.0	96.0	0.0	31.0	84.0	nan	809	792	717	743	696			nan	nan	499	441	624	552	494			nan
11.9	128.1	94.6	-94.6	12.3	102.7									319.89999999999998	0	1	1	0	0.13	0.93	0.96	0.0	0.31	0.84	1576004100.1139932	13.0	93.0	96.0	0.0	31.0	84.0	883	807	792	717	744	695			nan	503	499	441	624	552	500			nan
11.9	128.1	94.6	-94.6	12.3	102.7									319.89999999999998	0	1	1	0	0.13	0.93	0.96	0.0	0.31	0.84	1576004100.2186134	13.0	93.0	96.0	0.0	31.0	84.0	883	807	792	717	744	695			nan	503	499	441	624	552	500			nan
11.4	nan	97.1	-97.1	12.0	103.0									318.0	1	1	1	1	0.13	0.93	0.96	0.0	0.31	0.84	1576004100.3233912	13.0	93.0	96.0	0.0	31.0	84.0	882	806	nan	717	746	695			nan	498	499	nan	624	553	501			nan
11.4	nan	97.1	-97.1	12.0	103.0									318.0	1	1	1	1	0.13	0.93	0.96	0.0	0.31	0.84	1576004100.4279723	13.0	93.0	96.0	0.0	31.0	84.0	882	806	nan	717	746	695			nan	498	499	nan	624	553	501			nan
11.4	nan	97.1	-97.1	12.0	103.0									318.0	1	1	1	1	0.13	0.93	0.96	0.0	0.31	0.84	1576004100.5332377	13.0	93.0	96.0	0.0	31.0	84.0	882	806	nan	717	746	695			nan	498	499	nan	624	553	501			nan
11.4	nan	97.1	-97.1	12.0	103.0									318.0	1	0	0	1	0.13	0.93	0.96	0.0	0.31	0.84	1576004100.6388903	13.0	93.0	96.0	0.0	31.0	84.0	882	806	nan	717	746	695			nan	498	499	nan	624	553	501			nan
10.7	132.7	98.6	-98.6	12.2	102.8									317.5	1	0	0	1	0.13	0.93	0.96	0.0	0.31	0.84	1576004100.74383	13.0	93.0	96.0	0.0	31.0	84.0	882	806	793	717	746	696			nan	497	498	441	624	553	501			nan
10.5	132.4	98.9	-98.9	11.9	103.0									318.0	1	0	0	1	0.13	0.93	0.96	0.0	0.31	0.84	1576004100.8489726	13.0	93.0	96.0	0.0	31.0	84.0	882	807	793	717	746	696			nan	497	498	441	624	553	500			nan
10.5	132.4	98.9	-98.9	11.9	103.0									318.0	1	0	0	1	0.39	0.27	0.0	0.48	0.63	0.0	1576004100.9536817	39.0	27.0	0.0	48.0	63.0	0.0	882	807	793	717	746	696			nan	497	498	441	624	553	500			nan
10.5	132.4	98.9	-98.9	11.9	103.0									318.0	1	0	0	1	0.39	0.27	0.0	0.48	0.63	0.0	1576004101.0612278	39.0	27.0	0.0	48.0	63.0	0.0	882	807	793	717	746	696			nan	497	498	441	624	553	500			nan
10.5	132.4	98.9	-98.9	11.9	103.0									318.0	1	0	0	1	0.39	0.27	0.0	0.48	0.63	0.0	1576004101.1677935	39.0	27.0	0.0	48.0	63.0	0.0	882	807	793	717	746	696			nan	497	498	441	624	553	500			nan
10.5	nan	98.3	-98.3	12.0	103.2									318.0	1	0	0	1	0.39	0.27	0.0	0.48	0.63	0.0	1576004101.2732942	39.0	27.0	0.0	48.0	63.0	0.0	882	807	nan	717	746	696			nan	497	498	nan	624	553	500			nan
10.5	nan	98.3	-98.3	12.0	103.2									318.0	1	0	0	1	0.39	0.27	0.0	0.48	0.63	0.0	1576004101.3774285	39.0	27.0	0.0	48.0	63.0	0.0	882	807	nan	717	746	696			nan	497	498	nan	624	553	500			nan
7.0	139.3	100.9	-100.9	17.6	107.0									317.0	1	0	0	1	0.39	0.27	0.0	0.48	0.63	0.0	1576004101.4839618	39.0	27.0	0.0	48.0	63.0	0.0	882	807	792	717	748	697			nan	497	498	442	623	553	502			nan
7.0	139.3	100.9	-100.9	17.6	107.0									317.0	1	0	0	1	0.39	0.27	0.0	0.48	0.63	0.0	1576004101.5887253	39.0	27.0	0.0	48.0	63.0	0.0	882	807	792	717	748	697			nan	497	498	442	623	553	502			nan
7.0	139.3	100.9	-100.9	17.6	107.0									317.0	1	0	0	1	0.39	0.27	0.0	0.48	0.63	0.0	1576004101.692954	39.0	27.0	0.0	48.0	63.0	0.0	882	807	792	717	748	697			nan	497	498	442	623	553	502			nan
7.0	139.3	100.9	-100.9	17.6	107.0									317.0	1	0	0	1	0.39	0.27	0.0	0.48	0.63	0.0	1576004101.797184	39.0	27.0	0.0	48.0	63.0	0.0	882	807	792	717	748	697			nan	497	498	442	623	553	502			nan
5.8	143.2	102.2	-102.2	28.2	103.9									315.5	1	0	0	1	0.39	0.27	0.0	0.48	0.63	0.0	1576004101.9017124	39.0	27.0	0.0	48.0	63.0	0.0	882	806	791	713	749	699			nan	497	498	445	623	554	503			nan
5.8	143.2	102.2	-102.2	28.2	103.9									315.5	1	0	0	1	0.39	0.27	0.0	0.48	0.63	0.0	1576004102.0064614	39.0	27.0	0.0	48.0	63.0	0.0	882	806	791	713	749	699			nan	497	498	445	623	554	503			nan
24.2	74.2	62.4	-62.4	70.3	62.2									311.0	1	0	0	1	0.39	0.27	0.0	0.48	0.63	0.0	1576004102.1106281	39.0	27.0	0.0	48.0	63.0	0.0	882	808	763	714	748	698			nan	497	489	434	626	558	499			nan
24.2	74.2	62.4	-62.4	70.3	62.2									311.0	1	0	0	1	0.39	0.27	0.0	0.48	0.63	0.0	1576004102.214868	39.0	27.0	0.0	48.0	63.0	0.0	882	808	763	714	748	698			nan	497	489	434	626	558	499			nan
24.2	74.2	62.4	-62.4	70.3	62.2									311.0	1	0	0	1	0.39	0.27	0.0	0.48	0.63	0.0	1576004102.319238	39.0	27.0	0.0	48.0	63.0	0.0	882	808	763	714	748	698			nan	497	489	434	626	558	499			nan
24.2	74.2	62.4	-62.4	70.3	62.2									311.0	1	0	0	1	0.39	0.27	0.0	0.48	0.63	0.0	1576004102.4233487	39.0	27.0	0.0	48.0	63.0	0.0	882	808	763	714	748	698			nan	497	489	434	626	558	499			nan
56.4	nan	nan	nan	nan	nan									nan	1	0	0	1	0.39	0.27	0.0	0.48	0.63	0.0	1576004102.527202	39.0	27.0	0.0	48.0	63.0	0.0	883	825	nan	nan	nan	698			nan	498	456	nan	nan	nan	500			nan
56.4	nan	nan	nan	nan	nan									nan	1	0	0	1	0.39	0.27	0.0	0.48	0.63	0.0	1576004102.6315904	39.0	27.0	0.0	48.0	63.0	0.0	883	825	nan	nan	nan	698			nan	498	456	nan	nan	nan	500			nan
71.0	40.2	-52.6	52.6	81.8	8.1									312.69999999999999	1	0	0	1	0.39	0.27	0.0	0.48	0.63	0.0	1576004102.737147	39.0	27.0	0.0	48.0	63.0	0.0	882	836	835	815	776	699			nan	498	449	373	577	514	500			nan
71.0	40.2	-52.6	52.6	81.8	8.1									312.69999999999999	1	0	0	1	0.39	0.27	0.0	0.48	0.63	0.0	1576004102.8416905	39.0	27.0	0.0	48.0	63.0	0.0	882	836	835	815	776	699			nan	498	449	373	577	514	500			nan
72.0	39.3	-53.5	53.5	74.4	7.9									313.19999999999999	1	1	1	1	0.39	0.27	0.0	0.48	0.63	0.0	1576004102.946041	39.0	27.0	0.0	48.0	63.0	0.0	883	836	836	818	776	699			nan	498	449	373	575	513	500			nan
72.0	39.3	-53.5	53.5	74.4	7.9									313.19999999999999	1	1	1	1	0.39	0.27	0.0	0.48	0.63	0.0	1576004103.0507414	39.0	27.0	0.0	48.0	63.0	0.0	883	836	836	818	776	699			nan	498	449	373	575	513	500			nan
72.0	39.3	-53.5	53.5	74.4	7.9									313.19999999999999	1	1	1	1	0.39	0.27	0.0	0.48	0.63	0.0	1576004103.1555376	39.0	27.0	0.0	48.0	63.0	0.0	883	836	836	818	776	699			nan	498	449	373	575	513	500			nan
72.0	39.3	-53.5	53.5	74.4	7.9									313.19999999999999	0	1	1	0	0.39	0.27	0.0	0.48	0.63	0.0	1576004103.260402	39.0	27.0	0.0	48.0	63.0	0.0	883	836	836	818	776	699			nan	498	449	373	575	513	500			nan
72.1	39.8	-51.9	51.9	70.1	9.6									313.19999999999999	0	1	1	0	0.39	0.27	0.0	0.48	0.63	0.0	1576004103.3649561	39.0	27.0	0.0	48.0	63.0	0.0	882	836	836	819	776	699			nan	498	449	373	575	513	500			nan
72.1	39.8	-51.9	51.9	70.1	9.6									313.19999999999999	0	1	1	0	0.13	0.93	0.96	0.0	0.31	0.84	1576004103.4720132	39.0	27.0	0.0	48.0	63.0	0.0	882	836	836	819	776	699			nan	498	449	373	575	513	500			nan
72.1	40.0	-52.3	52.3	70.6	9.0									313.19999999999999	0	1	1	0	0.13	0.93	0.96	0.0	0.31	0.84	1576004103.5763628	13.0	93.0	96.0	0.0	31.0	84.0	882	836	836	820	776	699			nan	498	449	373	575	513	500			nan
72.1	40.0	-52.3	52.3	70.6	9.0									313.19999999999999	0	1	1	0	0.13	0.93	0.96	0.0	0.31	0.84	1576004103.685728	13.0	93.0	96.0	0.0	31.0	84.0	882	836	836	820	776	699			nan	498	449	373	575	513	500			nan
71.9	41.1	-52.5	52.5	72.0	8.8									313.19999999999999	0	1	1	0	0.13	0.93	0.96	0.0	0.31	0.84	1576004103.790461	13.0	93.0	96.0	0.0	31.0	84.0	883	836	836	820	776	699			nan	498	449	372	575	513	500			nan
71.9	41.1	-52.5	52.5	72.0	8.8									313.19999999999999	0	1	1	0	0.13	0.93	0.96	0.0	0.31	0.84	1576004103.8948436	13.0	93.0	96.0	0.0	31.0	84.0	883	836	836	820	776	699			nan	498	449	372	575	513	500			nan
71.9	41.1	-52.5	52.5	72.0	8.8									313.19999999999999	0	1	1	0	0.13	0.93	0.96	0.0	0.31	0.84	1576004103.9990005	13.0	93.0	96.0	0.0	31.0	84.0	883	836	836	820	776	699			nan	498	449	372	575	513	500			nan
71.9	41.1	-52.5	52.5	72.0	8.8									313.19999999999999	0	1	1	0	0.13	0.93	0.96	0.0	0.31	0.84	1576004104.1032653	13.0	93.0	96.0	0.0	31.0	84.0	883	836	836	820	776	699			nan	498	449	372	575	513	500			nan
47.9	44.9	-46.7	46.7	70.4	9.2									314.5	0	1	1	0	0.13	0.93	0.96	0.0	0.31	0.84	1576004104.2075312	13.0	93.0	96.0	0.0	31.0	84.0	888	839	836	820	776	698			nan	501	449	372	575	513	502			nan
47.9	44.9	-46.7	46.7	70.4	9.2									314.5	0	1	1	0	0.13	0.93	0.96	0.0	0.31	0.84	1576004104.3120947	13.0	93.0	96.0	0.0	31.0	84.0	888	839	836	820	776	698			nan	501	449	372	575	513	502			nan
16.4	58.7	-19.6	19.6	52.2	35.7									316.30000000000001	0	1	1	0	0.13	0.93	0.96	0.0	0.31	0.84	1576004104.416413	13.0	93.0	96.0	0.0	31.0	84.0	894	846	836	820	777	698			nan	504	446	372	575	512	499			nan
16.4	58.7	-19.6	19.6	52.2	35.7									316.30000000000001	0	1	1	0	0.13	0.93	0.96	0.0	0.31	0.84	1576004104.5206945	13.0	93.0	96.0	0.0	31.0	84.0	894	846	836	820	777	698			nan	504	446	372	575	512	499			nan
11.6	118.7	84.3	-84.3	18.2	90.5									302.89999999999998	0	1	1	0	0.13	0.93	0.96	0.0	0.31	0.84	1576004104.6256132	13.0	93.0	96.0	0.0	31.0	84.0	945	870	836	820	824	760			nan	414	426	373	575	497	459			nan
11.6	118.7	84.3	-84.3	18.2	90.5									302.89999999999998	0	1	1	0	0.13	0.93	0.96	0.0	0.31	0.84	1576004104.7302916	13.0	93.0	96.0	0.0	31.0	84.0	945	870	836	820	824	760			nan	414	426	373	575	497	459			nan
11.6	118.7	84.3	-84.3	18.2	90.5									302.89999999999998	0	1	1	0	0.13	0.93	0.96	0.0	0.31	0.84	1576004104.8343313	13.0	93.0	96.0	0.0	31.0	84.0	945	870	836	820	824	760			nan	414	426	373	575	497	459			nan
11.6	118.7	84.3	-84.3	18.2	90.5									302.89999999999998	0	1	1	0	0.13	0.93	0.96	0.0	0.31	0.84	1576004104.9390242	13.0	93.0	96.0	0.0	31.0	84.0	945	870	836	820	824	760			nan	414	426	373	575	497	459			nan
11.6	118.7	84.3	-84.3	18.2	90.5									302.89999999999998	0	1	1	0	0.13	0.93	0.96	0.0	0.31	0.84	1576004105.0433178	13.0	93.0	96.0	0.0	31.0	84.0	945	870	836	820	824	760			nan	414	426	373	575	497	459			nan
11.6	118.7	84.3	-84.3	18.2	90.5									302.89999999999998	0	1	1	0	0.13	0.93	0.96	0.0	0.31	0.84	1576004105.1477191	13.0	93.0	96.0	0.0	31.0	84.0	945	870	836	820	824	760			nan	414	426	373	575	497	459			nan
9.6	127.5	92.8	-92.8	16.8	100.9									301.19999999999999	0	1	1	0	0.13	0.93	0.96	0.0	0.31	0.84	1576004105.2519362	13.0	93.0	96.0	0.0	31.0	84.0	942	868	836	819	825	761			nan	407	426	373	575	497	463			nan
9.6	127.5	92.8	-92.8	16.8	100.9									301.19999999999999	0	1	1	0	0.13	0.93	0.96	0.0	0.31	0.84	1576004105.3560646	13.0	93.0	96.0	0.0	31.0	84.0	942	868	836	819	825	761			nan	407	426	373	575	497	463			nan
9.6	127.5	92.8	-92.8	16.8	100.9									301.19999999999999	0	1	1	0	0.13	0.93	0.96	0.0	0.31	0.84	1576004105.4612086	13.0	93.0	96.0	0.0	31.0	84.0	942	868	836	819	825	761			nan	407	426	373	575	497	463			nan
9.6	127.5	92.8	-92.8	16.8	100.9									301.19999999999999	1	1	1	1	0.13	0.93	0.96	0.0	0.31	0.84	1576004105.5659795	13.0	93.0	96.0	0.0	31.0	84.0	942	868	836	819	825	761			nan	407	426	373	575	497	463			nan
10.3	133.0	96.8	-96.8	16.6	103.7									299.10000000000002	1	1	1	1	0.13	0.93	0.96	0.0	0.31	0.84	1576004105.6703966	13.0	93.0	96.0	0.0	31.0	84.0	939	866	836	819	826	763			nan	401	425	373	575	497	464			nan
10.3	133.0	96.8	-96.8	16.6	103.7									299.10000000000002	1	1	1	1	0.13	0.93	0.96	0.0	0.31	0.84	1576004105.774836	13.0	93.0	96.0	0.0	31.0	84.0	939	866	836	819	826	763			nan	401	425	373	575	497	464			nan
10.2	133.0	97.1	-97.1	16.5	104.0									299.10000000000002	1	0	0	1	0.13	0.93	0.96	0.0	0.31	0.84	1576004105.8834217	13.0	93.0	96.0	0.0	31.0	84.0	939	866	836	819	826	763			nan	401	425	373	575	497	464			nan
10.2	133.0	97.1	-97.1	16.5	104.0									299.10000000000002	1	0	0	1	0.13	0.93	0.96	0.0	0.31	0.84	1576004105.9879544	13.0	93.0	96.0	0.0	31.0	84.0	939	866	836	819	826	763			nan	401	425	373	575	497	464			nan
10.2	133.0	97.7	-97.7	16.3	104.1									299.10000000000002	1	0	0	1	0.39	0.27	0.0	0.48	0.63	0.0	1576004106.094775	39.0	27.0	0.0	48.0	63.0	0.0	939	866	836	819	826	763			nan	401	425	373	575	497	464			nan
10.2	133.0	97.7	-97.7	16.3	104.1									299.10000000000002	1	0	0	1	0.39	0.27	0.0	0.48	0.63	0.0	1576004106.198964	39.0	27.0	0.0	48.0	63.0	0.0	939	866	836	819	826	763			nan	401	425	373	575	497	464			nan
10.2	133.0	97.7	-97.7	16.3	104.1									299.10000000000002	1	0	0	1	0.39	0.27	0.0	0.48	0.63	0.0	1576004106.3032606	39.0	27.0	0.0	48.0	63.0	0.0	939	866	836	819	826	763			nan	401	425	373	575	497	464			nan
10.2	133.0	97.7	-97.7	16.3	104.1									299.10000000000002	1	0	0	1	0.39	0.27	0.0	0.48	0.63	0.0	1576004106.4074237	39.0	27.0	0.0	48.0	63.0	0.0	939	866	836	819	826	763			nan	401	425	373	575	497	464			nan
10.2	133.0	97.7	-97.7	16.3	104.1									299.10000000000002	1	0	0	1	0.39	0.27	0.0	0.48	0.63	0.0	1576004106.5116072	39.0	27.0	0.0	48.0	63.0	0.0	939	866	836	819	826	763			nan	401	425	373	575	497	464			nan
10.2	133.0	97.7	-97.7	16.3	104.1									299.10000000000002	1	0	0	1	0.39	0.27	0.0	0.48	0.63	0.0	1576004106.6158512	39.0	27.0	0.0	48.0	63.0	0.0	939	866	836	819	826	763			nan	401	425	373	575	497	464			nan
10.0	132.5	97.2	-97.2	15.9	104.3									299.69999999999999	1	0	0	1	0.39	0.27	0.0	0.48	0.63	0.0	1576004106.7202592	39.0	27.0	0.0	48.0	63.0	0.0	939	867	836	819	826	763			nan	401	425	373	575	497	464			nan
10.0	132.5	97.2	-97.2	15.9	104.3									299.69999999999999	1	0	0	1	0.39	0.27	0.0	0.48	0.63	0.0	1576004106.8245943	39.0	27.0	0.0	48.0	63.0	0.0	939	867	836	819	826	763			nan	401	425	373	575	497	464			nan
5.7	145.1	101.7	-101.7	25.2	105.1									298.19999999999999	1	0	0	1	0.39	0.27	0.0	0.48	0.63	0.0	1576004106.9289699	39.0	27.0	0.0	48.0	63.0	0.0	939	866	837	818	828	765			nan	401	425	377	573	496	464			nan
5.7	145.1	101.7	-101.7	25.2	105.1									298.19999999999999	1	0	0	1	0.39	0.27	0.0	0.48	0.63	0.0	1576004107.033973	39.0	27.0	0.0	48.0	63.0	0.0	939	866	837	818	828	765			nan	401	425	377	573	496	464			nan
5.7	145.1	101.7	-101.7	25.2	105.1									298.19999999999999	1	0	0	1	0.39	0.27	0.0	0.48	0.63	0.0	1576004107.1385765	39.0	27.0	0.0	48.0	63.0	0.0	939	866	837	818	828	765			nan	401	425	377	573	496	464			nan
5.7	145.1	101.7	-101.7	25.2	105.1									298.19999999999999	1	0	0	1	0.39	0.27	0.0	0.48	0.63	0.0	1576004107.2430105	39.0	27.0	0.0	48.0	63.0	0.0	939	866	837	818	828	765			nan	401	425	377	573	496	464			nan
17.3	93.1	76.7	-76.7	56.7	80.9									294.19999999999999	1	0	0	1	0.39	0.27	0.0	0.48	0.63	0.0	1576004107.3473337	39.0	27.0	0.0	48.0	63.0	0.0	939	865	811	815	829	764			nan	401	419	378	575	499	463			nan
17.3	93.1	76.7	-76.7	56.7	80.9									294.19999999999999	1	0	0	1	0.39	0.27	0.0	0.48	0.63	0.0	1576004107.451876	39.0	27.0	0.0	48.0	63.0	0.0	939	865	811	815	829	764			nan	401	419	378	575	499	463			nan
nan	nan	nan	nan	nan	44.3									nan	1	0	0	1	0.39	0.27	0.0	0.48	0.63	0.0	1576004107.5563781	39.0	27.0	0.0	48.0	63.0	0.0	nan	nan	nan	nan	834	763			nan	nan	nan	nan	nan	492	463			nan
nan	nan	nan	nan	nan	44.3									nan	1	0	0	1	0.39	0.27	0.0	0.48	0.63	0.0	1576004107.660213	39.0	27.0	0.0	48.0	63.0	0.0	nan	nan	nan	nan	834	763			nan	nan	nan	nan	nan	492	463			nan
nan	nan	nan	nan	nan	44.3									nan	1	0	0	1	0.39	0.27	0.0	0.48	0.63	0.0	1576004107.764015	39.0	27.0	0.0	48.0	63.0	0.0	nan	nan	nan	nan	834	763			nan	nan	nan	nan	nan	492	463			nan
nan	nan	nan	nan	nan	44.3									nan	1	0	0	1	0.39	0.27	0.0	0.48	0.63	0.0	1576004107.8676093	39.0	27.0	0.0	48.0	63.0	0.0	nan	nan	nan	nan	834	763			nan	nan	nan	nan	nan	492	463			nan
73.0	46.7	-51.7	51.7	79.8	20.8									298.0	1	0	0	1	0.39	0.27	0.0	0.48	0.63	0.0	1576004107.9716275	39.0	27.0	0.0	48.0	63.0	0.0	940	882	865	896	840	764			nan	402	367	291	496	446	463			nan
73.0	46.7	-51.7	51.7	79.8	20.8									298.0	1	0	0	1	0.39	0.27	0.0	0.48	0.63	0.0	1576004108.0758867	39.0	27.0	0.0	48.0	63.0	0.0	940	882	865	896	840	764			nan	402	367	291	496	446	463			nan
75.8	43.4	-57.4	57.4	78.3	17.7									298.0	1	1	1	1	0.39	0.27	0.0	0.48	0.63	0.0	1576004108.1802626	39.0	27.0	0.0	48.0	63.0	0.0	940	882	865	898	841	764			nan	402	367	291	491	444	463			nan
75.8	43.4	-57.4	57.4	78.3	17.7									298.0	1	1	1	1	0.39	0.27	0.0	0.48	0.63	0.0	1576004108.2854507	39.0	27.0	0.0	48.0	63.0	0.0	940	882	865	898	841	764			nan	402	367	291	491	444	463			nan
75.8	43.7	-57.2	57.2	73.7	18.0									298.60000000000002	1	1	1	1	0.39	0.27	0.0	0.48	0.63	0.0	1576004108.3899348	39.0	27.0	0.0	48.0	63.0	0.0	940	882	865	900	840	764			nan	402	367	291	489	444	463			nan
75.8	43.7	-57.2	57.2	73.7	18.0									298.60000000000002	0	1	1	0	0.39	0.27	0.0	0.48	0.63	0.0	1576004108.4998448	39.0	27.0	0.0	48.0	63.0	0.0	940	882	865	900	840	764			nan	402	367	291	489	444	463			nan
75.8	43.7	-57.2	57.2	73.7	18.0									298.60000000000002	0	1	1	0	0.39	0.27	0.0	0.48	0.63	0.0	1576004108.604806	39.0	27.0	0.0	48.0	63.0	0.0	940	882	865	900	840	764			nan	402	367	291	489	444	463			nan
75.8	43.7	-57.2	57.2	73.7	18.0									298.60000000000002	0	1	1	0	0.13	0.93	0.96	0.0	0.31	0.84	1576004108.710462	13.0	93.0	96.0	0.0	31.0	84.0	940	882	865	900	840	764			nan	402	367	291	489	444	463			nan
75.3	43.7	-56.6	56.6	72.4	18.3									298.60000000000002	0	1	1	0	0.13	0.93	0.96	0.0	0.31	0.84	1576004108.8147743	13.0	93.0	96.0	0.0	31.0	84.0	940	882	865	901	840	764			nan	402	367	291	489	444	463			nan
75.3	43.7	-56.6	56.6	72.4	18.3									298.60000000000002	0	1	1	0	0.13	0.93	0.96	0.0	0.31	0.84	1576004108.9192882	13.0	93.0	96.0	0.0	31.0	84.0	940	882	865	901	840	764			nan	402	367	291	489	444	463			nan
75.2	44.1	-56.3	56.3	72.0	18.8									298.60000000000002	0	1	1	0	0.13	0.93	0.96	0.0	0.31	0.84	1576004109.0237238	13.0	93.0	96.0	0.0	31.0	84.0	940	882	866	901	840	764			nan	402	367	291	489	444	464			nan
75.2	44.1	-56.3	56.3	72.0	18.8									298.60000000000002	0	1	1	0	0.13	0.93	0.96	0.0	0.31	0.84	1576004109.1282573	13.0	93.0	96.0	0.0	31.0	84.0	940	882	866	901	840	764			nan	402	367	291	489	444	464			nan
52.3	46.9	-53.3	53.3	72.1	16.5									298.89999999999998	0	1	1	0	0.13	0.93	0.96	0.0	0.31	0.84	1576004109.233308	13.0	93.0	96.0	0.0	31.0	84.0	945	883	866	901	840	764			nan	403	366	291	489	444	465			nan
52.3	46.9	-53.3	53.3	72.1	16.5									298.89999999999998	0	1	1	0	0.13	0.93	0.96	0.0	0.31	0.84	1576004109.3382864	13.0	93.0	96.0	0.0	31.0	84.0	945	883	866	901	840	764			nan	403	366	291	489	444	465			nan
52.3	46.9	-53.3	53.3	72.1	16.5									298.89999999999998	0	1	1	0	0.13	0.93	0.96	0.0	0.31	0.84	1576004109.4431026	13.0	93.0	96.0	0.0	31.0	84.0	945	883	866	901	840	764			nan	403	366	291	489	444	465			nan
52.3	46.9	-53.3	53.3	72.1	16.5									298.89999999999998	0	1	1	0	0.13	0.93	0.96	0.0	0.31	0.84	1576004109.547503	13.0	93.0	96.0	0.0	31.0	84.0	945	883	866	901	840	764			nan	403	366	291	489	444	465			nan
29.0	56.0	-36.2	36.2	60.8	30.6									300.69999999999999	0	1	1	0	0.13	0.93	0.96	0.0	0.31	0.84	1576004109.6519797	13.0	93.0	96.0	0.0	31.0	84.0	948	888	866	901	840	763			nan	407	363	291	490	444	464			nan
29.0	56.0	-36.2	36.2	60.8	30.6									300.69999999999999	0	1	1	0	0.13	0.93	0.96	0.0	0.31	0.84	1576004109.7565053	13.0	93.0	96.0	0.0	31.0	84.0	948	888	866	901	840	763			nan	407	363	291	490	444	464			nan
nan	104.1	nan	nan	nan	nan									nan	0	1	1	0	0.13	0.93	0.96	0.0	0.31	0.84	1576004109.861239	13.0	93.0	96.0	0.0	31.0	84.0	nan	911	866	901	nan	nan			nan	nan	340	291	490	nan	nan			nan
nan	104.1	nan	nan	nan	nan									nan	0	1	1	0	0.13	0.93	0.96	0.0	0.31	0.84	1576004109.964799	13.0	93.0	96.0	0.0	31.0	84.0	nan	911	866	901	nan	nan			nan	nan	340	291	490	nan	nan			nan
9.3	128.2	93.2	-93.2	11.9	101.1									287.39999999999998	0	1	1	0	0.13	0.93	0.96	0.0	0.31	0.84	1576004110.0689213	13.0	93.0	96.0	0.0	31.0	84.0	980	911	866	900	886	815			nan	296	333	291	490	413	394			nan
9.3	128.2	93.2	-93.2	11.9	101.1									287.39999999999998	0	1	1	0	0.13	0.93	0.96	0.0	0.31	0.84	1576004110.1735134	13.0	93.0	96.0	0.0	31.0	84.0	980	911	866	900	886	815			nan	296	333	291	490	413	394			nan
9.3	128.2	93.2	-93.2	11.9	101.1									287.39999999999998	0	1	1	0	0.13	0.93	0.96	0.0	0.31	0.84	1576004110.2786355	13.0	93.0	96.0	0.0	31.0	84.0	980	911	866	900	886	815			nan	296	333	291	490	413	394			nan
9.3	128.2	93.2	-93.2	11.9	101.1									287.39999999999998	0	1	1	0	0.13	0.93	0.96	0.0	0.31	0.84	1576004110.3829696	13.0	93.0	96.0	0.0	31.0	84.0	980	911	866	900	886	815			nan	296	333	291	490	413	394			nan
nan	133.4	97.8	-97.8	11.9	103.7									286.19999999999999	0	1	1	0	0.13	0.93	0.96	0.0	0.31	0.84	1576004110.4872496	13.0	93.0	96.0	0.0	31.0	84.0	nan	910	866	900	887	817			nan	nan	333	291	490	412	395			nan
nan	133.4	97.8	-97.8	11.9	103.7									286.19999999999999	0	1	1	0	0.13	0.93	0.96	0.0	0.31	0.84	1576004110.5915174	13.0	93.0	96.0	0.0	31.0	84.0	nan	910	866	900	887	817			nan	nan	333	291	490	412	395			nan
9.0	135.3	99.1	-99.1	11.6	103.5									285.60000000000002	0	1	1	0	0.13	0.93	0.96	0.0	0.31	0.84	1576004110.6959457	13.0	93.0	96.0	0.0	31.0	84.0	974	909	866	900	887	817			nan	289	333	291	490	412	395			nan
9.0	135.3	99.1	-99.1	11.6	103.5									285.60000000000002	1	1	1	1	0.13	0.93	0.96	0.0	0.31	0.84	1576004110.8006895	13.0	93.0	96.0	0.0	31.0	84.0	974	909	866	900	887	817			nan	289	333	291	490	412	395			nan
9.0	135.3	99.1	-99.1	11.6	103.5									285.60000000000002	1	1	1	1	0.13	0.93	0.96	0.0	0.31	0.84	1576004110.9065776	13.0	93.0	96.0	0.0	31.0	84.0	974	909	866	900	887	817			nan	289	333	291	490	412	395			nan
9.0	135.3	99.1	-99.1	11.6	103.5									285.60000000000002	1	1	1	1	0.13	0.93	0.96	0.0	0.31	0.84	1576004111.0108566	13.0	93.0	96.0	0.0	31.0	84.0	974	909	866	900	887	817			nan	289	333	291	490	412	395			nan
8.8	135.7	99.6	-99.6	11.7	103.7									285.60000000000002	1	0	0	1	0.13	0.93	0.96	0.0	0.31	0.84	1576004111.1153438	13.0	93.0	96.0	0.0	31.0	84.0	973	909	866	900	887	818			nan	289	333	291	490	412	395			nan
8.8	135.7	99.6	-99.6	11.7	103.7									285.60000000000002	1	0	0	1	0.13	0.93	0.96	0.0	0.31	0.84	1576004111.2206914	13.0	93.0	96.0	0.0	31.0	84.0	973	909	866	900	887	818			nan	289	333	291	490	412	395			nan
8.7	135.9	100.1	-100.1	11.5	104.9									284.89999999999998	1	0	0	1	0.39	0.27	0.0	0.48	0.63	0.0	1576004111.3251052	39.0	27.0	0.0	48.0	63.0	0.0	973	909	866	900	888	818			nan	289	333	291	490	412	395			nan
8.7	135.9	100.1	-100.1	11.5	104.9									284.89999999999998	1	0	0	1	0.39	0.27	0.0	0.48	0.63	0.0	1576004111.4294593	39.0	27.0	0.0	48.0	63.0	0.0	973	909	866	900	888	818			nan	289	333	291	490	412	395			nan
8.5	136.0	99.7	-99.7	11.2	105.9									284.89999999999998	1	0	0	1	0.39	0.27	0.0	0.48	0.63	0.0	1576004111.533544	39.0	27.0	0.0	48.0	63.0	0.0	973	909	866	900	888	818			nan	289	333	291	490	412	395			nan
8.5	136.0	99.7	-99.7	11.2	105.9									284.89999999999998	1	0	0	1	0.39	0.27	0.0	0.48	0.63	0.0	1576004111.638087	39.0	27.0	0.0	48.0	63.0	0.0	973	909	866	900	888	818			nan	289	333	291	490	412	395			nan
8.5	136.0	99.7	-99.7	11.2	105.9									284.89999999999998	1	0	0	1	0.39	0.27	0.0	0.48	0.63	0.0	1576004111.7428153	39.0	27.0	0.0	48.0	63.0	0.0	973	909	866	900	888	818			nan	289	333	291	490	412	395			nan
8.5	136.0	99.7	-99.7	11.2	105.9									284.89999999999998	1	0	0	1	0.39	0.27	0.0	0.48	0.63	0.0	1576004111.8484335	39.0	27.0	0.0	48.0	63.0	0.0	973	909	866	900	888	818			nan	289	333	291	490	412	395			nan
5.3	145.0	102.9	-102.9	nan	107.3									284.19999999999999	1	0	0	1	0.39	0.27	0.0	0.48	0.63	0.0	1576004111.9537094	39.0	27.0	0.0	48.0	63.0	0.0	973	909	867	nan	889	820			nan	289	332	293	nan	411	395			nan
5.3	145.0	102.9	-102.9	nan	107.3									284.19999999999999	1	0	0	1	0.39	0.27	0.0	0.48	0.63	0.0	1576004112.0584614	39.0	27.0	0.0	48.0	63.0	0.0	973	909	867	nan	889	820			nan	289	332	293	nan	411	395			nan
6.1	144.9	100.9	-100.9	33.2	98.9									282.80000000000001	1	0	0	1	0.39	0.27	0.0	0.48	0.63	0.0	1576004112.1626632	39.0	27.0	0.0	48.0	63.0	0.0	973	909	868	894	891	821			nan	289	334	295	492	413	394			nan
6.1	144.9	100.9	-100.9	33.2	98.9									282.80000000000001	1	0	0	1	0.39	0.27	0.0	0.48	0.63	0.0	1576004112.2667844	39.0	27.0	0.0	48.0	63.0	0.0	973	909	868	894	891	821			nan	289	334	295	492	413	394			nan
6.1	144.9	100.9	-100.9	33.2	98.9									282.80000000000001	1	0	0	1	0.39	0.27	0.0	0.48	0.63	0.0	1576004112.3717535	39.0	27.0	0.0	48.0	63.0	0.0	973	909	868	894	891	821			nan	289	334	295	492	413	394			nan
6.1	144.9	100.9	-100.9	33.2	98.9									282.80000000000001	1	0	0	1	0.39	0.27	0.0	0.48	0.63	0.0	1576004112.4773607	39.0	27.0	0.0	48.0	63.0	0.0	973	909	868	894	891	821			nan	289	334	295	492	413	394			nan
6.1	144.9	100.9	-100.9	33.2	98.9									282.80000000000001	1	0	0	1	0.39	0.27	0.0	0.48	0.63	0.0	1576004112.5819097	39.0	27.0	0.0	48.0	63.0	0.0	973	909	868	894	891	821			nan	289	334	295	492	413	394			nan
6.1	144.9	100.9	-100.9	33.2	98.9									282.80000000000001	1	0	0	1	0.39	0.27	0.0	0.48	0.63	0.0	1576004112.687394	39.0	27.0	0.0	48.0	63.0	0.0	973	909	868	894	891	821			nan	289	334	295	492	413	394			nan
22.2	74.9	64.9	-64.9	70.5	67.3									278.10000000000002	1	0	0	1	0.39	0.27	0.0	0.48	0.63	0.0	1576004112.7917042	39.0	27.0	0.0	48.0	63.0	0.0	973	905	837	897	892	819			nan	289	324	302	493	415	393			nan
22.2	74.9	64.9	-64.9	70.5	67.3									278.10000000000002	1	0	0	1	0.39	0.27	0.0	0.48	0.63	0.0	1576004112.896096	39.0	27.0	0.0	48.0	63.0	0.0	973	905	837	897	892	819			nan	289	324	302	493	415	393			nan
nan	nan	nan	nan	nan	nan									nan	1	0	0	1	0.39	0.27	0.0	0.48	0.63	0.0	1576004113.0003273	39.0	27.0	0.0	48.0	63.0	0.0	974	nan	nan	nan	nan	819			nan	289	nan	nan	nan	nan	394			nan
nan	nan	nan	nan	nan	nan									nan	1	0	0	1	0.39	0.27	0.0	0.48	0.63	0.0	1576004113.1060948	39.0	27.0	0.0	48.0	63.0	0.0	974	nan	nan	nan	nan	819			nan	289	nan	nan	nan	nan	394			nan
69.5	45.3	nan	nan	nan	nan									nan	1	0	0	1	0.39	0.27	0.0	0.48	0.63	0.0	1576004113.2098992	39.0	27.0	0.0	48.0	63.0	0.0	975	909	868	959	nan	820			nan	290	272	205	395	nan	394			nan
69.5	45.3	nan	nan	nan	nan									nan	1	0	0	1	0.39	0.27	0.0	0.48	0.63	0.0	1576004113.3141491	39.0	27.0	0.0	48.0	63.0	0.0	975	909	868	959	nan	820			nan	290	272	205	395	nan	394			nan
69.5	45.3	nan	nan	nan	nan									nan	1	1	1	1	0.39	0.27	0.0	0.48	0.63	0.0	1576004113.4176497	39.0	27.0	0.0	48.0	63.0	0.0	975	909	868	959	nan	820			nan	290	272	205	395	nan	394			nan
69.5	45.3	nan	nan	nan	nan									nan	1	1	1	1	0.39	0.27	0.0	0.48	0.63	0.0	1576004113.5216622	39.0	27.0	0.0	48.0	63.0	0.0	975	909	868	959	nan	820			nan	290	272	205	395	nan	394			nan
71.2	43.4	-51.9	51.9	76.3	13.7									280.89999999999998	1	1	1	1	0.39	0.27	0.0	0.48	0.63	0.0	1576004113.6253233	39.0	27.0	0.0	48.0	63.0	0.0	975	909	868	960	892	820			nan	290	272	205	392	360	394			nan
71.2	43.4	-51.9	51.9	76.3	13.7									280.89999999999998	0	1	1	0	0.39	0.27	0.0	0.48	0.63	0.0	1576004113.72966	39.0	27.0	0.0	48.0	63.0	0.0	975	909	868	960	892	820			nan	290	272	205	392	360	394			nan
70.2	44.8	-50.0	50.0	71.9	14.4									280.89999999999998	0	1	1	0	0.39	0.27	0.0	0.48	0.63	0.0	1576004113.834592	39.0	27.0	0.0	48.0	63.0	0.0	975	909	868	961	892	820			nan	290	272	205	390	360	394			nan
70.2	44.8	-50.0	50.0	71.9	14.4									280.89999999999998	0	1	1	0	0.13	0.93	0.96	0.0	0.31	0.84	1576004113.9395187	13.0	93.0	96.0	0.0	31.0	84.0	975	909	868	961	892	820			nan	290	272	205	390	360	394			nan
70.2	44.8	-50.0	50.0	71.9	14.4									280.89999999999998	0	1	1	0	0.13	0.93	0.96	0.0	0.31	0.84	1576004114.0439377	13.0	93.0	96.0	0.0	31.0	84.0	975	909	868	961	892	820			nan	290	272	205	390	360	394			nan
70.2	44.8	-50.0	50.0	71.9	14.4									280.89999999999998	0	1	1	0	0.13	0.93	0.96	0.0	0.31	0.84	1576004114.148098	13.0	93.0	96.0	0.0	31.0	84.0	975	909	868	961	892	820			nan	290	272	205	390	360	394			nan
70.2	44.7	-50.3	50.3	72.0	14.4									280.89999999999998	0	1	1	0	0.13	0.93	0.96	0.0	0.31	0.84	1576004114.253235	13.0	93.0	96.0	0.0	31.0	84.0	975	909	868	961	892	820			nan	290	272	205	390	360	394			nan
70.2	44.7	-50.3	50.3	72.0	14.4									280.89999999999998	0	1	1	0	0.13	0.93	0.96	0.0	0.31	0.84	1576004114.3582408	13.0	93.0	96.0	0.0	31.0	84.0	975	909	868	961	892	820			nan	290	272	205	390	360	394			nan
70.2	44.7	-50.3	50.3	72.0	14.4									280.89999999999998	0	1	1	0	0.13	0.93	0.96	0.0	0.31	0.84	1576004114.4637744	13.0	93.0	96.0	0.0	31.0	84.0	975	909	868	961	892	820			nan	290	272	205	390	360	394			nan
70.2	44.7	-50.3	50.3	72.0	14.4									280.89999999999998	0	1	1	0	0.13	0.93	0.96	0.0	0.31	0.84	1576004114.5680408	13.0	93.0	96.0	0.0	31.0	84.0	975	909	868	961	892	820			nan	290	272	205	390	360	394			nan
70.3	45.0	-50.3	50.3	71.7	14.4									280.89999999999998	0	1	1	0	0.13	0.93	0.96	0.0	0.31	0.84	1576004114.6724477	13.0	93.0	96.0	0.0	31.0	84.0	975	909	868	961	892	820			nan	290	272	205	391	360	394			nan
70.3	45.0	-50.3	50.3	71.7	14.4									280.89999999999998	0	1	1	0	0.13	0.93	0.96	0.0	0.31	0.84	1576004114.7766595	13.0	93.0	96.0	0.0	31.0	84.0	975	909	868	961	892	820			nan	290	272	205	391	360	394			nan
46.0	49.0	nan	nan	nan	nan									nan	0	1	1	0	0.13	0.93	0.96	0.0	0.31	0.84	1576004114.880777	13.0	93.0	96.0	0.0	31.0	84.0	981	910	868	961	nan	820			nan	289	270	205	391	nan	395			nan
46.0	49.0	nan	nan	nan	nan									nan	0	1	1	0	0.13	0.93	0.96	0.0	0.31	0.84	1576004114.9843743	13.0	93.0	96.0	0.0	31.0	84.0	981	910	868	961	nan	820			nan	289	270	205	391	nan	395			nan
nan	69.5	-3.8	3.8	42.5	54.7									285.19999999999999	0	1	1	0	0.13	0.93	0.96	0.0	0.31	0.84	1576004115.0881333	13.0	93.0	96.0	0.0	31.0	84.0	nan	918	868	962	892	820			nan	nan	260	205	391	356	390			nan
nan	69.5	-3.8	3.8	42.5	54.7									285.19999999999999	0	1	1	0	0.13	0.93	0.96	0.0	0.31	0.84	1576004115.192297	13.0	93.0	96.0	0.0	31.0	84.0	nan	918	868	962	892	820			nan	nan	260	205	391	356	390			nan
nan	69.5	-3.8	3.8	42.5	54.7									285.19999999999999	0	1	1	0	0.13	0.93	0.96	0.0	0.31	0.84	1576004115.2986693	13.0	93.0	96.0	0.0	31.0	84.0	nan	918	868	962	892	820			nan	nan	260	205	391	356	390			nan
nan	69.5	-3.8	3.8	42.5	54.7									285.19999999999999	0	1	1	0	0.13	0.93	0.96	0.0	0.31	0.84	1576004115.4037452	13.0	93.0	96.0	0.0	31.0	84.0	nan	918	868	962	892	820			nan	nan	260	205	391	356	390			nan
8.3	124.2	87.2	-87.2	16.6	95.4									270.0	0	1	1	0	0.13	0.93	0.96	0.0	0.31	0.84	1576004115.5081303	13.0	93.0	96.0	0.0	31.0	84.0	984	924	868	961	924	849			nan	181	234	205	391	320	324			nan
8.3	124.2	87.2	-87.2	16.6	95.4									270.0	0	1	1	0	0.13	0.93	0.96	0.0	0.31	0.84	1576004115.6129527	13.0	93.0	96.0	0.0	31.0	84.0	984	924	868	961	924	849			nan	181	234	205	391	320	324			nan
9.8	131.1	93.5	-93.5	16.8	103.3									267.30000000000001	0	1	1	0	0.13	0.93	0.96	0.0	0.31	0.84	1576004115.7197013	13.0	93.0	96.0	0.0	31.0	84.0	975	922	869	961	926	853			nan	175	235	205	391	319	326			nan
9.8	131.1	93.5	-93.5	16.8	103.3									267.30000000000001	0	1	1	0	0.13	0.93	0.96	0.0	0.31	0.84	1576004115.8240168	13.0	93.0	96.0	0.0	31.0	84.0	975	922	869	961	926	853			nan	175	235	205	391	319	326			nan
9.8	131.1	93.5	-93.5	16.8	103.3									267.30000000000001	0	1	1	0	0.13	0.93	0.96	0.0	0.31	0.84	1576004115.928134	13.0	93.0	96.0	0.0	31.0	84.0	975	922	869	961	926	853			nan	175	235	205	391	319	326			nan
9.8	131.1	93.5	-93.5	16.8	103.3									267.30000000000001	1	1	1	1	0.13	0.93	0.96	0.0	0.31	0.84	1576004116.032802	13.0	93.0	96.0	0.0	31.0	84.0	975	922	869	961	926	853			nan	175	235	205	391	319	326			nan
9.0	134.2	95.7	-95.7	17.2	104.4									267.30000000000001	1	1	1	1	0.13	0.93	0.96	0.0	0.31	0.84	1576004116.139707	13.0	93.0	96.0	0.0	31.0	84.0	973	922	869	961	926	854			nan	173	235	204	391	319	326			nan
9.0	134.2	95.7	-95.7	17.2	104.4									267.30000000000001	1	1	1	1	0.13	0.93	0.96	0.0	0.31	0.84	1576004116.2452652	13.0	93.0	96.0	0.0	31.0	84.0	973	922	869	961	926	854			nan	173	235	204	391	319	326			nan
nan	nan	nan	nan	16.7	104.4									nan	1	0	0	1	0.13	0.93	0.96	0.0	0.31	0.84	1576004116.351598	13.0	93.0	96.0	0.0	31.0	84.0	972	nan	869	960	927	854			nan	173	nan	204	391	318	326			nan
nan	nan	nan	nan	16.7	104.4									nan	1	0	0	1	0.13	0.93	0.96	0.0	0.31	0.84	1576004116.4561405	13.0	93.0	96.0	0.0	31.0	84.0	972	nan	869	960	927	854			nan	173	nan	204	391	318	326			nan
nan	nan	nan	nan	16.7	104.4									nan	1	0	0	1	0.39	0.27	0.0	0.48	0.63	0.0	1576004116.5601766	39.0	27.0	0.0	48.0	63.0	0.0	972	nan	869	960	927	854			nan	173	nan	204	391	318	326			nan
nan	nan	nan	nan	16.7	104.4									nan	1	0	0	1	0.39	0.27	0.0	0.48	0.63	0.0	1576004116.6639972	39.0	27.0	0.0	48.0	63.0	0.0	972	nan	869	960	927	854			nan	173	nan	204	391	318	326			nan
8.5	133.9	96.1	-96.1	16.7	104.9									266.60000000000002	1	0	0	1	0.39	0.27	0.0	0.48	0.63	0.0	1576004116.7680037	39.0	27.0	0.0	48.0	63.0	0.0	972	922	869	960	927	854			nan	173	235	205	391	318	326			nan
8.5	133.9	96.1	-96.1	16.7	104.9									266.60000000000002	1	0	0	1	0.39	0.27	0.0	0.48	0.63	0.0	1576004116.8728585	39.0	27.0	0.0	48.0	63.0	0.0	972	922	869	960	927	854			nan	173	235	205	391	318	326			nan
8.5	133.9	96.1	-96.1	16.7	104.9									266.60000000000002	1	0	0	1	0.39	0.27	0.0	0.48	0.63	0.0	1576004116.9785304	39.0	27.0	0.0	48.0	63.0	0.0	972	922	869	960	927	854			nan	173	235	205	391	318	326			nan
8.5	133.9	96.1	-96.1	16.7	104.9									266.60000000000002	1	0	0	1	0.39	0.27	0.0	0.48	0.63	0.0	1576004117.0830045	39.0	27.0	0.0	48.0	63.0	0.0	972	922	869	960	927	854			nan	173	235	205	391	318	326			nan
7.9	134.9	97.1	-97.1	17.2	105.6									266.60000000000002	1	0	0	1	0.39	0.27	0.0	0.48	0.63	0.0	1576004117.187574	39.0	27.0	0.0	48.0	63.0	0.0	972	922	869	960	927	854			nan	173	235	205	391	318	326			nan
7.9	134.9	97.1	-97.1	17.2	105.6									266.60000000000002	1	0	0	1	0.39	0.27	0.0	0.48	0.63	0.0	1576004117.2920895	39.0	27.0	0.0	48.0	63.0	0.0	972	922	869	960	927	854			nan	173	235	205	391	318	326			nan
7.9	134.9	97.1	-97.1	17.2	105.6									266.60000000000002	1	0	0	1	0.39	0.27	0.0	0.48	0.63	0.0	1576004117.3965602	39.0	27.0	0.0	48.0	63.0	0.0	972	922	869	960	927	854			nan	173	235	205	391	318	326			nan
7.9	134.9	97.1	-97.1	17.2	105.6									266.60000000000002	1	0	0	1	0.39	0.27	0.0	0.48	0.63	0.0	1576004117.5016334	39.0	27.0	0.0	48.0	63.0	0.0	972	922	869	960	927	854			nan	173	235	205	391	318	326			nan
5.3	148.6	100.8	-100.8	25.7	107.3									266.5	1	0	0	1	0.39	0.27	0.0	0.48	0.63	0.0	1576004117.6062686	39.0	27.0	0.0	48.0	63.0	0.0	972	922	872	957	927	855			nan	173	235	208	391	317	326			nan
5.3	148.6	100.8	-100.8	25.7	107.3									266.5	1	0	0	1	0.39	0.27	0.0	0.48	0.63	0.0	1576004117.711716	39.0	27.0	0.0	48.0	63.0	0.0	972	922	872	957	927	855			nan	173	235	208	391	317	326			nan
17.1	92.4	74.8	-74.8	57.3	84.1									262.30000000000001	1	0	0	1	0.39	0.27	0.0	0.48	0.63	0.0	1576004117.8162987	39.0	27.0	0.0	48.0	63.0	0.0	972	917	848	955	929	853			nan	173	230	224	394	319	326			nan
17.1	92.4	74.8	-74.8	57.3	84.1									262.30000000000001	1	0	0	1	0.39	0.27	0.0	0.48	0.63	0.0	1576004117.9208062	39.0	27.0	0.0	48.0	63.0	0.0	972	917	848	955	929	853			nan	173	230	224	394	319	326			nan
17.1	92.4	74.8	-74.8	57.3	84.1									262.30000000000001	1	0	0	1	0.39	0.27	0.0	0.48	0.63	0.0	1576004118.025165	39.0	27.0	0.0	48.0	63.0	0.0	972	917	848	955	929	853			nan	173	230	224	394	319	326			nan
17.1	92.4	74.8	-74.8	57.3	84.1									262.30000000000001	1	0	0	1	0.39	0.27	0.0	0.48	0.63	0.0	1576004118.1316354	39.0	27.0	0.0	48.0	63.0	0.0	972	917	848	955	929	853			nan	173	230	224	394	319	326			nan
41.7	nan	nan	nan	nan	nan									nan	1	0	0	1	0.39	0.27	0.0	0.48	0.63	0.0	1576004118.2357118	39.0	27.0	0.0	48.0	63.0	0.0	972	905	nan	nan	nan	853			nan	173	207	nan	nan	nan	327			nan
41.7	nan	nan	nan	nan	nan									nan	1	0	0	1	0.39	0.27	0.0	0.48	0.63	0.0	1576004118.3420854	39.0	27.0	0.0	48.0	63.0	0.0	972	905	nan	nan	nan	853			nan	173	207	nan	nan	nan	327			nan
nan	48.1	-49.2	49.2	81.0	23.7									266.19999999999999	1	0	0	1	0.39	0.27	0.0	0.48	0.63	0.0	1576004118.4460104	39.0	27.0	0.0	48.0	63.0	0.0	nan	905	848	985	911	854			nan	nan	177	122	284	268	327			nan
nan	48.1	-49.2	49.2	81.0	23.7									266.19999999999999	1	0	0	1	0.39	0.27	0.0	0.48	0.63	0.0	1576004118.5501463	39.0	27.0	0.0	48.0	63.0	0.0	nan	905	848	985	911	854			nan	nan	177	122	284	268	327			nan
nan	48.1	-49.2	49.2	81.0	23.7									266.19999999999999	1	1	1	1	0.39	0.27	0.0	0.48	0.63	0.0	1576004118.6550088	39.0	27.0	0.0	48.0	63.0	0.0	nan	905	848	985	911	854			nan	nan	177	122	284	268	327			nan
nan	48.1	-49.2	49.2	81.0	23.7									266.19999999999999	1	1	1	1	0.39	0.27	0.0	0.48	0.63	0.0	1576004118.7598836	39.0	27.0	0.0	48.0	63.0	0.0	nan	905	848	985	911	854			nan	nan	177	122	284	268	327			nan
71.4	46.5	-51.4	51.4	76.9	22.6									266.19999999999999	0	1	1	0	0.39	0.27	0.0	0.48	0.63	0.0	1576004118.8648193	39.0	27.0	0.0	48.0	63.0	0.0	973	905	848	985	911	854			nan	173	177	122	280	267	327			nan
71.4	46.5	-51.4	51.4	76.9	22.6									266.19999999999999	0	1	1	0	0.39	0.27	0.0	0.48	0.63	0.0	1576004118.9700427	39.0	27.0	0.0	48.0	63.0	0.0	973	905	848	985	911	854			nan	173	177	122	280	267	327			nan
nan	46.7	-50.1	50.1	71.5	23.7									266.19999999999999	0	1	1	0	0.39	0.27	0.0	0.48	0.63	0.0	1576004119.0748255	39.0	27.0	0.0	48.0	63.0	0.0	nan	905	848	986	911	854			nan	nan	177	122	279	267	326			nan
nan	46.9	-50.0	50.0	71.4	23.7									266.80000000000001	0	1	1	0	0.13	0.93	0.96	0.0	0.31	0.84	1576004119.1799524	13.0	93.0	96.0	0.0	31.0	84.0	nan	905	848	986	910	854			nan	nan	177	123	278	267	326			nan
nan	46.9	-50.0	50.0	71.4	23.7									266.80000000000001	0	1	1	0	0.13	0.93	0.96	0.0	0.31	0.84	1576004119.284634	13.0	93.0	96.0	0.0	31.0	84.0	nan	905	848	986	910	854			nan	nan	177	123	278	267	326			nan
nan	46.9	-50.0	50.0	71.4	23.7									266.80000000000001	0	1	1	0	0.13	0.93	0.96	0.0	0.31	0.84	1576004119.3890805	13.0	93.0	96.0	0.0	31.0	84.0	nan	905	848	986	910	854			nan	nan	177	123	278	267	326			nan
nan	46.9	-50.0	50.0	71.4	23.7									266.80000000000001	0	1	1	0	0.13	0.93	0.96	0.0	0.31	0.84	1576004119.493301	13.0	93.0	96.0	0.0	31.0	84.0	nan	905	848	986	910	854			nan	nan	177	123	278	267	326			nan
nan	46.2	-50.6	50.6	71.5	23.4									266.19999999999999	0	1	1	0	0.13	0.93	0.96	0.0	0.31	0.84	1576004119.5983405	13.0	93.0	96.0	0.0	31.0	84.0	nan	905	848	986	911	854			nan	nan	177	122	279	267	326			nan
nan	46.2	-50.6	50.6	71.5	23.4									266.19999999999999	0	1	1	0	0.13	0.93	0.96	0.0	0.31	0.84	1576004119.7038784	13.0	93.0	96.0	0.0	31.0	84.0	nan	905	848	986	911	854			nan	nan	177	122	279	267	326			nan
48.8	49.9	-46.2	46.2	71.1	20.7									266.89999999999998	0	1	1	0	0.13	0.93	0.96	0.0	0.31	0.84	1576004119.80844	13.0	93.0	96.0	0.0	31.0	84.0	979	905	848	986	910	854			nan	171	175	122	279	267	328			nan
48.8	49.9	-46.2	46.2	71.1	20.7									266.89999999999998	0	1	1	0	0.13	0.93	0.96	0.0	0.31	0.84	1576004119.9127986	13.0	93.0	96.0	0.0	31.0	84.0	979	905	848	986	910	854			nan	171	175	122	279	267	328			nan
11.9	67.6	-10.8	10.8	45.6	55.6									270.0	0	1	1	0	0.13	0.93	0.96	0.0	0.31	0.84	1576004120.0169182	13.0	93.0	96.0	0.0	31.0	84.0	987	910	848	987	910	852			nan	167	165	122	279	265	323			nan
11.9	67.6	-10.8	10.8	45.6	55.6									270.0	0	1	1	0	0.13	0.93	0.96	0.0	0.31	0.84	1576004120.1224709	13.0	93.0	96.0	0.0	31.0	84.0	987	910	848	987	910	852			nan	167	165	122	279	265	323			nan
11.9	67.6	-10.8	10.8	45.6	55.6									270.0	0	1	1	0	0.13	0.93	0.96	0.0	0.31	0.84	1576004120.226852	13.0	93.0	96.0	0.0	31.0	84.0	987	910	848	987	910	852			nan	167	165	122	279	265	323			nan
11.9	67.6	-10.8	10.8	45.6	55.6									270.0	0	1	1	0	0.13	0.93	0.96	0.0	0.31	0.84	1576004120.33197	13.0	93.0	96.0	0.0	31.0	84.0	987	910	848	987	910	852			nan	167	165	122	279	265	323			nan
11.9	67.6	-10.8	10.8	45.6	55.6									270.0	0	1	1	0	0.13	0.93	0.96	0.0	0.31	0.84	1576004120.4361458	13.0	93.0	96.0	0.0	31.0	84.0	987	910	848	987	910	852			nan	167	165	122	279	265	323			nan
11.3	122.3	84.8	-84.8	18.1	92.5									255.30000000000001	0	1	1	0	0.13	0.93	0.96	0.0	0.31	0.84	1576004120.5415812	13.0	93.0	96.0	0.0	31.0	84.0	953	911	848	986	933	860			nan	67	135	122	279	219	243			nan
9.7	129.8	90.6	-90.6	17.3	100.7									253.5	0	1	1	0	0.13	0.93	0.96	0.0	0.31	0.84	1576004120.646529	13.0	93.0	96.0	0.0	31.0	84.0	948	909	849	985	933	863			nan	65	137	122	279	218	244			nan
9.7	129.8	90.6	-90.6	17.3	100.7									253.5	0	1	1	0	0.13	0.93	0.96	0.0	0.31	0.84	1576004120.7549484	13.0	93.0	96.0	0.0	31.0	84.0	948	909	849	985	933	863			nan	65	137	122	279	218	244			nan
9.7	129.8	90.6	-90.6	17.3	100.7									253.5	0	1	1	0	0.13	0.93	0.96	0.0	0.31	0.84	1576004120.8594697	13.0	93.0	96.0	0.0	31.0	84.0	948	909	849	985	933	863			nan	65	137	122	279	218	244			nan
9.7	129.8	90.6	-90.6	17.3	100.7									253.5	0	1	1	0	0.13	0.93	0.96	0.0	0.31	0.84	1576004120.9637656	13.0	93.0	96.0	0.0	31.0	84.0	948	909	849	985	933	863			nan	65	137	122	279	218	244			nan
9.6	133.7	93.9	-93.9	16.7	102.9									252.0	0	1	1	0	0.13	0.93	0.96	0.0	0.31	0.84	1576004121.068041	13.0	93.0	96.0	0.0	31.0	84.0	944	908	849	985	934	864			nan	64	137	122	279	217	244			nan
9.6	133.7	93.9	-93.9	16.7	102.9									252.0	0	1	1	0	0.13	0.93	0.96	0.0	0.31	0.84	1576004121.172524	13.0	93.0	96.0	0.0	31.0	84.0	944	908	849	985	934	864			nan	64	137	122	279	217	244			nan
9.6	133.7	93.9	-93.9	16.7	102.9									252.0	1	1	1	1	0.13	0.93	0.96	0.0	0.31	0.84	1576004121.2781303	13.0	93.0	96.0	0.0	31.0	84.0	944	908	849	985	934	864			nan	64	137	122	279	217	244			nan
9.6	133.7	93.9	-93.9	16.7	102.9									252.0	1	1	1	1	0.13	0.93	0.96	0.0	0.31	0.84	1576004121.382718	13.0	93.0	96.0	0.0	31.0	84.0	944	908	849	985	934	864			nan	64	137	122	279	217	244			nan
9.6	133.7	93.9	-93.9	16.7	102.9									252.0	1	0	0	1	0.13	0.93	0.96	0.0	0.31	0.84	1576004121.4870162	13.0	93.0	96.0	0.0	31.0	84.0	944	908	849	985	934	864			nan	64	137	122	279	217	244			nan
8.9	135.4	95.5	-95.5	15.8	103.9									251.80000000000001	1	0	0	1	0.13	0.93	0.96	0.0	0.31	0.84	1576004121.5913413	13.0	93.0	96.0	0.0	31.0	84.0	942	908	849	985	934	865			nan	64	138	122	279	217	244			nan
8.9	135.4	95.5	-95.5	15.8	103.9									251.80000000000001	1	0	0	1	0.13	0.93	0.96	0.0	0.31	0.84	1576004121.6964526	13.0	93.0	96.0	0.0	31.0	84.0	942	908	849	985	934	865			nan	64	138	122	279	217	244			nan
8.9	135.6	96.6	-96.6	15.7	104.9									251.80000000000001	1	0	0	1	0.39	0.27	0.0	0.48	0.63	0.0	1576004121.8009021	39.0	27.0	0.0	48.0	63.0	0.0	942	908	849	985	934	865			nan	64	138	122	279	217	243			nan
8.9	135.6	96.6	-96.6	15.7	104.9									251.80000000000001	1	0	0	1	0.39	0.27	0.0	0.48	0.63	0.0	1576004121.906849	39.0	27.0	0.0	48.0	63.0	0.0	942	908	849	985	934	865			nan	64	138	122	279	217	243			nan
9.0	135.8	96.5	-96.5	15.8	105.0									251.80000000000001	1	0	0	1	0.39	0.27	0.0	0.48	0.63	0.0	1576004122.0113604	39.0	27.0	0.0	48.0	63.0	0.0	941	908	849	985	934	865			nan	64	138	122	279	217	244			nan
9.0	135.8	96.5	-96.5	15.8	105.0									251.80000000000001	1	0	0	1	0.39	0.27	0.0	0.48	0.63	0.0	1576004122.1159372	39.0	27.0	0.0	48.0	63.0	0.0	941	908	849	985	934	865			nan	64	138	122	279	217	244			nan
9.0	135.8	96.5	-96.5	15.8	105.0									251.80000000000001	1	0	0	1	0.39	0.27	0.0	0.48	0.63	0.0	1576004122.2203007	39.0	27.0	0.0	48.0	63.0	0.0	941	908	849	985	934	865			nan	64	138	122	279	217	244			nan
9.0	135.8	96.5	-96.5	15.8	105.0									251.80000000000001	1	0	0	1	0.39	0.27	0.0	0.48	0.63	0.0	1576004122.3251457	39.0	27.0	0.0	48.0	63.0	0.0	941	908	849	985	934	865			nan	64	138	122	279	217	244			nan
8.7	135.9	96.6	-96.6	15.7	105.6									251.80000000000001	1	0	0	1	0.39	0.27	0.0	0.48	0.63	0.0	1576004122.4292612	39.0	27.0	0.0	48.0	63.0	0.0	941	908	849	985	934	866			nan	64	138	122	279	217	244			nan
8.7	135.9	96.6	-96.6	15.7	105.6									251.80000000000001	1	0	0	1	0.39	0.27	0.0	0.48	0.63	0.0	1576004122.5333579	39.0	27.0	0.0	48.0	63.0	0.0	941	908	849	985	934	866			nan	64	138	122	279	217	244			nan
7.7	146.7	97.2	-97.2	32.5	103.8									250.90000000000001	1	0	0	1	0.39	0.27	0.0	0.48	0.63	0.0	1576004122.637712	39.0	27.0	0.0	48.0	63.0	0.0	941	908	852	980	935	866			nan	64	137	124	283	215	243			nan
7.7	146.7	97.2	-97.2	32.5	103.8									250.90000000000001	1	0	0	1	0.39	0.27	0.0	0.48	0.63	0.0	1576004122.7467217	39.0	27.0	0.0	48.0	63.0	0.0	941	908	852	980	935	866			nan	64	137	124	283	215	243			nan
7.7	146.7	97.2	-97.2	32.5	103.8									250.90000000000001	1	0	0	1	0.39	0.27	0.0	0.48	0.63	0.0	1576004122.8514092	39.0	27.0	0.0	48.0	63.0	0.0	941	908	852	980	935	866			nan	64	137	124	283	215	243			nan
7.7	146.7	97.2	-97.2	32.5	103.8									250.90000000000001	1	0	0	1	0.39	0.27	0.0	0.48	0.63	0.0	1576004122.957407	39.0	27.0	0.0	48.0	63.0	0.0	941	908	852	980	935	866			nan	64	137	124	283	215	243			nan
23.0	72.4	61.2	-61.2	71.6	72.2									245.40000000000001	1	0	0	1	0.39	0.27	0.0	0.48	0.63	0.0	1576004123.0618649	39.0	27.0	0.0	48.0	63.0	0.0	941	899	829	983	938	864			nan	64	131	150	282	216	243			nan
23.0	72.4	61.2	-61.2	71.6	72.2									245.40000000000001	1	0	0	1	0.39	0.27	0.0	0.48	0.63	0.0	1576004123.16624	39.0	27.0	0.0	48.0	63.0	0.0	941	899	829	983	938	864			nan	64	131	150	282	216	243			nan
46.5	nan	nan	nan	nan	nan									nan	1	0	0	1	0.39	0.27	0.0	0.48	0.63	0.0	1576004123.2704327	39.0	27.0	0.0	48.0	63.0	0.0	942	881	nan	nan	nan	864			nan	64	108	nan	nan	nan	244			nan
46.5	nan	nan	nan	nan	nan									nan	1	0	0	1	0.39	0.27	0.0	0.48	0.63	0.0	1576004123.3746889	39.0	27.0	0.0	48.0	63.0	0.0	942	881	nan	nan	nan	864			nan	64	108	nan	nan	nan	244			nan
69.8	48.1	-49.2	49.2	79.5	24.1									250.80000000000001	1	0	0	1	0.39	0.27	0.0	0.48	0.63	0.0	1576004123.4787683	39.0	27.0	0.0	48.0	63.0	0.0	943	876	808	982	906	865			nan	64	84	46	167	170	243			nan
69.8	48.1	-49.2	49.2	79.5	24.1									250.80000000000001	1	0	0	1	0.39	0.27	0.0	0.48	0.63	0.0	1576004123.5832899	39.0	27.0	0.0	48.0	63.0	0.0	943	876	808	982	906	865			nan	64	84	46	167	170	243			nan
69.8	48.1	-49.2	49.2	79.5	24.1									250.80000000000001	1	0	0	1	0.39	0.27	0.0	0.48	0.63	0.0	1576004123.6877837	39.0	27.0	0.0	48.0	63.0	0.0	943	876	808	982	906	865			nan	64	84	46	167	170	243			nan
69.8	48.1	-49.2	49.2	79.5	24.1									250.80000000000001	1	1	1	1	0.39	0.27	0.0	0.48	0.63	0.0	1576004123.792924	39.0	27.0	0.0	48.0	63.0	0.0	943	876	808	982	906	865			nan	64	84	46	167	170	243			nan
69.8	48.1	-49.2	49.2	79.5	24.1									250.80000000000001	1	1	1	1	0.39	0.27	0.0	0.48	0.63	0.0	1576004123.8984635	39.0	27.0	0.0	48.0	63.0	0.0	943	876	808	982	906	865			nan	64	84	46	167	170	243			nan
69.8	48.1	-49.2	49.2	79.5	24.1									250.80000000000001	1	1	1	1	0.39	0.27	0.0	0.48	0.63	0.0	1576004124.0032265	39.0	27.0	0.0	48.0	63.0	0.0	943	876	808	982	906	865			nan	64	84	46	167	170	243			nan
70.9	47.0	-51.4	51.4	76.9	22.7									250.59999999999999	0	1	1	0	0.39	0.27	0.0	0.48	0.63	0.0	1576004124.108456	39.0	27.0	0.0	48.0	63.0	0.0	943	876	808	981	906	865			nan	64	84	46	163	169	243			nan
70.9	47.0	-51.4	51.4	76.9	22.7									250.59999999999999	0	1	1	0	0.39	0.27	0.0	0.48	0.63	0.0	1576004124.2130928	39.0	27.0	0.0	48.0	63.0	0.0	943	876	808	981	906	865			nan	64	84	46	163	169	243			nan
70.5	47.3	-50.3	50.3	71.6	23.3									251.19999999999999	0	1	1	0	0.39	0.27	0.0	0.48	0.63	0.0	1576004124.318563	39.0	27.0	0.0	48.0	63.0	0.0	943	876	808	982	905	865			nan	64	84	46	161	169	243			nan
70.5	47.3	-50.3	50.3	71.6	23.3									251.19999999999999	0	1	1	0	0.13	0.93	0.96	0.0	0.31	0.84	1576004124.423181	13.0	93.0	96.0	0.0	31.0	84.0	943	876	808	982	905	865			nan	64	84	46	161	169	243			nan
70.5	47.3	-50.3	50.3	71.6	23.3									251.19999999999999	0	1	1	0	0.13	0.93	0.96	0.0	0.31	0.84	1576004124.5280008	13.0	93.0	96.0	0.0	31.0	84.0	943	876	808	982	905	865			nan	64	84	46	161	169	243			nan
70.5	47.3	-50.3	50.3	71.6	23.3									251.19999999999999	0	1	1	0	0.13	0.93	0.96	0.0	0.31	0.84	1576004124.6322672	13.0	93.0	96.0	0.0	31.0	84.0	943	876	808	982	905	865			nan	64	84	46	161	169	243			nan
70.5	47.4	-50.3	50.3	70.7	23.4									250.59999999999999	0	1	1	0	0.13	0.93	0.96	0.0	0.31	0.84	1576004124.7383964	13.0	93.0	96.0	0.0	31.0	84.0	943	876	808	981	906	865			nan	64	84	46	161	169	243			nan
70.9	47.5	-50.5	50.5	71.2	23.4									250.59999999999999	0	1	1	0	0.13	0.93	0.96	0.0	0.31	0.84	1576004124.8428893	13.0	93.0	96.0	0.0	31.0	84.0	943	876	808	982	906	865			nan	64	84	46	161	169	243			nan
70.9	47.5	-50.5	50.5	71.2	23.4									250.59999999999999	0	1	1	0	0.13	0.93	0.96	0.0	0.31	0.84	1576004124.948012	13.0	93.0	96.0	0.0	31.0	84.0	943	876	808	982	906	865			nan	64	84	46	161	169	243			nan
70.9	47.5	-50.5	50.5	71.2	23.4									250.59999999999999	0	1	1	0	0.13	0.93	0.96	0.0	0.31	0.84	1576004125.0521731	13.0	93.0	96.0	0.0	31.0	84.0	943	876	808	982	906	865			nan	64	84	46	161	169	243			nan
50.2	50.3	-47.0	47.0	70.9	21.7									251.59999999999999	0	1	1	0	0.13	0.93	0.96	0.0	0.31	0.84	1576004125.1573355	13.0	93.0	96.0	0.0	31.0	84.0	947	876	808	982	905	866			nan	60	82	46	161	169	244			nan
50.2	50.3	-47.0	47.0	70.9	21.7									251.59999999999999	0	1	1	0	0.13	0.93	0.96	0.0	0.31	0.84	1576004125.261693	13.0	93.0	96.0	0.0	31.0	84.0	947	876	808	982	905	866			nan	60	82	46	161	169	244			nan
50.2	50.3	-47.0	47.0	70.9	21.7									251.59999999999999	0	1	1	0	0.13	0.93	0.96	0.0	0.31	0.84	1576004125.3727667	13.0	93.0	96.0	0.0	31.0	84.0	947	876	808	982	905	866			nan	60	82	46	161	169	244			nan
50.2	50.3	-47.0	47.0	70.9	21.7									251.59999999999999	0	1	1	0	0.13	0.93	0.96	0.0	0.31	0.84	1576004125.4771674	13.0	93.0	96.0	0.0	31.0	84.0	947	876	808	982	905	866			nan	60	82	46	161	169	244			nan
38.0	54.6	-39.7	39.7	66.8	26.5									252.0	0	1	1	0	0.13	0.93	0.96	0.0	0.31	0.84	1576004125.583332	13.0	93.0	96.0	0.0	31.0	84.0	950	876	808	982	905	866			nan	60	80	46	161	169	244			nan
38.0	54.6	-39.7	39.7	66.8	26.5									252.0	0	1	1	0	0.13	0.93	0.96	0.0	0.31	0.84	1576004125.6885264	13.0	93.0	96.0	0.0	31.0	84.0	950	876	808	982	905	866			nan	60	80	46	161	169	244			nan
nan	101.3	nan	nan	nan	nan									nan	0	1	1	0	0.13	0.93	0.96	0.0	0.31	0.84	1576004125.7926023	13.0	93.0	96.0	0.0	31.0	84.0	nan	876	808	982	nan	nan			nan	nan	49	46	161	nan	nan			nan
nan	101.3	nan	nan	nan	nan									nan	0	1	1	0	0.13	0.93	0.96	0.0	0.31	0.84	1576004125.8964772	13.0	93.0	96.0	0.0	31.0	84.0	nan	876	808	982	nan	nan			nan	nan	49	46	161	nan	nan			nan
nan	128.1	88.8	-88.8	16.2	98.9									238.90000000000001	0	1	1	0	0.13	0.93	0.96	0.0	0.31	0.84	1576004126.0020442	13.0	93.0	96.0	0.0	31.0	84.0	nan	871	808	981	915	851			nan	nan	43	45	161	116	159			nan
nan	128.1	88.8	-88.8	16.2	98.9									238.90000000000001	0	1	1	0	0.13	0.93	0.96	0.0	0.31	0.84	1576004126.1070192	13.0	93.0	96.0	0.0	31.0	84.0	nan	871	808	981	915	851			nan	nan	43	45	161	116	159			nan
nan	128.1	88.8	-88.8	16.2	98.9									238.90000000000001	0	1	1	0	0.13	0.93	0.96	0.0	0.31	0.84	1576004126.2130814	13.0	93.0	96.0	0.0	31.0	84.0	nan	871	808	981	915	851			nan	nan	43	45	161	116	159			nan
nan	128.1	88.8	-88.8	16.2	98.9									238.90000000000001	0	1	1	0	0.13	0.93	0.96	0.0	0.31	0.84	1576004126.3195162	13.0	93.0	96.0	0.0	31.0	84.0	nan	871	808	981	915	851			nan	nan	43	45	161	116	159			nan
nan	135.0	94.5	-94.5	15.4	103.0									236.69999999999999	1	1	1	1	0.13	0.93	0.96	0.0	0.31	0.84	1576004126.4236925	13.0	93.0	96.0	0.0	31.0	84.0	nan	870	808	981	916	854			nan	nan	44	45	162	114	159			nan
nan	135.0	94.5	-94.5	15.4	103.0									236.69999999999999	1	1	1	1	0.13	0.93	0.96	0.0	0.31	0.84	1576004126.5279005	13.0	93.0	96.0	0.0	31.0	84.0	nan	870	808	981	916	854			nan	nan	44	45	162	114	159			nan
nan	136.5	96.0	-96.0	14.9	104.9									236.30000000000001	1	1	1	1	0.13	0.93	0.96	0.0	0.31	0.84	1576004126.632417	13.0	93.0	96.0	0.0	31.0	84.0	nan	870	808	981	916	854			nan	nan	45	45	161	114	159			nan
nan	136.5	96.0	-96.0	14.9	104.9									236.30000000000001	1	0	0	1	0.13	0.93	0.96	0.0	0.31	0.84	1576004126.736789	13.0	93.0	96.0	0.0	31.0	84.0	nan	870	808	981	916	854			nan	nan	45	45	161	114	159			nan
nan	136.5	96.0	-96.0	14.9	104.9									236.30000000000001	1	0	0	1	0.13	0.93	0.96	0.0	0.31	0.84	1576004126.8413742	13.0	93.0	96.0	0.0	31.0	84.0	nan	870	808	981	916	854			nan	nan	45	45	161	114	159			nan
nan	136.5	96.0	-96.0	14.9	104.9									236.30000000000001	1	0	0	1	0.13	0.93	0.96	0.0	0.31	0.84	1576004126.9461122	13.0	93.0	96.0	0.0	31.0	84.0	nan	870	808	981	916	854			nan	nan	45	45	161	114	159			nan
nan	136.5	95.9	-95.9	15.0	104.7									236.30000000000001	1	0	0	1	0.39	0.27	0.0	0.48	0.63	0.0	1576004127.05047	39.0	27.0	0.0	48.0	63.0	0.0	nan	870	808	981	916	854			nan	nan	45	45	162	114	159			nan
nan	136.5	95.9	-95.9	15.0	104.7									236.30000000000001	1	0	0	1	0.39	0.27	0.0	0.48	0.63	0.0	1576004127.1549988	39.0	27.0	0.0	48.0	63.0	0.0	nan	870	808	981	916	854			nan	nan	45	45	162	114	159			nan
nan	136.6	96.5	-96.5	14.6	105.5									236.30000000000001	1	0	0	1	0.39	0.27	0.0	0.48	0.63	0.0	1576004127.2593606	39.0	27.0	0.0	48.0	63.0	0.0	nan	870	808	981	916	854			nan	nan	45	45	161	114	159			nan
nan	136.6	96.5	-96.5	14.6	105.5									236.30000000000001	1	0	0	1	0.39	0.27	0.0	0.48	0.63	0.0	1576004127.3655307	39.0	27.0	0.0	48.0	63.0	0.0	nan	870	808	981	916	854			nan	nan	45	45	161	114	159			nan
nan	136.6	96.5	-96.5	14.6	105.5									236.30000000000001	1	0	0	1	0.39	0.27	0.0	0.48	0.63	0.0	1576004127.4701486	39.0	27.0	0.0	48.0	63.0	0.0	nan	870	808	981	916	854			nan	nan	45	45	161	114	159			nan
nan	136.6	96.5	-96.5	14.6	105.5									236.30000000000001	1	0	0	1	0.39	0.27	0.0	0.48	0.63	0.0	1576004127.5767539	39.0	27.0	0.0	48.0	63.0	0.0	nan	870	808	981	916	854			nan	nan	45	45	161	114	159			nan
nan	136.1	96.1	-96.1	14.7	105.3									236.30000000000001	1	0	0	1	0.39	0.27	0.0	0.48	0.63	0.0	1576004127.6819713	39.0	27.0	0.0	48.0	63.0	0.0	nan	870	808	981	916	854			nan	nan	45	45	161	114	159			nan
nan	136.1	96.1	-96.1	14.7	105.3									236.30000000000001	1	0	0	1	0.39	0.27	0.0	0.48	0.63	0.0	1576004127.786502	39.0	27.0	0.0	48.0	63.0	0.0	nan	870	808	981	916	854			nan	nan	45	45	161	114	159			nan
