aIMG0	aIMG1	aIMG2	aIMG3	aIMG4	aIMG5	aIMG6	aIMG7	eps	f0	f1	f2	f3	p0	p1	p2	p3	p4	p5	p6	r0	r1	r2	r3	r4	r5	r6	time	u0	u1	u2	u3	u4	u5	u6	x0	x1	x2	x3	x4	x5	x6	x7	x8	y0	y1	y2	y3	y4	y5	y6	y7	y8
-2.5	2.98	4.9	-4.9	6.4	18.17			0.77	0	0	0	0	0.01	0.01	0.01	0.01	0.01	0.01	0.01	0.0	0.0	0.0	0.0	0.0	0.0	0.0	1568464150.1880639	35.07	38.62	38.09	32.7	32.39	37.62	25.0	117	117	116	16	25	16			373	630	551	472	628	550	472			155
-2.53	3.03	4.98	-4.98	5.88	18.56			1.01	0	0	0	0	0.01	0.01	0.01	0.01	0.01	0.01	0.01	0.0	0.0	0.0	0.0	0.0	0.0	0.0	1568464150.2946143	34.77	38.59	38.01	32.64	32.32	37.57	25.0	117	116	116	16	24	17			373	630	551	472	628	550	471			155
-2.53	3.03	4.98	-4.98	5.88	18.56			1.01	0	0	0	0	0.01	0.01	0.01	0.01	0.01	0.01	0.01	0.0	0.0	0.0	0.0	0.0	0.0	0.0	1568464150.4001312	34.91	38.52	37.83	32.39	32.25	37.51	25.0	117	116	116	16	24	17			373	630	551	472	628	550	471			155
-2.53	3.03	4.98	-4.98	5.88	18.56			1.01	0	0	0	0	0.01	0.01	0.01	0.01	0.01	0.01	0.01	0.0	0.0	0.0	0.0	0.0	0.0	0.0	1568464150.5075247	34.88	38.45	37.82	32.3	32.17	37.46	25.0	117	116	116	16	24	17			373	630	551	472	628	550	471			155
-2.53	3.03	4.98	-4.98	5.88	18.56			1.01	0	0	0	0	0.01	0.01	0.01	0.01	0.01	0.01	0.01	0.0	0.0	0.0	0.0	0.0	0.0	0.0	1568464150.6141224	34.7	38.25	37.75	32.23	32.11	37.38	25.0	117	116	116	16	24	17			373	630	551	472	628	550	471			155
-2.53	3.03	4.98	-4.98	5.88	18.56			1.01	0	0	0	0	0.01	0.01	0.01	0.01	0.01	0.01	0.01	0.0	0.0	0.0	0.0	0.0	0.0	0.0	1568464150.7221417	34.62	38.18	37.66	32.15	32.03	37.32	25.0	117	116	116	16	24	17			373	630	551	472	628	550	471			155
-2.53	3.03	4.98	-4.98	5.88	18.56			1.01	0	0	0	0	0.01	0.01	0.01	0.01	0.01	0.01	0.01	0.0	0.0	0.0	0.0	0.0	0.0	0.0	1568464150.8282309	34.54	38.22	37.44	32.06	31.95	37.26	25.0	117	116	116	16	24	17			373	630	551	472	628	550	471			155
-2.78	3.21	4.67	-4.67	7.96	16.83			0.35	0	0	0	0	0.01	0.01	0.01	0.01	0.01	0.01	0.01	0.0	0.0	0.0	0.0	0.0	0.0	0.0	1568464150.9364347	34.48	38.17	37.62	32.2	31.89	37.2	25.0	117	117	116	16	25	17			373	629	551	472	628	550	472			155
-2.78	3.21	4.67	-4.67	7.96	16.83			0.35	0	0	0	0	0.01	0.01	0.01	0.01	0.01	0.01	0.01	0.0	0.0	0.0	0.0	0.0	0.0	0.0	1568464151.0427828	34.45	37.97	37.4	31.94	31.81	37.14	25.0	117	117	116	16	25	17			373	629	551	472	628	550	472			155
-2.78	3.21	4.67	-4.67	7.96	16.83			0.35	0	0	0	0	0.01	0.01	0.01	0.01	0.01	0.01	0.01	0.0	0.0	0.0	0.0	0.0	0.0	0.0	1568464151.1489952	34.35	38.04	37.33	32.06	31.75	37.09	25.0	117	117	116	16	25	17			373	629	551	472	628	550	472			155
-2.78	3.21	4.67	-4.67	7.96	16.83			0.35	0	0	0	0	0.01	0.01	0.01	0.01	0.01	0.01	0.01	0.0	0.0	0.0	0.0	0.0	0.0	0.0	1568464151.2601879	34.27	37.94	37.24	31.8	31.67	37.03	25.0	117	117	116	16	25	17			373	629	551	472	628	550	472			155
-2.78	3.21	4.67	-4.67	7.96	16.83			0.35	0	0	0	0	0.01	0.01	0.01	0.01	0.01	0.01	0.01	0.0	0.0	0.0	0.0	0.0	0.0	0.0	1568464151.3664703	34.19	37.9	37.02	31.75	31.6	36.96	25.0	117	117	116	16	25	17			373	629	551	472	628	550	472			155
-2.78	3.21	4.67	-4.67	7.96	16.83			0.35	0	0	0	0	0.01	0.01	0.01	0.01	0.01	0.01	0.01	0.0	0.0	0.0	0.0	0.0	0.0	0.0	1568464151.4724925	34.14	37.82	37.08	31.66	31.55	36.94	25.0	117	117	116	16	25	17			373	629	551	472	628	550	472			155
-2.87	3.07	5.07	-5.07	6.13	18.46			0.88	0	0	0	0	0.01	0.01	0.01	0.01	0.01	0.01	0.01	0.0	0.0	0.0	0.0	0.0	0.0	0.0	1568464151.5814428	34.1	37.81	37.04	31.62	31.51	36.89	25.0	117	116	116	16	24	17			373	630	551	472	628	550	471			155
-2.87	3.07	5.07	-5.07	6.13	18.46			0.88	0	0	0	0	0.01	0.01	0.01	0.01	0.01	0.01	0.01	0.0	0.0	0.0	0.0	0.0	0.0	0.0	1568464151.688781	34.07	37.63	36.99	31.58	31.47	37.0	25.0	117	116	116	16	24	17			373	630	551	472	628	550	471			155
-2.87	3.07	5.07	-5.07	6.13	18.46			0.88	0	0	0	0	0.01	0.01	0.01	0.01	0.01	0.01	0.01	0.0	0.0	0.0	0.0	0.0	0.0	0.0	1568464151.7964296	34.03	37.73	36.96	31.75	31.43	37.01	25.0	117	116	116	16	24	17			373	630	551	472	628	550	471			155
-2.87	3.07	5.07	-5.07	6.13	18.46			0.88	0	0	0	0	0.01	0.01	0.01	0.01	0.01	0.01	0.01	0.0	0.0	0.0	0.0	0.0	0.0	0.0	1568464151.9146636	34.1	37.68	36.89	31.64	31.38	36.8	25.0	117	116	116	16	24	17			373	630	551	472	628	550	471			155
-2.87	3.07	5.07	-5.07	6.13	18.46			0.88	1	0	0	1	0.01	0.01	0.01	0.01	0.01	0.01	0.01	0.41	0.0	0.0	0.44	0.33	0.0	0	1568464152.0228987	67.12	37.63	36.87	67.22	58.06	36.75	25.0	117	116	116	16	24	17			373	630	551	472	628	550	471			155
-3.11	2.43	5.38	-5.38	5.95	19.56			1.04	1	0	0	1	0.33	0.01	0.01	0.13	0.16	0.01	0.01	0.41	0.0	0.0	0.44	0.33	0.0	0	1568464152.1304457	50.99	37.57	36.76	62.34	49.38	36.7	25.0	117	117	116	16	25	16			373	630	551	472	628	550	472			155
-3.11	2.43	5.38	-5.38	5.95	19.56			1.04	1	0	0	1	0.39	0.01	0.01	0.3	0.25	0.01	0.01	0.41	0.0	0.0	0.44	0.33	0.0	0	1568464152.2371292	40.03	37.5	36.67	49.86	42.73	36.64	25.0	117	117	116	16	25	16			373	630	551	472	628	550	472			155
-3.11	2.43	5.38	-5.38	5.95	19.56			1.04	1	0	0	1	0.28	0.01	0.01	0.33	0.27	0.01	0.01	0.41	0.0	0.0	0.44	0.33	0.0	0	1568464152.3444822	49.38	37.43	36.6	48.28	41.36	36.74	25.0	117	117	116	16	25	16			373	630	551	472	628	550	472			155
-3.11	2.43	5.38	-5.38	5.95	19.56			1.04	1	0	0	1	0.38	0.01	0.01	0.34	0.28	0.01	0.01	0.41	0.0	0.0	0.44	0.33	0.0	0	1568464152.452898	42.69	37.22	36.51	47.85	40.68	36.54	25.0	117	117	116	16	25	16			373	630	551	472	628	550	472			155
-3.11	2.43	5.38	-5.38	5.95	19.56			1.04	1	0	0	1	0.3	0.01	0.01	0.35	0.27	0.01	0.01	0.41	0.0	0.0	0.44	0.33	0.0	0	1568464152.5610611	47.91	37.28	36.3	47.62	41.82	36.48	25.0	117	117	116	16	25	16			373	630	551	472	628	550	472			155
-3.11	2.43	5.38	-5.38	5.95	19.56			1.04	1	0	0	1	0.38	0.01	0.01	0.36	0.29	0.01	0.01	0.41	0.0	0.0	0.44	0.33	0.0	0	1568464152.6680133	42.93	37.17	36.33	47.56	41.16	36.56	25.0	117	117	116	16	25	16			373	630	551	472	628	550	472			155
-3.19	3.25	5.14	-5.14	7.18	18.52			0.63	1	0	0	1	0.33	0.01	0.01	0.36	0.27	0.01	0.01	0.41	0.0	0.0	0.44	0.33	0.0	0	1568464152.7758236	47.78	37.12	36.12	47.74	42.2	36.43	25.0	117	117	116	15	25	17			373	630	551	472	628	550	471			155
-3.19	3.25	5.14	-5.14	7.18	18.52			0.63	1	0	0	1	0.39	0.01	0.01	0.37	0.29	0.01	0.01	0.41	0.0	0.0	0.44	0.33	0.0	0	1568464152.8830285	43.74	37.1	36.19	47.97	41.18	36.35	25.0	117	117	116	15	25	17			373	630	551	472	628	550	471			155
-3.19	3.25	5.14	-5.14	7.18	18.52			0.63	1	1	1	1	0.34	0.01	0.01	0.38	0.28	0.01	0.01	0.41	0.0	0.0	0.44	0.33	0.0	0	1568464152.9925303	47.77	37.03	36.12	47.67	42.31	36.28	25.0	117	117	116	15	25	17			373	630	551	472	628	550	471			155
-3.19	3.25	5.14	-5.14	7.18	18.52			0.63	1	1	1	1	0.38	0.01	0.01	0.38	0.3	0.01	0.01	0.41	0.0	0.0	0.44	0.33	0.0	0	1568464153.1216142	44.29	36.95	36.01	47.96	41.29	36.36	25.0	117	117	116	15	25	17			373	630	551	472	628	550	471			155
-3.19	3.25	5.14	-5.14	7.18	18.52			0.63	0	1	1	0	0.38	0.01	0.01	0.38	0.29	0.01	0.01	0.41	0.0	0.0	0.44	0.33	0.0	0	1568464153.2282822	46.19	36.89	35.94	47.92	42.17	36.18	25.0	117	117	116	15	25	17			373	630	551	472	628	550	471			155
-3.19	3.25	5.14	-5.14	7.18	18.52			0.63	0	1	1	0	0.03	0.17	0.18	0.01	0.28	0.18	0.01	0.13	0.93	0.96	0.0	0.31	0.84	0	1568464153.3426673	47.15	75.0	75.0	39.76	41.44	75.0	25.0	117	117	116	15	25	17			373	630	551	472	628	550	471			155
-3.19	3.25	5.14	-5.14	7.18	18.52			0.63	0	1	1	0	0.15	1.0	1.17	0.01	0.27	0.72	0.01	0.13	0.93	0.96	0.0	0.31	0.84	0	1568464153.4499414	43.04	32.26	29.26	41.37	42.52	46.39	25.0	117	117	116	15	25	17			373	630	551	472	628	550	471			155
-3.19	3.25	5.14	-5.14	7.18	18.52			0.63	0	1	1	0	0.08	0.7	0.55	0.01	0.3	0.68	0.01	0.13	0.93	0.96	0.0	0.31	0.84	0	1568464153.568607	45.77	72.68	75.0	41.32	40.62	57.29	25.0	117	117	116	15	25	17			373	630	551	472	628	550	471			155
5.61	-1.19	-5.39	5.39	19.86	8.07			0.31	0	1	1	0	0.14	0.89	0.9	0.01	0.29	0.68	0.01	0.13	0.93	0.96	0.0	0.31	0.84	0	1568464153.677105	42.11	41.44	44.11	41.23	42.01	55.49	25.0	119	119	122	16	27	18			373	630	551	472	628	550	472			155
5.61	-1.19	-5.39	5.39	19.86	8.07			0.31	0	1	1	0	0.11	0.71	0.69	0.01	0.3	0.72	0.01	0.13	0.93	0.96	0.0	0.31	0.84	0	1568464153.7851772	45.48	63.29	68.23	41.28	40.89	54.12	25.0	119	119	122	16	27	18			373	630	551	472	628	550	472			155
5.61	-1.19	-5.39	5.39	19.86	8.07			0.31	0	1	1	0	0.11	0.94	0.91	0.01	0.29	0.75	0.01	0.13	0.93	0.96	0.0	0.31	0.84	0	1568464153.8928838	43.56	44.2	48.05	41.35	42.03	52.48	25.0	119	119	122	16	27	18			373	630	551	472	628	550	472			155
5.61	-1.19	-5.39	5.39	19.86	8.07			0.31	0	1	1	0	0.13	0.81	0.77	0.01	0.29	0.75	0.01	0.13	0.93	0.96	0.0	0.31	0.84	0	1568464154.0019186	43.49	54.73	62.41	40.99	41.5	52.69	25.0	119	119	122	16	27	18			373	630	551	472	628	550	472			155
10.15	-2.83	-14.34	14.34	27.73	1.18			1.3	0	1	1	0	0.1	0.86	0.86	0.01	0.3	0.76	0.01	0.13	0.93	0.96	0.0	0.31	0.84	0	1568464154.1174514	45.06	52.24	55.02	41.03	41.47	52.65	25.0	117	122	132	20	30	22			373	631	552	474	628	550	472			155
10.15	-2.83	-14.34	14.34	27.73	1.18			1.3	0	1	1	0	0.13	0.86	0.85	0.01	0.29	0.77	0.01	0.13	0.93	0.96	0.0	0.31	0.84	0	1568464154.2357247	42.44	51.89	58.83	40.96	41.64	52.71	25.0	117	122	132	20	30	22			373	631	552	474	628	550	472			155
10.15	-2.83	-14.34	14.34	27.73	1.18			1.3	0	1	1	0	0.14	0.87	0.87	0.01	0.3	0.77	0.01	0.13	0.93	0.96	0.0	0.31	0.84	0	1568464154.351703	43.77	52.2	56.85	40.86	41.27	52.9	25.0	117	122	132	20	30	22			373	631	552	474	628	550	472			155
nan	nan	nan	nan	nan	nan			nan	0	1	1	0	0.1	0.88	0.88	0.01	0.29	0.78	0.01	0.13	0.93	0.96	0.0	0.31	0.84	0	1568464154.4599214	45.03	51.94	56.97	40.96	42.13	52.81	25.0	nan	nan	nan	nan	nan	nan			nan	nan	nan	nan	nan	nan	nan			nan
nan	nan	nan	nan	nan	nan			nan	0	1	1	0	0.13	0.88	0.88	0.01	0.3	0.79	0.01	0.13	0.93	0.96	0.0	0.31	0.84	0	1568464154.5727868	42.41	52.05	57.0	40.72	41.26	52.79	25.0	nan	nan	nan	nan	nan	nan			nan	nan	nan	nan	nan	nan	nan			nan
nan	nan	nan	nan	nan	nan			nan	0	1	1	0	0.13	0.89	0.9	0.01	0.3	0.79	0.01	0.13	0.93	0.96	0.0	0.31	0.84	0	1568464154.6796489	45.24	52.06	56.87	40.64	42.07	52.96	25.0	nan	nan	nan	nan	nan	nan			nan	nan	nan	nan	nan	nan	nan			nan
nan	nan	nan	nan	nan	nan			nan	0	1	1	0	0.1	0.89	0.9	0.01	0.3	0.79	0.01	0.13	0.93	0.96	0.0	0.31	0.84	0	1568464154.7875566	43.91	51.91	56.95	40.56	41.45	53.05	25.0	nan	nan	nan	nan	nan	nan			nan	nan	nan	nan	nan	nan	nan			nan
nan	nan	nan	nan	nan	nan			nan	0	1	1	0	0.14	0.89	0.91	0.01	0.31	0.8	0.01	0.13	0.93	0.96	0.0	0.31	0.84	0	1568464154.8956435	43.77	52.0	56.8	40.49	41.9	53.03	25.0	nan	nan	nan	nan	nan	nan			nan	nan	nan	nan	nan	nan	nan			nan
nan	nan	nan	nan	nan	nan			nan	0	1	1	0	0.1	0.9	0.91	0.01	0.3	0.8	0.01	0.13	0.93	0.96	0.0	0.31	0.84	0	1568464155.0042517	44.93	51.91	57.07	40.41	41.63	53.33	25.0	nan	nan	nan	nan	nan	nan			nan	nan	nan	nan	nan	nan	nan			nan
-3.06	53.17	59.95	-59.95	3.28	78.69			355.54	0	1	1	0	0.15	0.9	0.92	0.01	0.3	0.8	0.01	0.13	0.93	0.96	0.0	0.31	0.84	0	1568464155.1190984	42.64	51.96	56.66	40.53	41.67	53.16	25.0	187	144	133	20	56	39			373	616	550	475	627	557	486			155
-3.06	53.17	59.95	-59.95	3.28	78.69			355.54	1	1	1	1	0.11	0.89	0.91	0.01	0.3	0.81	0.01	0.13	0.0	0.96	0.0	0.31	0.84	0	1568464155.230868	46.45	25.0	57.05	40.5	41.5	52.9	25.0	187	144	133	20	56	39			373	616	550	475	627	557	486			155
-3.06	53.17	59.95	-59.95	3.28	78.69			355.54	1	1	1	1	0.11	0.03	0.93	0.01	0.31	0.81	0.01	0.13	0.0	0.96	0.0	0.31	0.84	0	1568464155.339366	42.84	42.41	56.64	40.23	41.57	52.84	25.0	187	144	133	20	56	39			373	616	550	475	627	557	486			155
-3.06	53.17	59.95	-59.95	3.28	78.69			355.54	1	0	0	1	0.14	0.04	0.92	0.01	0.3	0.82	0.01	0.13	0.0	0.96	0.0	0.31	0.84	0	1568464155.4467633	43.26	43.94	56.85	40.14	41.86	52.65	25.0	187	144	133	20	56	39			373	616	550	475	627	557	486			155
-3.06	53.17	59.95	-59.95	3.28	78.69			355.54	1	0	0	1	0.24	0.21	0.79	0.08	0.37	0.73	0.01	0.39	0.27	0.0	0.48	0.63	0.0	0	1568464155.5678566	61.44	59.64	25.0	75.0	65.13	25.0	25.0	187	144	133	20	56	39			373	616	550	475	627	557	486			155
-3.06	53.17	59.95	-59.95	3.28	78.69			355.54	1	0	0	1	0.44	0.34	0.05	0.83	0.5	0.05	0.01	0.39	0.27	0.0	0.48	0.63	0.0	0	1568464155.6762304	41.97	42.09	47.43	25.0	55.61	44.79	25.0	187	144	133	20	56	39			373	616	550	475	627	557	486			155
2.98	76.21	83.88	-83.88	-0.1	93.32			350.64	1	0	0	1	0.39	0.26	0.09	0.3	0.56	0.06	0.01	0.39	0.27	0.0	0.48	0.63	0.0	0	1568464155.7858322	44.06	47.31	43.93	55.67	49.98	42.96	25.0	208	145	129	20	63	45			373	595	547	476	627	561	492			155
2.98	76.21	83.88	-83.88	-0.1	93.32			350.64	1	0	0	1	0.39	0.29	0.07	0.39	0.58	0.06	0.01	0.39	0.27	0.0	0.48	0.63	0.0	0	1568464155.8942962	45.27	46.26	44.78	52.48	49.38	43.12	25.0	208	145	129	20	63	45			373	595	547	476	627	561	492			155
2.98	76.21	83.88	-83.88	-0.1	93.32			350.64	1	0	0	1	0.37	0.28	0.06	0.43	0.59	0.05	0.01	0.39	0.27	0.0	0.48	0.63	0.0	0	1568464156.002501	45.18	45.86	44.79	49.6	48.78	43.24	25.0	208	145	129	20	63	45			373	595	547	476	627	561	492			155
3.16	79.43	86.36	-86.36	-0.1	96.05			350.18	1	0	0	1	0.41	0.28	0.05	0.44	0.6	0.05	0.01	0.39	0.27	0.0	0.48	0.63	0.0	0	1568464156.1198778	44.35	46.84	44.94	49.05	48.01	43.24	25.0	210	145	129	20	63	45			373	592	547	476	627	561	493			155
3.16	79.43	86.36	-86.36	-0.1	96.05			350.18	1	0	0	1	0.35	0.28	0.05	0.43	0.61	0.04	0.01	0.39	0.27	0.0	0.48	0.63	0.0	0	1568464156.2281497	47.15	46.51	44.91	49.57	47.4	43.2	25.0	210	145	129	20	63	45			373	592	547	476	627	561	493			155
3.16	79.43	86.36	-86.36	-0.1	96.05			350.18	1	0	0	1	0.41	0.27	0.04	0.43	0.62	0.04	0.01	0.39	0.27	0.0	0.48	0.63	0.0	0	1568464156.3408127	43.19	46.69	45.04	49.96	47.07	42.99	25.0	210	145	129	20	63	45			373	592	547	476	627	561	493			155
3.16	79.43	86.36	-86.36	-0.1	96.05			350.18	1	0	0	1	0.38	0.28	0.04	0.44	0.62	0.04	0.01	0.39	0.27	0.0	0.48	0.63	0.0	0	1568464156.4486482	46.5	46.43	44.72	49.61	47.1	42.68	25.0	210	145	129	20	63	45			373	592	547	476	627	561	493			155
3.16	79.43	86.36	-86.36	-0.1	96.05			350.18	1	0	0	1	0.38	0.27	0.04	0.46	0.62	0.04	0.01	0.39	0.27	0.0	0.48	0.63	0.0	0	1568464156.5628917	45.2	46.59	44.92	48.82	46.99	42.49	25.0	210	145	129	20	63	45			373	592	547	476	627	561	493			155
3.16	79.43	86.36	-86.36	-0.1	96.05			350.18	1	0	0	1	0.41	0.28	0.03	0.46	0.62	0.04	0.01	0.39	0.27	0.0	0.48	0.63	0.0	0	1568464156.6699498	44.97	46.58	44.85	48.71	47.06	42.43	25.0	210	145	129	20	63	45			373	592	547	476	627	561	493			155
3.16	79.43	86.36	-86.36	-0.1	96.05			350.18	1	0	0	1	0.36	0.27	0.03	0.46	0.62	0.03	0.01	0.39	0.27	0.0	0.48	0.63	0.0	0	1568464156.7772686	46.89	46.46	44.59	48.86	47.02	42.54	25.0	210	145	129	20	63	45			373	592	547	476	627	561	493			155
3.16	79.43	86.36	-86.36	-0.1	96.05			350.18	1	0	0	1	0.41	0.27	0.03	0.46	0.62	0.03	0.01	0.39	0.27	0.0	0.48	0.63	0.0	0	1568464156.8849392	43.25	46.55	44.62	49.03	46.93	42.29	25.0	210	145	129	20	63	45			373	592	547	476	627	561	493			155
3.16	79.43	86.36	-86.36	-0.1	96.05			350.18	1	0	0	1	0.36	0.27	0.03	0.46	0.62	0.03	0.01	0.39	0.27	0.0	0.48	0.63	0.0	0	1568464156.9932325	47.57	46.43	44.39	49.07	46.94	42.17	25.0	210	145	129	20	63	45			373	592	547	476	627	561	493			155
3.16	79.43	86.36	-86.36	-0.1	96.05			350.18	1	0	0	1	0.42	0.27	0.03	0.46	0.62	0.03	0.01	0.39	0.27	0.0	0.48	0.63	0.0	0	1568464157.1022627	43.18	46.62	44.42	48.96	46.95	42.2	25.0	210	145	129	20	63	45			373	592	547	476	627	561	493			155
2.45	74.04	83.27	-83.27	8.51	97.18			348.81	1	1	1	1	0.36	0.27	0.03	0.47	0.62	0.03	0.01	0.39	0.27	0.0	0.48	0.63	0.0	0	1568464157.2100606	49.01	46.41	44.27	48.75	46.98	42.06	25.0	212	148	128	20	65	44			373	591	545	474	626	561	494			155
2.45	74.04	83.27	-83.27	8.51	97.18			348.81	1	1	1	1	0.4	0.27	0.03	0.47	0.63	0.03	0.01	0.39	0.27	0.0	0.48	0.63	0.0	0	1568464157.3196476	43.72	46.56	44.21	48.62	46.9	41.94	25.0	212	148	128	20	65	44			373	591	545	474	626	561	494			155
2.45	74.04	83.27	-83.27	8.51	97.18			348.81	0	1	1	0	0.4	0.27	0.03	0.47	0.63	0.02	0.01	0.39	0.27	0.0	0.48	0.63	0.0	0	1568464157.4288986	46.98	46.59	44.04	48.74	46.87	41.9	25.0	212	148	128	20	65	44			373	591	545	474	626	561	494			155
2.45	74.04	83.27	-83.27	8.51	97.18			348.81	0	1	1	0	0.03	1.09	0.28	0.02	0.21	0.27	0.01	0.13	0.93	0.96	0.0	0.31	0.84	0	1568464157.5424154	47.84	71.87	75.0	41.22	35.13	75.0	25.0	212	148	128	20	65	44			373	591	545	474	626	561	494			155
2.45	74.04	83.27	-83.27	8.51	97.18			348.81	0	1	1	0	0.23	0.8	1.04	0.02	0.38	0.69	0.01	0.13	0.93	0.96	0.0	0.31	0.84	0	1568464157.650297	39.9	54.68	39.61	44.47	41.94	54.42	25.0	212	148	128	20	65	44			373	591	545	474	626	561	494			155
2.45	74.04	83.27	-83.27	8.51	97.18			348.81	0	1	1	0	0.09	0.96	0.73	0.03	0.36	0.9	0.01	0.13	0.93	0.96	0.0	0.31	0.84	0	1568464157.757977	48.19	50.67	70.84	44.02	39.46	46.26	25.0	212	148	128	20	65	44			373	591	545	474	626	561	494			155
2.45	74.04	83.27	-83.27	8.51	97.18			348.81	0	1	1	0	0.15	0.83	0.81	0.03	0.36	0.71	0.01	0.13	0.93	0.96	0.0	0.31	0.84	0	1568464157.865868	40.0	53.59	51.89	43.9	43.28	58.14	25.0	212	148	128	20	65	44			373	591	545	474	626	561	494			155
2.45	74.04	83.27	-83.27	8.51	97.18			348.81	0	1	1	0	0.17	0.9	0.95	0.02	0.35	0.81	0.01	0.13	0.93	0.96	0.0	0.31	0.84	0	1568464157.9957802	43.84	53.3	55.44	43.85	41.03	51.12	25.0	212	148	128	20	65	44			373	591	545	474	626	561	494			155
2.45	74.04	83.27	-83.27	8.51	97.18			348.81	0	1	1	0	0.11	0.9	0.82	0.02	0.34	0.78	0.01	0.13	0.93	0.96	0.0	0.31	0.84	0	1568464158.1068344	45.81	52.36	61.53	44.01	41.66	53.7	25.0	212	148	128	20	65	44			373	591	545	474	626	561	494			155
2.45	74.04	83.27	-83.27	8.51	97.18			348.81	0	1	1	0	0.17	0.9	0.95	0.02	0.34	0.79	0.01	0.13	0.93	0.96	0.0	0.31	0.84	0	1568464158.2190201	41.66	52.47	53.66	43.79	41.76	53.04	25.0	212	148	128	20	65	44			373	591	545	474	626	561	494			155
2.45	74.04	83.27	-83.27	8.51	97.18			348.81	0	1	1	0	0.13	0.91	0.88	0.02	0.34	0.8	0.01	0.13	0.93	0.96	0.0	0.31	0.84	0	1568464158.3294609	44.72	52.34	58.97	43.81	41.43	52.9	25.0	212	148	128	20	65	44			373	591	545	474	626	561	494			155
2.45	74.04	83.27	-83.27	8.51	97.18			348.81	0	1	1	0	0.12	0.91	0.91	0.02	0.32	0.8	0.01	0.13	0.93	0.96	0.0	0.31	0.84	0	1568464158.4374936	44.74	52.19	56.78	43.57	42.23	52.83	25.0	212	148	128	20	65	44			373	591	545	474	626	561	494			155
2.45	74.04	83.27	-83.27	8.51	97.18			348.81	0	1	1	0	0.15	0.91	0.92	0.02	0.33	0.81	0.01	0.13	0.93	0.96	0.0	0.31	0.84	0	1568464158.564191	42.34	52.22	56.84	43.6	41.18	52.8	25.0	212	148	128	20	65	44			373	591	545	474	626	561	494			155
42.76	19.51	-17.78	17.78	69.25	22.88			341.62	0	1	1	0	0.13	0.92	0.91	0.02	0.33	0.81	0.01	0.13	0.93	0.96	0.0	0.31	0.84	0	1568464158.6722152	45.05	52.02	57.41	43.46	41.96	52.85	25.0	218	179	179	82	92	42			373	592	526	447	628	555	493			155
42.76	19.51	-17.78	17.78	69.25	22.88			341.62	0	1	1	0	0.12	0.92	0.93	0.01	0.32	0.81	0.01	0.13	0.93	0.96	0.0	0.31	0.84	0	1568464158.7799232	42.7	51.9	56.62	43.54	41.16	52.89	25.0	218	179	179	82	92	42			373	592	526	447	628	555	493			155
42.76	19.51	-17.78	17.78	69.25	22.88			341.62	0	1	1	0	0.16	0.92	0.93	0.02	0.33	0.82	0.01	0.13	0.93	0.96	0.0	0.31	0.84	0	1568464158.8887248	43.8	52.15	57.18	43.24	41.81	52.93	25.0	218	179	179	82	92	42			373	592	526	447	628	555	493			155
42.76	19.51	-17.78	17.78	69.25	22.88			341.62	0	1	1	0	0.1	0.92	0.93	0.02	0.33	0.82	0.01	0.13	0.93	0.96	0.0	0.31	0.84	0	1568464158.999494	44.66	51.73	56.56	43.32	41.33	52.95	25.0	218	179	179	82	92	42			373	592	526	447	628	555	493			155
42.76	19.51	-17.78	17.78	69.25	22.88			341.62	1	1	1	1	0.17	0.87	0.93	0.01	0.33	0.82	0.01	0.13	0.0	0.96	0.0	0.31	0.84	0	1568464159.1102562	42.91	25.0	57.18	43.22	41.89	53.11	25.0	218	179	179	82	92	42			373	592	526	447	628	555	493			155
42.76	19.51	-17.78	17.78	69.25	22.88			341.62	1	1	1	1	0.11	0.04	0.93	0.01	0.32	0.82	0.01	0.13	0.0	0.96	0.0	0.31	0.84	0	1568464159.2178378	45.84	45.43	56.84	43.32	41.6	53.35	25.0	218	179	179	82	92	42			373	592	526	447	628	555	493			155
4.71	97.43	65.49	-65.49	34.15	94.27			333.21	1	0	0	1	0.14	0.07	0.94	0.01	0.33	0.82	0.01	0.13	0.0	0.96	0.0	0.31	0.84	0	1568464159.324705	43.15	43.49	56.76	43.19	41.39	53.02	25.0	275	206	193	98	128	82			373	553	515	447	626	555	502			155
4.71	97.43	65.49	-65.49	34.15	94.27			333.21	1	0	0	1	0.21	0.15	0.89	0.08	0.36	0.75	0.01	0.39	0.27	0.0	0.48	0.63	0.0	0	1568464159.4322588	60.85	59.79	25.0	75.0	65.1	25.0	25.0	275	206	193	98	128	82			373	553	515	447	626	555	502			155
4.71	97.43	65.49	-65.49	34.15	94.27			333.21	1	0	0	1	0.44	0.35	0.05	0.77	0.51	0.05	0.01	0.39	0.27	0.0	0.48	0.63	0.0	0	1568464159.547405	41.79	42.36	48.13	25.0	55.49	45.1	25.0	275	206	193	98	128	82			373	553	515	447	626	555	502			155
4.71	97.43	65.49	-65.49	34.15	94.27			333.21	1	0	0	1	0.38	0.27	0.1	0.34	0.58	0.07	0.01	0.39	0.27	0.0	0.48	0.63	0.0	0	1568464159.6555974	43.1	45.86	43.99	55.12	50.14	43.06	25.0	275	206	193	98	128	82			373	553	515	447	626	555	502			155
4.71	97.43	65.49	-65.49	34.15	94.27			333.21	1	0	0	1	0.41	0.3	0.08	0.41	0.59	0.06	0.01	0.39	0.27	0.0	0.48	0.63	0.0	0	1568464159.7670298	45.85	46.6	45.18	52.52	49.65	43.35	25.0	275	206	193	98	128	82			373	553	515	447	626	555	502			155
4.71	97.43	65.49	-65.49	34.15	94.27			333.21	1	0	0	1	0.38	0.29	0.07	0.45	0.6	0.05	0.01	0.39	0.27	0.0	0.48	0.63	0.0	0	1568464159.8747396	45.51	45.92	44.97	49.75	48.75	43.43	25.0	275	206	193	98	128	82			373	553	515	447	626	555	502			155
7.16	102.26	76.48	-76.48	32.17	100.28			330.6	1	0	0	1	0.41	0.28	0.06	0.46	0.61	0.05	0.01	0.39	0.27	0.0	0.48	0.63	0.0	0	1568464159.9811857	44.99	47.09	45.12	48.89	48.2	43.3	25.0	279	205	185	97	130	84			373	540	515	449	627	557	505			155
7.16	102.26	76.48	-76.48	32.17	100.28			330.6	1	0	0	1	0.36	0.29	0.05	0.46	0.62	0.05	0.01	0.39	0.27	0.0	0.48	0.63	0.0	0	1568464160.0906436	46.6	46.18	45.21	49.14	47.58	43.4	25.0	279	205	185	97	130	84			373	540	515	449	627	557	505			155
7.16	102.26	76.48	-76.48	32.17	100.28			330.6	1	0	0	1	0.42	0.28	0.05	0.45	0.62	0.04	0.01	0.39	0.27	0.0	0.48	0.63	0.0	0	1568464160.1991508	43.57	46.77	45.09	49.74	47.17	43.18	25.0	279	205	185	97	130	84			373	540	515	449	627	557	505			155
7.16	102.26	76.48	-76.48	32.17	100.28			330.6	1	0	0	1	0.36	0.28	0.05	0.46	0.63	0.04	0.01	0.39	0.27	0.0	0.48	0.63	0.0	0	1568464160.3057492	47.29	46.43	45.32	49.6	47.0	42.89	25.0	279	205	185	97	130	84			373	540	515	449	627	557	505			155
7.77	95.59	76.33	-76.33	31.33	99.84			330.78	1	0	0	1	0.4	0.28	0.04	0.46	0.63	0.04	0.01	0.39	0.27	0.0	0.48	0.63	0.0	0	1568464160.4131322	43.43	46.73	45.08	49.52	46.95	42.67	25.0	280	205	182	99	131	85			373	541	515	449	628	557	505			155
7.77	95.59	76.33	-76.33	31.33	99.84			330.78	1	0	0	1	0.4	0.28	0.04	0.46	0.63	0.04	0.01	0.39	0.27	0.0	0.48	0.63	0.0	0	1568464160.5205567	46.21	46.39	44.74	49.54	46.78	42.56	25.0	280	205	182	99	131	85			373	541	515	449	628	557	505			155
7.77	95.59	76.33	-76.33	31.33	99.84			330.78	1	0	0	1	0.38	0.28	0.04	0.46	0.63	0.03	0.01	0.39	0.27	0.0	0.48	0.63	0.0	0	1568464160.6303368	45.39	46.69	44.74	49.68	46.68	42.72	25.0	280	205	182	99	131	85			373	541	515	449	628	557	505			155
7.77	95.59	76.33	-76.33	31.33	99.84			330.78	1	0	0	1	0.41	0.28	0.03	0.47	0.63	0.03	0.01	0.39	0.27	0.0	0.48	0.63	0.0	0	1568464160.7392468	44.82	46.63	44.77	49.01	46.81	42.52	25.0	280	205	182	99	131	85			373	541	515	449	628	557	505			155
7.77	95.59	76.33	-76.33	31.33	99.84			330.78	1	0	0	1	0.36	0.28	0.03	0.48	0.63	0.03	0.01	0.39	0.27	0.0	0.48	0.63	0.0	0	1568464160.8466883	46.85	46.42	44.56	48.78	46.83	42.41	25.0	280	205	182	99	131	85			373	541	515	449	628	557	505			155
7.77	95.59	76.33	-76.33	31.33	99.84			330.78	1	0	0	1	0.42	0.27	0.03	0.48	0.63	0.03	0.01	0.39	0.27	0.0	0.48	0.63	0.0	0	1568464160.9543786	44.25	46.71	44.67	48.75	46.85	42.22	25.0	280	205	182	99	131	85			373	541	515	449	628	557	505			155
7.77	95.59	76.33	-76.33	31.33	99.84			330.78	1	1	1	1	0.35	0.28	0.03	0.48	0.63	0.03	0.01	0.39	0.27	0.0	0.48	0.63	0.0	0	1568464161.0637789	47.45	46.27	44.48	48.77	46.91	42.19	25.0	280	205	182	99	131	85			373	541	515	449	628	557	505			155
7.77	95.59	76.33	-76.33	31.33	99.84			330.78	1	1	1	1	0.41	0.27	0.03	0.47	0.63	0.03	0.01	0.39	0.27	0.0	0.48	0.63	0.0	0	1568464161.1842444	42.76	46.59	44.42	48.95	47.0	41.98	25.0	280	205	182	99	131	85			373	541	515	449	628	557	505			155
7.77	95.59	76.33	-76.33	31.33	99.84			330.78	0	1	1	0	0.39	0.28	0.03	0.48	0.63	0.03	0.01	0.39	0.27	0.0	0.48	0.63	0.0	0	1568464161.2930913	47.94	46.5	44.34	48.91	46.94	42.05	25.0	280	205	182	99	131	85			373	541	515	449	628	557	505			155
7.77	95.59	76.33	-76.33	31.33	99.84			330.78	0	1	1	0	0.03	1.03	0.27	0.02	0.42	0.25	0.01	0.13	0.93	0.96	0.0	0.31	0.84	0	1568464161.40976	45.76	75.0	75.0	40.88	33.03	75.0	25.0	280	205	182	99	131	85			373	541	515	449	628	557	505			155
7.77	95.59	76.33	-76.33	31.33	99.84			330.78	0	1	1	0	0.2	0.79	1.05	0.03	0.37	0.73	0.01	0.13	0.93	0.96	0.0	0.31	0.84	0	1568464161.5169866	42.65	50.18	39.8	44.74	42.85	51.25	25.0	280	205	182	99	131	85			373	541	515	449	628	557	505			155
20.82	40.92	37.92	-37.92	78.83	56.58			325.29	0	1	1	0	0.08	0.88	0.75	0.03	0.36	0.88	0.01	0.13	0.93	0.96	0.0	0.31	0.84	0	1568464161.6237686	46.63	61.49	75.0	44.22	36.6	55.79	25.0	280	209	166	105	135	82			373	539	505	440	623	557	502			155
20.82	40.92	37.92	-37.92	78.83	56.58			325.29	0	1	1	0	0.18	0.86	0.81	0.03	0.36	0.71	0.01	0.13	0.93	0.96	0.0	0.31	0.84	0	1568464161.7326589	40.5	48.83	51.5	44.03	43.54	56.91	25.0	280	209	166	105	135	82			373	539	505	440	623	557	502			155
20.82	40.92	37.92	-37.92	78.83	56.58			325.29	0	1	1	0	0.14	0.86	1.01	0.03	0.37	0.8	0.01	0.13	0.93	0.96	0.0	0.31	0.84	0	1568464161.8441374	46.77	57.31	63.19	44.15	39.83	52.1	25.0	280	209	166	105	135	82			373	539	505	440	623	557	502			155
20.82	40.92	37.92	-37.92	78.83	56.58			325.29	0	1	1	0	0.11	0.91	0.84	0.02	0.34	0.78	0.01	0.13	0.93	0.96	0.0	0.31	0.84	0	1568464161.9519625	43.15	49.58	58.55	44.17	42.42	53.43	25.0	280	209	166	105	135	82			373	539	505	440	623	557	502			155
54.42	23.43	-37.41	37.41	73.5	26.85			326.25	0	1	1	0	0.16	0.89	0.89	0.02	0.34	0.8	0.01	0.13	0.93	0.96	0.0	0.31	0.84	0	1568464162.066057	43.18	53.42	58.35	43.99	41.35	52.79	25.0	282	231	227	176	156	84			373	541	484	406	605	534	503			155
54.42	23.43	-37.41	37.41	73.5	26.85			326.25	0	1	1	0	0.11	0.91	0.88	0.02	0.34	0.8	0.01	0.13	0.93	0.96	0.0	0.31	0.84	0	1568464162.1937726	46.0	51.89	58.88	44.04	41.47	52.94	25.0	282	231	227	176	156	84			373	541	484	406	605	534	503			155
54.42	23.43	-37.41	37.41	73.5	26.85			326.25	0	1	1	0	0.13	0.91	0.93	0.02	0.33	0.8	0.01	0.13	0.93	0.96	0.0	0.31	0.84	0	1568464162.3010674	42.17	52.33	56.23	43.97	41.68	53.0	25.0	282	231	227	176	156	84			373	541	484	406	605	534	503			155
54.42	23.43	-37.41	37.41	73.5	26.85			326.25	0	1	1	0	0.16	0.92	0.91	0.02	0.34	0.81	0.01	0.13	0.93	0.96	0.0	0.31	0.84	0	1568464162.4099905	44.27	52.0	57.77	43.79	41.55	52.83	25.0	282	231	227	176	156	84			373	541	484	406	605	534	503			155
4.86	46.51	0.1	-0.1	48.08	59.55			325.62	0	1	1	0	0.1	0.91	0.92	0.02	0.32	0.81	0.01	0.13	0.93	0.96	0.0	0.31	0.84	0	1568464162.5178928	45.19	52.1	56.74	43.66	42.04	52.87	25.0	290	242	227	180	166	98			373	543	480	405	608	532	499			155
4.86	46.51	0.1	-0.1	48.08	59.55			325.62	0	1	1	0	0.16	0.92	0.92	0.02	0.34	0.81	0.01	0.13	0.93	0.96	0.0	0.31	0.84	0	1568464162.6247811	42.23	52.0	56.96	43.56	41.21	52.92	25.0	290	242	227	180	166	98			373	543	480	405	608	532	499			155
4.86	46.51	0.1	-0.1	48.08	59.55			325.62	0	1	1	0	0.13	0.92	0.92	0.02	0.32	0.82	0.01	0.13	0.93	0.96	0.0	0.31	0.84	0	1568464162.7313654	46.04	51.98	56.94	43.77	42.12	52.96	25.0	290	242	227	180	166	98			373	543	480	405	608	532	499			155
4.86	46.51	0.1	-0.1	48.08	59.55			325.62	0	1	1	0	0.14	0.92	0.93	0.02	0.33	0.82	0.01	0.13	0.93	0.96	0.0	0.31	0.84	0	1568464162.8404706	43.18	51.91	56.69	43.46	41.13	53.01	25.0	290	242	227	180	166	98			373	543	480	405	608	532	499			155
4.86	46.51	0.1	-0.1	48.08	59.55			325.62	0	1	1	0	0.14	0.92	0.93	0.01	0.32	0.82	0.01	0.13	0.93	0.96	0.0	0.31	0.84	0	1568464162.961473	44.44	51.93	57.15	43.57	42.04	53.11	25.0	290	242	227	180	166	98			373	543	480	405	608	532	499			155
4.86	46.51	0.1	-0.1	48.08	59.55			325.62	0	1	1	0	0.12	0.92	0.94	0.02	0.33	0.82	0.01	0.13	0.93	0.96	0.0	0.31	0.84	0	1568464163.0715733	43.99	51.86	56.56	43.31	41.17	53.03	25.0	290	242	227	180	166	98			373	543	480	405	608	532	499			155
4.86	46.51	0.1	-0.1	48.08	59.55			325.62	1	1	1	1	0.16	0.75	0.93	0.02	0.32	0.82	0.01	0.13	0.0	0.96	0.0	0.31	0.84	0	1568464163.1827369	42.55	25.0	57.08	43.24	41.88	53.31	25.0	290	242	227	180	166	98			373	543	480	405	608	532	499			155
4.86	46.51	0.1	-0.1	48.08	59.55			325.62	1	1	1	1	0.09	0.04	0.94	0.01	0.32	0.82	0.01	0.13	0.0	0.96	0.0	0.31	0.84	0	1568464163.2900698	45.61	45.79	56.62	43.29	41.37	53.32	25.0	290	242	227	180	166	98			373	543	480	405	608	532	499			155
3.98	103.81	67.49	-67.49	33.33	94.88			317.02	1	0	0	1	0.15	0.07	0.94	0.02	0.32	0.82	0.01	0.13	0.0	0.96	0.0	0.31	0.84	0	1568464163.4003386	41.45	43.13	56.95	43.04	41.7	53.15	25.0	334	257	228	183	194	135			373	482	466	404	602	525	487			155
3.98	103.81	67.49	-67.49	33.33	94.88			317.02	1	0	0	1	0.23	0.21	0.84	0.11	0.38	0.61	0.01	0.41	0.26	0.0	0.49	0.63	0.0	0	1568464163.5079343	61.16	55.03	25.0	75.0	64.32	25.0	25.0	334	257	228	183	194	135			373	482	466	404	602	525	487			155
nan	nan	nan	nan	nan	nan			nan	1	0	0	1	0.48	0.35	0.05	0.7	0.53	0.06	0.01	0.41	0.26	0.0	0.49	0.63	0.0	0	1568464163.6167305	39.57	41.52	48.06	28.25	54.22	44.97	25.0	nan	nan	nan	nan	nan	nan			nan	nan	nan	nan	nan	nan	nan			nan
nan	nan	nan	nan	nan	nan			nan	1	0	0	1	0.38	0.24	0.1	0.38	0.58	0.07	0.01	0.41	0.26	0.0	0.49	0.63	0.0	0	1568464163.7242308	44.49	47.66	43.6	56.11	50.25	42.93	25.0	nan	nan	nan	nan	nan	nan			nan	nan	nan	nan	nan	nan	nan			nan
nan	nan	nan	nan	nan	nan			nan	1	0	0	1	0.43	0.3	0.08	0.43	0.59	0.06	0.01	0.41	0.26	0.0	0.49	0.63	0.0	0	1568464163.8341408	45.34	45.64	44.85	52.1	49.45	43.44	25.0	nan	nan	nan	nan	nan	nan			nan	nan	nan	nan	nan	nan	nan			nan
nan	nan	nan	nan	nan	nan			nan	1	0	0	1	0.4	0.28	0.07	0.46	0.6	0.05	0.01	0.41	0.26	0.0	0.49	0.63	0.0	0	1568464163.942758	45.56	46.21	45.06	49.62	48.68	43.49	25.0	nan	nan	nan	nan	nan	nan			nan	nan	nan	nan	nan	nan	nan			nan
nan	nan	nan	nan	nan	nan			nan	1	0	0	1	0.42	0.28	0.06	0.47	0.61	0.05	0.01	0.41	0.26	0.0	0.49	0.63	0.0	0	1568464164.0534618	44.69	46.56	45.22	49.2	47.98	43.42	25.0	nan	nan	nan	nan	nan	nan			nan	nan	nan	nan	nan	nan	nan			nan
nan	nan	nan	nan	nan	nan			nan	1	0	0	1	0.39	0.28	0.05	0.46	0.62	0.05	0.01	0.41	0.26	0.0	0.49	0.63	0.0	0	1568464164.160924	45.87	46.14	45.07	49.52	47.49	43.12	25.0	nan	nan	nan	nan	nan	nan			nan	nan	nan	nan	nan	nan	nan			nan
nan	nan	nan	nan	nan	nan			nan	1	0	0	1	0.43	0.27	0.05	0.47	0.62	0.05	0.01	0.41	0.26	0.0	0.49	0.63	0.0	0	1568464164.268358	44.39	46.9	45.05	49.57	47.19	43.04	25.0	nan	nan	nan	nan	nan	nan			nan	nan	nan	nan	nan	nan	nan			nan
5.95	105.39	79.65	-79.65	29.62	101.35			314.44	1	0	0	1	0.39	0.27	0.04	0.47	0.63	0.04	0.01	0.41	0.26	0.0	0.49	0.63	0.0	0	1568464164.3768291	47.02	46.32	45.3	49.75	47.02	42.86	25.0	335	256	219	184	196	139			373	468	466	409	604	527	489			155
5.95	105.39	79.65	-79.65	29.62	101.35			314.44	1	0	0	1	0.42	0.27	0.04	0.47	0.63	0.04	0.01	0.41	0.26	0.0	0.49	0.63	0.0	0	1568464164.4862742	44.12	46.53	45.23	49.92	46.75	42.68	25.0	335	256	219	184	196	139			373	468	466	409	604	527	489			155
5.95	105.39	79.65	-79.65	29.62	101.35			314.44	1	0	0	1	0.41	0.27	0.04	0.47	0.63	0.04	0.01	0.41	0.26	0.0	0.49	0.63	0.0	0	1568464164.596121	46.75	46.49	44.73	49.9	46.81	42.59	25.0	335	256	219	184	196	139			373	468	466	409	604	527	489			155
5.95	105.39	79.65	-79.65	29.62	101.35			314.44	1	0	0	1	0.41	0.27	0.03	0.48	0.63	0.04	0.01	0.41	0.26	0.0	0.49	0.63	0.0	0	1568464164.7078366	44.51	46.38	44.91	49.73	46.98	42.47	25.0	335	256	219	184	196	139			373	468	466	409	604	527	489			155
5.95	105.39	79.65	-79.65	29.62	101.35			314.44	1	0	0	1	0.42	0.27	0.03	0.48	0.63	0.03	0.01	0.41	0.26	0.0	0.49	0.63	0.0	0	1568464164.8170743	45.72	46.51	44.62	49.1	47.04	42.47	25.0	335	256	219	184	196	139			373	468	466	409	604	527	489			155
5.95	105.39	79.65	-79.65	29.62	101.35			314.44	1	0	0	1	0.4	0.27	0.03	0.49	0.63	0.03	0.01	0.41	0.26	0.0	0.49	0.63	0.0	0	1568464164.9236748	45.39	46.25	44.66	48.75	46.92	42.47	25.0	335	256	219	184	196	139			373	468	466	409	604	527	489			155
5.95	105.39	79.65	-79.65	29.62	101.35			314.44	1	0	0	1	0.42	0.26	0.03	0.48	0.63	0.03	0.01	0.41	0.26	0.0	0.49	0.63	0.0	0	1568464165.0323842	45.09	46.64	44.62	48.95	47.05	42.24	25.0	335	256	219	184	196	139			373	468	466	409	604	527	489			155
5.95	105.39	79.65	-79.65	29.62	101.35			314.44	1	0	0	1	0.4	0.27	0.03	0.48	0.63	0.03	0.01	0.41	0.26	0.0	0.49	0.63	0.0	0	1568464165.1431997	45.5	46.43	44.51	49.05	46.91	42.18	25.0	335	256	219	184	196	139			373	468	466	409	604	527	489			155
5.95	105.39	79.65	-79.65	29.62	101.35			314.44	1	0	0	1	0.43	0.27	0.03	0.49	0.63	0.03	0.01	0.41	0.26	0.0	0.49	0.63	0.0	0	1568464165.2542825	45.31	46.09	44.4	48.85	46.91	42.03	25.0	335	256	219	184	196	139			373	468	466	409	604	527	489			155
5.95	105.39	79.65	-79.65	29.62	101.35			314.44	1	0	0	1	0.39	0.26	0.03	0.49	0.63	0.03	0.01	0.41	0.26	0.0	0.49	0.63	0.0	0	1568464165.3643622	45.14	46.89	44.25	48.85	46.92	42.06	25.0	335	256	219	184	196	139			373	468	466	409	604	527	489			155
22.79	42.97	38.28	-38.28	78.13	57.4			309.51	1	0	0	1	0.43	0.27	0.03	0.49	0.63	0.03	0.01	0.41	0.26	0.0	0.49	0.63	0.0	0	1568464165.4787557	45.34	46.16	44.4	48.92	46.93	41.92	25.0	335	257	200	190	200	134			373	468	456	405	598	526	488			155
22.79	42.97	38.28	-38.28	78.13	57.4			309.51	1	0	0	1	0.39	0.26	0.03	0.48	0.63	0.03	0.01	0.41	0.26	0.0	0.49	0.63	0.0	0	1568464165.5892365	44.84	46.41	44.15	49.13	46.93	41.9	25.0	335	257	200	190	200	134			373	468	456	405	598	526	488			155
22.79	42.97	38.28	-38.28	78.13	57.4			309.51	1	1	1	1	0.42	0.26	0.02	0.49	0.63	0.03	0.01	0.41	0.26	0.0	0.49	0.63	0.0	0	1568464165.7008846	45.33	46.59	44.1	48.94	46.94	41.73	25.0	335	257	200	190	200	134			373	468	456	405	598	526	488			155
22.79	42.97	38.28	-38.28	78.13	57.4			309.51	1	1	1	1	0.39	0.26	0.02	0.49	0.63	0.02	0.01	0.41	0.26	0.0	0.49	0.63	0.0	0	1568464165.8139367	46.28	46.1	44.09	48.95	46.95	41.7	25.0	335	257	200	190	200	134			373	468	456	405	598	526	488			155
22.79	42.97	38.28	-38.28	78.13	57.4			309.51	0	1	1	0	0.43	0.26	0.02	0.49	0.63	0.02	0.01	0.41	0.26	0.0	0.49	0.63	0.0	0	1568464165.9209301	44.05	46.81	43.94	48.98	46.96	41.56	25.0	335	257	200	190	200	134			373	468	456	405	598	526	488			155
22.79	42.97	38.28	-38.28	78.13	57.4			309.51	0	1	1	0	0.09	0.36	0.14	0.42	0.62	0.1	0.01	0.13	0.85	0.85	0.0	0.26	0.81	0	1568464166.0279007	30.67	75.0	75.0	25.0	25.0	75.0	25.0	335	257	200	190	200	134			373	468	456	405	598	526	488			155
22.79	42.97	38.28	-38.28	78.13	57.4			309.51	0	1	1	0	0.15	0.88	1.1	0.02	0.21	0.96	0.01	0.13	0.85	0.85	0.0	0.26	0.81	0	1568464166.1360304	47.48	32.5	34.27	45.35	51.77	33.91	25.0	335	257	200	190	200	134			373	468	456	405	598	526	488			155
53.55	20.79	-35.18	35.18	73.13	27.39			309.14	0	1	1	0	0.11	0.64	0.56	0.03	0.38	0.62	0.01	0.13	0.85	0.85	0.0	0.26	0.81	0	1568464166.24417	44.7	65.31	70.77	44.54	34.6	63.49	25.0	338	272	242	254	215	137			373	467	429	357	562	499	488			155
53.55	20.79	-35.18	35.18	73.13	27.39			309.14	0	1	1	0	0.18	0.94	0.99	0.03	0.31	0.7	0.01	0.13	0.85	0.85	0.0	0.26	0.81	0	1568464166.353952	41.66	40.12	36.41	44.12	42.46	54.32	25.0	338	272	242	254	215	137			373	467	429	357	562	499	488			155
nan	nan	nan	nan	nan	nan			nan	0	1	1	0	0.1	0.75	0.65	0.03	0.32	0.72	0.01	0.13	0.85	0.85	0.0	0.26	0.81	0	1568464166.4615576	47.08	56.65	65.4	44.01	38.91	55.8	25.0	nan	nan	nan	nan	nan	nan			nan	nan	nan	nan	nan	nan	nan			nan
nan	nan	nan	nan	nan	nan			nan	0	1	1	0	0.14	0.83	0.9	0.02	0.29	0.77	0.01	0.13	0.85	0.85	0.0	0.26	0.81	0	1568464166.5685287	41.44	52.35	47.55	44.29	42.18	51.52	25.0	nan	nan	nan	nan	nan	nan			nan	nan	nan	nan	nan	nan	nan			nan
nan	nan	nan	nan	nan	nan			nan	0	1	1	0	0.14	0.83	0.75	0.03	0.29	0.76	0.01	0.13	0.85	0.85	0.0	0.26	0.81	0	1568464166.6762776	46.07	51.15	59.5	44.07	40.75	52.6	25.0	nan	nan	nan	nan	nan	nan			nan	nan	nan	nan	nan	nan	nan			nan
nan	nan	nan	nan	nan	nan			nan	0	1	1	0	0.11	0.83	0.81	0.02	0.29	0.76	0.01	0.13	0.85	0.85	0.0	0.26	0.81	0	1568464166.7873518	43.87	51.72	55.48	44.14	41.69	52.66	25.0	nan	nan	nan	nan	nan	nan			nan	nan	nan	nan	nan	nan	nan			nan
nan	nan	nan	nan	nan	nan			nan	0	1	1	0	0.16	0.83	0.79	0.02	0.28	0.77	0.01	0.13	0.85	0.85	0.0	0.26	0.81	0	1568464166.894617	42.74	51.36	56.6	43.96	41.56	52.48	25.0	nan	nan	nan	nan	nan	nan			nan	nan	nan	nan	nan	nan	nan			nan
nan	nan	nan	nan	nan	nan			nan	0	1	1	0	0.12	0.83	0.81	0.02	0.29	0.77	0.01	0.13	0.85	0.85	0.0	0.26	0.81	0	1568464167.0045528	45.85	51.42	56.01	43.97	41.17	52.46	25.0	nan	nan	nan	nan	nan	nan			nan	nan	nan	nan	nan	nan	nan			nan
55.97	24.09	-40.17	40.17	75.91	26.21			309.56	0	1	1	0	0.14	0.83	0.81	0.02	0.27	0.78	0.01	0.13	0.85	0.85	0.0	0.26	0.81	0	1568464167.1131413	41.95	51.43	56.03	43.71	41.77	52.5	25.0	337	273	248	255	215	138			373	468	428	353	559	497	488			155
55.97	24.09	-40.17	40.17	75.91	26.21			309.56	0	1	1	0	0.15	0.84	0.82	0.02	0.29	0.78	0.01	0.13	0.85	0.85	0.0	0.26	0.81	0	1568464167.221551	44.68	51.21	55.88	43.71	40.89	52.44	25.0	337	273	248	255	215	138			373	468	428	353	559	497	488			155
55.97	24.09	-40.17	40.17	75.91	26.21			309.56	0	1	1	0	0.11	0.84	0.82	0.01	0.27	0.78	0.01	0.13	0.85	0.85	0.0	0.26	0.81	0	1568464167.332021	45.36	51.42	55.89	43.93	42.13	52.55	25.0	337	273	248	255	215	138			373	468	428	353	559	497	488			155
55.97	24.09	-40.17	40.17	75.91	26.21			309.56	0	1	1	0	0.16	0.84	0.82	0.02	0.28	0.78	0.01	0.13	0.85	0.85	0.0	0.26	0.81	0	1568464167.4400752	42.62	51.23	55.9	43.46	40.7	52.52	25.0	337	273	248	255	215	138			373	468	428	353	559	497	488			155
nan	nan	nan	nan	nan	nan			nan	0	1	1	0	0.12	0.84	0.82	0.02	0.27	0.79	0.01	0.13	0.85	0.85	0.0	0.26	0.81	0	1568464167.547886	46.37	51.28	55.93	43.51	41.9	52.54	25.0	nan	nan	nan	nan	nan	nan			nan	nan	nan	nan	nan	nan	nan			nan
nan	nan	nan	nan	nan	nan			nan	0	1	1	0	0.12	0.84	0.83	0.02	0.27	0.79	0.01	0.13	0.85	0.85	0.0	0.26	0.81	0	1568464167.654954	42.57	51.15	55.82	43.37	41.37	52.58	25.0	nan	nan	nan	nan	nan	nan			nan	nan	nan	nan	nan	nan	nan			nan
nan	nan	nan	nan	nan	nan			nan	0	1	1	0	0.14	0.84	0.83	0.02	0.28	0.79	0.01	0.13	0.85	0.85	0.0	0.26	0.81	0	1568464167.7618222	45.27	51.4	55.97	43.33	41.49	52.73	25.0	nan	nan	nan	nan	nan	nan			nan	nan	nan	nan	nan	nan	nan			nan
nan	nan	nan	nan	nan	nan			nan	0	1	1	0	0.1	0.85	0.83	0.01	0.27	0.79	0.01	0.13	0.85	0.85	0.0	0.26	0.81	0	1568464167.8755352	44.34	51.08	55.75	43.34	41.61	52.69	25.0	nan	nan	nan	nan	nan	nan			nan	nan	nan	nan	nan	nan	nan			nan
4.3	94.54	63.75	-63.75	32.78	86.74			301.77	0	1	1	0	0.16	0.84	0.83	0.01	0.28	0.79	0.01	0.13	0.85	0.85	0.0	0.26	0.81	0	1568464167.9885116	42.26	51.36	55.9	43.23	40.84	52.73	25.0	373	294	246	261	248	180			373	406	409	357	560	483	458			155
4.3	94.54	63.75	-63.75	32.78	86.74			301.77	0	1	1	0	0.09	0.85	0.83	0.01	0.26	0.79	0.01	0.13	0.85	0.85	0.0	0.26	0.81	0	1568464168.1052277	47.11	51.17	55.86	43.15	42.19	52.81	25.0	373	294	246	261	248	180			373	406	409	357	560	483	458			155
4.3	94.54	63.75	-63.75	32.78	86.74			301.77	0	1	1	0	0.16	0.85	0.84	0.01	0.27	0.79	0.01	0.13	0.85	0.85	0.0	0.26	0.81	0	1568464168.2213662	39.79	51.18	55.77	43.07	40.55	52.77	25.0	373	294	246	261	248	180			373	406	409	357	560	483	458			155
4.3	94.54	63.75	-63.75	32.78	86.74			301.77	0	1	1	0	0.1	0.84	0.84	0.01	0.27	0.8	0.01	0.13	0.85	0.85	0.0	0.26	0.81	0	1568464168.343733	46.97	51.42	55.85	42.98	41.93	52.69	25.0	373	294	246	261	248	180			373	406	409	357	560	483	458			155
4.3	94.54	63.75	-63.75	32.78	86.74			301.77	1	1	1	1	0.14	0.85	0.84	0.01	0.27	0.8	0.01	0.13	0.85	0.85	0.0	0.26	0.81	0	1568464168.4554904	39.81	50.95	55.75	42.9	40.39	52.67	25.0	373	294	246	261	248	180			373	406	409	357	560	483	458			155
6.11	101.58	71.38	-71.38	28.87	94.29			300.42	1	1	1	1	0.16	0.85	0.84	0.01	0.27	0.8	0.01	0.13	0.85	0.85	0.0	0.26	0.81	0	1568464168.5631566	45.47	51.27	55.84	42.99	41.6	52.71	25.0	371	292	244	262	249	182			373	395	406	357	557	480	457			155
6.11	101.58	71.38	-71.38	28.87	94.29			300.42	1	0	0	1	0.1	0.85	0.84	0.01	0.27	0.8	0.01	0.13	0.85	0.85	0.0	0.26	0.81	0	1568464168.6709063	43.28	51.21	55.91	42.9	41.29	52.84	25.0	371	292	244	262	249	182			373	395	406	357	557	480	457			155
6.11	101.58	71.38	-71.38	28.87	94.29			300.42	1	0	0	1	0.51	0.28	0.39	0.1	0.34	0.65	0.01	0.64	0.18	0.0	0.62	0.72	0.05	0	1568464168.780047	75.0	25.0	25.0	75.0	74.94	25.0	25.0	371	292	244	262	249	182			373	395	406	357	557	480	457			155
6.11	101.58	71.38	-71.38	28.87	94.29			300.42	1	0	0	1	0.57	0.17	0.05	0.81	0.76	0.09	0.01	0.64	0.18	0.0	0.62	0.72	0.05	0	1568464168.8870687	29.04	52.35	48.32	29.36	39.71	47.0	25.0	371	292	244	262	249	182			373	395	406	357	557	480	457			155
6.11	101.58	71.38	-71.38	28.87	94.29			300.42	1	0	0	1	0.48	0.07	0.09	0.47	0.59	0.11	0.01	0.64	0.18	0.0	0.62	0.72	0.05	0	1568464168.9998028	62.75	51.24	43.99	58.34	55.59	43.53	25.0	371	292	244	262	249	182			373	395	406	357	557	480	457			155
6.11	101.58	71.38	-71.38	28.87	94.29			300.42	1	0	0	1	0.64	0.3	0.08	0.53	0.64	0.1	0.01	0.64	0.18	0.0	0.62	0.72	0.05	0	1568464169.1064506	27.78	46.76	45.2	56.06	53.75	45.16	25.0	371	292	244	262	249	182			373	395	406	357	557	480	457			155
7.28	101.19	72.99	-72.99	28.4	97.09			300.59	1	0	0	1	0.69	0.09	0.06	0.57	0.67	0.1	0.01	0.64	0.18	0.0	0.62	0.72	0.05	0	1568464169.2252135	48.67	52.5	45.46	51.89	51.13	43.68	25.0	370	292	243	261	249	183			373	393	406	357	557	480	457			155
7.28	101.19	72.99	-72.99	28.4	97.09			300.59	1	0	0	1	0.49	0.26	0.06	0.57	0.68	0.09	0.01	0.64	0.18	0.0	0.62	0.72	0.05	0	1568464169.3327763	40.47	44.45	45.03	52.09	50.51	44.91	25.0	370	292	243	261	249	183			373	393	406	357	557	480	457			155
7.28	101.19	72.99	-72.99	28.4	97.09			300.59	1	0	0	1	0.62	0.18	0.05	0.58	0.69	0.09	0.01	0.64	0.18	0.0	0.62	0.72	0.05	0	1568464169.4405515	51.79	46.67	45.22	52.15	49.97	44.04	25.0	370	292	243	261	249	183			373	393	406	357	557	480	457			155
7.28	101.19	72.99	-72.99	28.4	97.09			300.59	1	0	0	1	0.68	0.21	0.05	0.58	0.7	0.09	0.01	0.64	0.18	0.0	0.62	0.72	0.05	0	1568464169.5501583	43.45	45.7	45.21	52.44	49.63	43.8	25.0	370	292	243	261	249	183			373	393	406	357	557	480	457			155
6.9	103.66	76.39	-76.39	29.7	94.61			299.5	1	0	0	1	0.63	0.2	0.05	0.59	0.7	0.08	0.01	0.64	0.18	0.0	0.62	0.72	0.05	0	1568464169.6569505	47.04	45.33	44.94	51.66	49.38	44.19	25.0	370	293	243	261	251	185			373	391	408	361	560	482	458			155
6.9	103.66	76.39	-76.39	29.7	94.61			299.5	1	0	0	1	0.64	0.2	0.04	0.6	0.7	0.08	0.01	0.64	0.18	0.0	0.62	0.72	0.05	0	1568464169.7648149	46.85	46.45	45.25	51.14	49.36	44.28	25.0	370	293	243	261	251	185			373	391	408	361	560	482	458			155
6.9	103.66	76.39	-76.39	29.7	94.61			299.5	1	0	0	1	0.64	0.2	0.04	0.61	0.7	0.08	0.01	0.64	0.18	0.0	0.62	0.72	0.05	0	1568464169.8731005	46.59	45.64	45.05	50.86	49.37	44.05	25.0	370	293	243	261	251	185			373	391	408	361	560	482	458			155
6.9	103.66	76.39	-76.39	29.7	94.61			299.5	1	0	0	1	0.64	0.19	0.04	0.61	0.7	0.08	0.01	0.64	0.18	0.0	0.62	0.72	0.05	0	1568464169.9810424	46.77	46.43	44.75	50.84	49.46	43.88	25.0	370	293	243	261	251	185			373	391	408	361	560	482	458			155
6.9	103.66	76.39	-76.39	29.7	94.61			299.5	1	0	0	1	0.64	0.2	0.03	0.61	0.71	0.08	0.01	0.64	0.18	0.0	0.62	0.72	0.05	0	1568464170.088549	46.48	45.64	44.78	50.92	49.25	43.74	25.0	370	293	243	261	251	185			373	391	408	361	560	482	458			155
6.9	103.66	76.39	-76.39	29.7	94.61			299.5	1	0	0	1	0.64	0.19	0.03	0.61	0.71	0.07	0.01	0.64	0.18	0.0	0.62	0.72	0.05	0	1568464170.197083	46.71	46.33	44.64	50.98	49.29	43.85	25.0	370	293	243	261	251	185			373	391	408	361	560	482	458			155
6.9	103.66	76.39	-76.39	29.7	94.61			299.5	1	0	0	1	0.64	0.2	0.03	0.61	0.71	0.07	0.01	0.64	0.18	0.0	0.62	0.72	0.05	0	1568464170.3043666	46.77	45.83	44.68	50.88	49.35	43.92	25.0	370	293	243	261	251	185			373	391	408	361	560	482	458			155
6.9	103.66	76.39	-76.39	29.7	94.61			299.5	1	0	0	1	0.64	0.19	0.03	0.61	0.71	0.07	0.01	0.64	0.18	0.0	0.62	0.72	0.05	0	1568464170.4213157	46.47	46.07	44.46	50.6	49.41	43.79	25.0	370	293	243	261	251	185			373	391	408	361	560	482	458			155
6.9	103.66	76.39	-76.39	29.7	94.61			299.5	1	1	1	1	0.64	0.19	0.03	0.61	0.71	0.07	0.01	0.64	0.18	0.0	0.62	0.72	0.05	0	1568464170.5363839	46.6	46.13	44.52	50.62	49.3	43.85	25.0	370	293	243	261	251	185			373	391	408	361	560	482	458			155
6.9	103.66	76.39	-76.39	29.7	94.61			299.5	1	1	1	1	0.64	0.19	0.03	0.61	0.71	0.07	0.01	0.64	0.18	0.0	0.62	0.72	0.05	0	1568464170.645379	46.72	45.67	44.3	50.77	49.35	43.71	25.0	370	293	243	261	251	185			373	391	408	361	560	482	458			155
6.9	103.66	76.39	-76.39	29.7	94.61			299.5	0	1	1	0	0.64	0.19	0.03	0.62	0.71	0.07	0.01	0.64	0.18	0.0	0.62	0.72	0.05	0	1568464170.7526762	46.46	46.37	44.28	50.71	49.41	43.84	25.0	370	293	243	261	251	185			373	391	408	361	560	482	458			155
6.9	103.66	76.39	-76.39	29.7	94.61			299.5	0	1	1	0	0.64	0.19	0.03	0.61	0.71	0.07	0.01	0.18	0.75	0.75	0.0	0.2	0.77	0	1568464170.861317	25.0	75.0	75.0	25.0	25.0	75.0	25.0	370	293	243	261	251	185			373	391	408	361	560	482	458			155
6.9	103.66	76.39	-76.39	29.7	94.61			299.5	0	1	1	0	0.05	1.18	0.68	0.02	0.1	1.04	0.01	0.18	0.75	0.75	0.0	0.2	0.77	0	1568464170.9682796	56.22	25.0	60.02	45.72	49.25	32.68	25.0	370	293	243	261	251	185			373	391	408	361	560	482	458			155
24.95	48.15	19.32	-19.32	88.99	38.77			292.76	0	1	1	0	0.31	0.52	0.57	0.04	0.42	0.57	0.01	0.18	0.75	0.75	0.0	0.2	0.77	0	1568464171.076085	30.61	61.8	51.09	45.11	32.85	62.35	25.0	371	292	231	273	257	181			373	391	391	344	544	475	458			155
24.95	48.15	19.32	-19.32	88.99	38.77			292.76	0	1	1	0	0.25	0.89	0.55	0.04	0.17	0.84	0.01	0.18	0.75	0.75	0.0	0.2	0.77	0	1568464171.1834314	47.77	48.04	66.6	44.37	49.25	43.36	25.0	371	292	231	273	257	181			373	391	391	344	544	475	458			155
24.95	48.15	19.32	-19.32	88.99	38.77			292.76	0	1	1	0	0.11	0.69	0.7	0.04	0.28	0.68	0.01	0.18	0.75	0.75	0.0	0.2	0.77	0	1568464171.2903097	43.54	50.03	48.05	44.33	36.02	55.96	25.0	371	292	231	273	257	181			373	391	391	344	544	475	458			155
24.95	48.15	19.32	-19.32	88.99	38.77			292.76	0	1	1	0	0.28	0.69	0.64	0.04	0.27	0.73	0.01	0.18	0.75	0.75	0.0	0.2	0.77	0	1568464171.3988721	40.25	54.18	60.21	44.13	41.86	52.18	25.0	371	292	231	273	257	181			373	391	391	344	544	475	458			155
24.95	48.15	19.32	-19.32	88.99	38.77			292.76	0	1	1	0	0.13	0.74	0.72	0.03	0.22	0.74	0.01	0.18	0.75	0.75	0.0	0.2	0.77	0	1568464171.5055552	51.76	50.79	54.34	44.45	42.32	51.89	25.0	371	292	231	273	257	181			373	391	391	344	544	475	458			155
24.95	48.15	19.32	-19.32	88.99	38.77			292.76	0	1	1	0	0.22	0.73	0.7	0.03	0.26	0.74	0.01	0.18	0.75	0.75	0.0	0.2	0.77	0	1568464171.6129975	38.74	50.55	55.45	44.31	39.56	51.96	25.0	371	292	231	273	257	181			373	391	391	344	544	475	458			155
69.64	17.89	-60.43	60.43	84.3	26.3			298.97	0	1	1	0	0.17	0.73	0.71	0.03	0.22	0.74	0.0	0.18	0.75	0.75	0.0	0.2	0.77	0	1568464171.7213075	46.87	50.7	55.02	44.47	42.48	52.02	25.0	371	303	274	315	260	185			373	391	361	288	485	438	457			155
69.64	17.89	-60.43	60.43	84.3	26.3			298.97	0	1	1	0	0.17	0.74	0.72	0.02	0.23	0.75	0.01	0.18	0.75	0.75	0.0	0.2	0.77	0	1568464171.829413	44.81	50.6	54.75	44.35	41.03	51.8	25.0	371	303	274	315	260	185			373	391	361	288	485	438	457			155
69.64	17.89	-60.43	60.43	84.3	26.3			298.97	0	1	1	0	0.23	0.74	0.72	0.03	0.24	0.75	0.01	0.18	0.75	0.75	0.0	0.2	0.77	0	1568464171.9365735	43.05	50.48	54.62	43.92	41.2	52.01	25.0	371	303	274	315	260	185			373	391	361	288	485	438	457			155
69.64	17.89	-60.43	60.43	84.3	26.3			298.97	0	1	1	0	0.15	0.74	0.73	0.02	0.22	0.75	0.01	0.18	0.75	0.75	0.0	0.2	0.77	0	1568464172.0459874	48.04	50.23	54.44	44.13	41.8	52.0	25.0	371	303	274	315	260	185			373	391	361	288	485	438	457			155
nan	nan	nan	nan	nan	nan			nan	0	1	1	0	0.19	0.74	0.73	0.02	0.24	0.75	0.01	0.18	0.75	0.75	0.0	0.2	0.77	0	1568464172.1533592	40.95	50.53	54.23	44.03	40.08	51.93	25.0	nan	nan	nan	nan	nan	nan			nan	nan	nan	nan	nan	nan	nan			nan
nan	nan	nan	nan	nan	nan			nan	0	1	1	0	0.18	0.75	0.73	0.02	0.22	0.75	0.01	0.18	0.75	0.75	0.0	0.2	0.77	0	1568464172.2614582	46.11	50.23	54.25	43.86	41.66	52.07	25.0	nan	nan	nan	nan	nan	nan			nan	nan	nan	nan	nan	nan	nan			nan
nan	nan	nan	nan	nan	nan			nan	0	1	1	0	0.16	0.74	0.73	0.02	0.22	0.75	0.01	0.18	0.75	0.75	0.0	0.2	0.77	0	1568464172.3688562	42.98	50.4	54.18	43.74	40.94	52.14	25.0	nan	nan	nan	nan	nan	nan			nan	nan	nan	nan	nan	nan	nan			nan
nan	nan	nan	nan	nan	nan			nan	0	1	1	0	0.23	0.75	0.74	0.02	0.23	0.75	0.01	0.18	0.75	0.75	0.0	0.2	0.77	0	1568464172.4760737	42.86	50.28	54.16	43.77	40.82	52.28	25.0	nan	nan	nan	nan	nan	nan			nan	nan	nan	nan	nan	nan	nan			nan
11.85	90.76	63.38	-63.38	26.63	88.78			295.28	0	1	1	0	0.14	0.74	0.74	0.02	0.2	0.75	0.01	0.18	0.75	0.75	0.0	0.2	0.77	0	1568464172.585225	44.69	50.41	54.17	43.67	41.19	52.25	25.0	407	330	275	319	293	223			373	315	331	287	484	410	395			155
11.85	90.76	63.38	-63.38	26.63	88.78			295.28	0	1	1	0	0.23	0.75	0.74	0.02	0.23	0.76	0.01	0.18	0.75	0.75	0.0	0.2	0.77	0	1568464172.6992126	41.87	50.32	54.07	43.56	40.51	52.19	25.0	407	330	275	319	293	223			373	315	331	287	484	410	395			155
11.85	90.76	63.38	-63.38	26.63	88.78			295.28	0	1	1	0	0.12	0.75	0.74	0.02	0.2	0.76	0.01	0.18	0.75	0.75	0.0	0.2	0.77	0	1568464172.8111768	47.79	50.34	54.12	43.64	41.97	52.24	25.0	407	330	275	319	293	223			373	315	331	287	484	410	395			155
11.85	90.76	63.38	-63.38	26.63	88.78			295.28	1	1	1	1	0.26	0.75	0.74	0.02	0.23	0.76	0.01	0.18	0.75	0.75	0.0	0.2	0.77	0	1568464172.9207613	38.93	50.06	53.99	43.53	39.87	52.09	25.0	407	330	275	319	293	223			373	315	331	287	484	410	395			155
11.85	90.76	63.38	-63.38	26.63	88.78			295.28	1	1	1	1	0.16	0.75	0.74	0.02	0.21	0.76	0.01	0.18	0.75	0.75	0.0	0.2	0.77	0	1568464173.031596	47.63	50.37	54.05	43.4	41.43	52.19	25.0	407	330	275	319	293	223			373	315	331	287	484	410	395			155
11.85	90.76	63.38	-63.38	26.63	88.78			295.28	1	0	0	1	0.18	0.75	0.74	0.01	0.21	0.76	0.01	0.18	0.75	0.75	0.0	0.2	0.77	0	1568464173.1390793	40.54	50.41	54.11	43.49	40.86	52.14	25.0	407	330	275	319	293	223			373	315	331	287	484	410	395			155
10.13	95.73	70.17	-70.17	23.86	89.81			294.1	1	0	0	1	0.36	0.31	0.36	0.1	0.29	0.63	0.01	0.68	0.16	0.0	0.65	0.73	0.08	0	1568464173.2463427	75.0	25.0	25.0	75.0	75.0	25.0	25.0	406	330	274	320	294	225			373	309	330	288	483	409	392			155
10.13	95.73	70.17	-70.17	23.86	89.81			294.1	1	0	0	1	0.86	0.13	0.03	0.81	0.9	0.07	0.01	0.68	0.16	0.0	0.65	0.73	0.08	0	1568464173.3534474	25.0	57.15	48.24	25.0	31.6	50.24	25.0	406	330	274	320	294	225			373	309	330	288	483	409	392			155
10.13	95.73	70.17	-70.17	23.86	89.81			294.1	1	0	0	1	0.38	0.3	0.07	0.48	0.58	0.14	0.01	0.68	0.16	0.0	0.65	0.73	0.08	0	1568464173.461453	72.05	35.27	44.67	60.72	57.34	42.59	25.0	406	330	274	320	294	225			373	309	330	288	483	409	392			155
10.13	95.73	70.17	-70.17	23.86	89.81			294.1	1	0	0	1	0.86	0.17	0.06	0.55	0.63	0.14	0.01	0.68	0.16	0.0	0.65	0.73	0.08	0	1568464173.5718734	29.91	49.27	45.14	56.32	54.68	44.66	25.0	406	330	274	320	294	225			373	309	330	288	483	409	392			155
10.74	99.95	74.88	-74.88	24.59	90.13			293.28	1	0	0	1	0.67	0.2	0.05	0.61	0.67	0.12	0.01	0.68	0.16	0.0	0.65	0.73	0.08	0	1568464173.6905777	61.33	42.86	45.22	52.25	51.54	44.28	25.0	403	329	273	318	295	227			373	303	330	289	483	408	389			155
10.74	99.95	74.88	-74.88	24.59	90.13			293.28	1	0	0	1	0.64	0.18	0.05	0.61	0.68	0.12	0.01	0.68	0.16	0.0	0.65	0.73	0.08	0	1568464173.8087466	37.12	47.5	45.19	52.49	51.05	45.08	25.0	403	329	273	318	295	227			373	303	330	289	483	408	389			155
10.74	99.95	74.88	-74.88	24.59	90.13			293.28	1	0	0	1	0.66	0.2	0.05	0.61	0.7	0.13	0.01	0.68	0.16	0.0	0.65	0.73	0.08	0	1568464173.9189687	56.22	43.86	44.98	52.81	50.33	43.64	25.0	403	329	273	318	295	227			373	303	330	289	483	408	389			155
10.74	99.95	74.88	-74.88	24.59	90.13			293.28	1	0	0	1	0.72	0.17	0.04	0.61	0.7	0.11	0.01	0.68	0.16	0.0	0.65	0.73	0.08	0	1568464174.0304663	44.12	46.84	44.87	52.87	50.0	44.83	25.0	403	329	273	318	295	227			373	303	330	289	483	408	389			155
10.74	99.95	74.88	-74.88	24.59	90.13			293.28	1	0	0	1	0.68	0.18	0.04	0.62	0.71	0.1	0.01	0.68	0.16	0.0	0.65	0.73	0.08	0	1568464174.1419842	47.1	45.09	44.86	52.23	49.78	44.96	25.0	403	329	273	318	295	227			373	303	330	289	483	408	389			155
9.65	99.49	75.29	-75.29	24.64	91.06			293.21	1	0	0	1	0.68	0.17	0.03	0.63	0.71	0.11	0.01	0.68	0.16	0.0	0.65	0.73	0.08	0	1568464174.253982	47.28	46.32	44.92	51.72	49.71	44.42	25.0	405	330	273	319	296	228			373	304	330	289	483	408	389			155
9.65	99.49	75.29	-75.29	24.64	91.06			293.21	1	0	0	1	0.69	0.18	0.03	0.64	0.71	0.11	0.01	0.68	0.16	0.0	0.65	0.73	0.08	0	1568464174.3623781	46.81	45.18	44.71	51.45	49.73	43.99	25.0	405	330	273	319	296	228			373	304	330	289	483	408	389			155
9.65	99.49	75.29	-75.29	24.64	91.06			293.21	1	0	0	1	0.68	0.17	0.03	0.64	0.71	0.1	0.01	0.68	0.16	0.0	0.65	0.73	0.08	0	1568464174.4694445	47.23	46.44	44.56	51.36	49.67	44.47	25.0	405	330	273	319	296	228			373	304	330	289	483	408	389			155
9.65	99.49	75.29	-75.29	24.64	91.06			293.21	1	0	0	1	0.68	0.18	0.03	0.64	0.72	0.1	0.01	0.68	0.16	0.0	0.65	0.73	0.08	0	1568464174.5775146	46.9	45.17	44.43	51.26	49.59	44.47	25.0	405	330	273	319	296	228			373	304	330	289	483	408	389			155
9.65	99.49	75.29	-75.29	24.64	91.06			293.21	1	0	0	1	0.68	0.16	0.03	0.64	0.72	0.1	0.01	0.68	0.16	0.0	0.65	0.73	0.08	0	1568464174.6849282	47.0	46.39	44.48	51.32	49.57	44.51	25.0	405	330	273	319	296	228			373	304	330	289	483	408	389			155
9.65	99.49	75.29	-75.29	24.64	91.06			293.21	1	0	0	1	0.69	0.18	0.03	0.64	0.72	0.1	0.01	0.68	0.16	0.0	0.65	0.73	0.08	0	1568464174.7928083	46.87	45.43	44.37	51.22	49.61	44.45	25.0	405	330	273	319	296	228			373	304	330	289	483	408	389			155
9.65	99.49	75.29	-75.29	24.64	91.06			293.21	1	0	0	1	0.68	0.16	0.03	0.64	0.72	0.1	0.01	0.68	0.16	0.0	0.65	0.73	0.08	0	1568464174.9090335	46.95	46.2	44.32	51.08	49.66	44.32	25.0	405	330	273	319	296	228			373	304	330	289	483	408	389			155
9.65	99.49	75.29	-75.29	24.64	91.06			293.21	1	0	0	1	0.68	0.18	0.03	0.64	0.72	0.1	0.01	0.68	0.16	0.0	0.65	0.73	0.08	0	1568464175.0225873	46.96	45.6	44.23	51.06	49.72	44.22	25.0	405	330	273	319	296	228			373	304	330	289	483	408	389			155
9.65	99.49	75.29	-75.29	24.64	91.06			293.21	1	1	1	1	0.68	0.17	0.02	0.64	0.72	0.1	0.01	0.68	0.16	0.0	0.65	0.73	0.08	0	1568464175.1356661	47.1	45.78	44.16	51.28	49.62	44.17	25.0	405	330	273	319	296	228			373	304	330	289	483	408	389			155
9.65	99.49	75.29	-75.29	24.64	91.06			293.21	0	1	1	0	0.68	0.17	0.02	0.64	0.72	0.09	0.01	0.68	0.16	0.0	0.65	0.73	0.08	0	1568464175.2451782	46.77	46.1	44.01	51.15	49.67	44.28	25.0	405	330	273	319	296	228			373	304	330	289	483	408	389			155
41.74	22.93	3.07	-3.07	92.41	28.16			287.56	0	1	1	0	0.68	0.17	0.02	0.64	0.72	0.09	0.01	0.19	0.72	0.72	0.0	0.18	0.76	0	1568464175.3526165	46.74	45.24	43.89	51.18	49.71	44.19	25.0	406	329	260	331	301	223			373	302	309	272	461	396	389			155
41.74	22.93	3.07	-3.07	92.41	28.16			287.56	0	1	1	0	0.06	1.19	0.56	0.02	0.14	0.87	0.01	0.19	0.72	0.72	0.0	0.18	0.76	0	1568464175.4683259	55.69	33.43	75.0	43.36	34.06	48.79	25.0	406	329	260	331	301	223			373	302	309	272	461	396	389			155
41.74	22.93	3.07	-3.07	92.41	28.16			287.56	0	1	1	0	0.3	0.51	0.67	0.04	0.37	0.57	0.01	0.19	0.72	0.72	0.0	0.18	0.76	0	1568464175.5773952	30.75	58.94	45.98	45.36	34.28	60.98	25.0	406	329	260	331	301	223			373	302	309	272	461	396	389			155
41.74	22.93	3.07	-3.07	92.41	28.16			287.56	0	1	1	0	0.21	0.69	0.52	0.05	0.14	0.79	0.01	0.19	0.72	0.72	0.0	0.18	0.76	0	1568464175.6847034	46.81	53.98	66.53	44.21	49.54	48.02	25.0	406	329	260	331	301	223			373	302	309	272	461	396	389			155
41.74	22.93	3.07	-3.07	92.41	28.16			287.56	0	1	1	0	0.08	0.68	0.68	0.04	0.26	0.69	0.01	0.19	0.72	0.72	0.0	0.18	0.76	0	1568464175.7924945	45.2	46.78	48.09	44.47	35.99	53.93	25.0	406	329	260	331	301	223			373	302	309	272	461	396	389			155
41.74	22.93	3.07	-3.07	92.41	28.16			287.56	0	1	1	0	0.31	0.66	0.62	0.04	0.25	0.72	0.01	0.19	0.72	0.72	0.0	0.18	0.76	0	1568464175.9029286	40.18	53.88	58.32	44.33	41.18	52.78	25.0	406	329	260	331	301	223			373	302	309	272	461	396	389			155
76.4	17.87	-62.49	62.49	85.37	21.56			293.21	0	1	1	0	0.09	0.7	0.66	0.04	0.18	0.73	0.01	0.19	0.72	0.72	0.0	0.18	0.76	0	1568464176.01087	52.81	51.12	55.7	44.38	43.81	51.55	25.0	405	334	299	359	300	225			373	304	283	213	404	363	389			155
76.4	17.87	-62.49	62.49	85.37	21.56			293.21	0	1	1	0	0.27	0.71	0.68	0.03	0.25	0.73	0.01	0.19	0.72	0.72	0.0	0.18	0.76	0	1568464176.1185362	38.71	50.43	54.73	44.49	39.3	51.6	25.0	405	334	299	359	300	225			373	304	283	213	404	363	389			155
76.4	17.87	-62.49	62.49	85.37	21.56			293.21	0	1	1	0	0.21	0.71	0.68	0.03	0.22	0.74	0.01	0.19	0.72	0.72	0.0	0.18	0.76	0	1568464176.2365723	48.06	50.35	54.53	44.25	42.47	51.8	25.0	405	334	299	359	300	225			373	304	283	213	404	363	389			155
76.4	17.87	-62.49	62.49	85.37	21.56			293.21	0	1	1	0	0.15	0.71	0.69	0.03	0.21	0.74	0.01	0.19	0.72	0.72	0.0	0.18	0.76	0	1568464176.3453903	44.81	50.17	54.03	44.3	40.87	51.82	25.0	405	334	299	359	300	225			373	304	283	213	404	363	389			155
78.39	16.33	-64.63	64.63	86.86	20.08			293.3	0	1	1	0	0.27	0.71	0.7	0.03	0.22	0.74	0.01	0.19	0.72	0.72	0.0	0.18	0.76	0	1568464176.4542592	40.71	50.22	53.84	44.35	40.5	51.77	25.0	405	334	300	359	300	226			373	303	283	212	403	363	389			155
78.39	16.33	-64.63	64.63	86.86	20.08			293.3	0	1	1	0	0.13	0.71	0.7	0.02	0.19	0.74	0.01	0.19	0.72	0.72	0.0	0.18	0.76	0	1568464176.5617378	49.58	50.1	53.7	44.27	42.27	51.9	25.0	405	334	300	359	300	226			373	303	283	212	403	363	389			155
nan	nan	nan	nan	nan	nan			nan	0	1	1	0	0.23	0.71	0.7	0.02	0.21	0.74	0.01	0.19	0.72	0.72	0.0	0.18	0.76	0	1568464176.6780365	41.45	50.17	53.75	44.05	40.4	51.86	25.0	nan	nan	nan	nan	nan	nan			nan	nan	nan	nan	nan	nan	nan			nan
nan	nan	nan	nan	nan	nan			nan	0	1	1	0	0.22	0.71	0.7	0.02	0.21	0.74	0.01	0.19	0.72	0.72	0.0	0.18	0.76	0	1568464176.7849154	45.73	50.08	53.85	43.96	41.32	51.84	25.0	nan	nan	nan	nan	nan	nan			nan	nan	nan	nan	nan	nan	nan			nan
nan	nan	nan	nan	nan	nan			nan	0	1	1	0	0.14	0.71	0.71	0.02	0.19	0.74	0.01	0.19	0.72	0.72	0.0	0.18	0.76	0	1568464176.892023	46.05	50.07	53.6	43.9	41.47	51.91	25.0	nan	nan	nan	nan	nan	nan			nan	nan	nan	nan	nan	nan	nan			nan
nan	nan	nan	nan	nan	nan			nan	0	1	1	0	0.25	0.71	0.71	0.02	0.21	0.75	0.01	0.19	0.72	0.72	0.0	0.18	0.76	0	1568464176.9995809	40.49	50.09	53.35	43.78	40.07	51.95	25.0	nan	nan	nan	nan	nan	nan			nan	nan	nan	nan	nan	nan	nan			nan
nan	nan	nan	nan	nan	nan			nan	0	1	1	0	0.16	0.71	0.71	0.02	0.18	0.75	0.01	0.19	0.72	0.72	0.0	0.18	0.76	0	1568464177.105827	49.17	50.11	53.56	43.77	42.35	52.01	25.0	nan	nan	nan	nan	nan	nan			nan	nan	nan	nan	nan	nan	nan			nan
nan	nan	nan	nan	nan	nan			nan	0	1	1	0	0.19	0.72	0.71	0.02	0.2	0.75	0.01	0.19	0.72	0.72	0.0	0.18	0.76	0	1568464177.213206	41.22	50.06	53.65	43.77	40.43	52.11	25.0	nan	nan	nan	nan	nan	nan			nan	nan	nan	nan	nan	nan	nan			nan
12.61	83.63	57.76	-57.76	25.81	90.06			291.37	0	1	1	0	0.2	0.72	0.71	0.02	0.19	0.75	0.01	0.19	0.72	0.72	0.0	0.18	0.76	0	1568464177.3219461	48.53	50.08	53.71	43.55	42.07	52.2	25.0	435	359	299	362	326	256			373	233	251	211	403	334	327			155
12.61	83.63	57.76	-57.76	25.81	90.06			291.37	0	1	1	0	0.2	0.72	0.71	0.02	0.2	0.75	0.01	0.19	0.72	0.72	0.0	0.18	0.76	0	1568464177.4352531	38.13	49.91	53.46	43.63	40.03	52.05	25.0	435	359	299	362	326	256			373	233	251	211	403	334	327			155
12.61	83.63	57.76	-57.76	25.81	90.06			291.37	1	1	1	1	0.22	0.72	0.71	0.02	0.2	0.75	0.01	0.19	0.72	0.72	0.0	0.18	0.76	0	1568464177.5455477	47.19	50.13	53.33	43.5	40.82	52.05	25.0	435	359	299	362	326	256			373	233	251	211	403	334	327			155
12.61	83.63	57.76	-57.76	25.81	90.06			291.37	1	0	0	1	0.19	0.72	0.71	0.02	0.18	0.75	0.01	0.19	0.72	0.72	0.0	0.18	0.76	0	1568464177.6604967	43.47	49.96	53.49	43.4	42.16	51.97	25.0	435	359	299	362	326	256			373	233	251	211	403	334	327			155
12.61	83.63	57.76	-57.76	25.81	90.06			291.37	1	0	0	1	0.2	0.72	0.71	0.01	0.21	0.75	0.01	0.69	0.16	0.0	0.66	0.73	0.08	0	1568464177.769432	74.34	25.0	25.0	75.0	72.28	25.0	25.0	435	359	299	362	326	256			373	233	251	211	403	334	327			155
11.3	95.04	72.07	-72.07	24.04	90.46			288.53	1	0	0	1	1.18	0.04	0.03	0.78	0.78	0.06	0.01	0.69	0.16	0.0	0.66	0.73	0.08	0	1568464177.8787448	25.0	55.28	45.05	72.62	68.84	47.66	25.0	431	359	298	363	332	262			373	218	250	214	403	331	320			155
11.3	95.04	72.07	-72.07	24.04	90.46			288.53	1	0	0	1	0.47	0.33	0.06	0.63	0.66	0.19	0.01	0.69	0.16	0.0	0.66	0.73	0.08	0	1568464177.985952	67.49	34.94	45.75	45.36	47.54	41.25	25.0	431	359	298	363	332	262			373	218	250	214	403	331	320			155
11.3	95.04	72.07	-72.07	24.04	90.46			288.53	1	0	0	1	0.78	0.13	0.06	0.53	0.61	0.1	0.01	0.69	0.16	0.0	0.66	0.73	0.08	0	1568464178.0939124	41.49	51.76	44.75	57.94	55.59	47.11	25.0	431	359	298	363	332	262			373	218	250	214	403	331	320			155
11.3	95.04	72.07	-72.07	24.04	90.46			288.53	1	0	0	1	0.67	0.22	0.06	0.59	0.65	0.15	0.01	0.69	0.16	0.0	0.66	0.73	0.08	0	1568464178.200867	47.74	39.25	45.02	54.83	53.16	43.13	25.0	431	359	298	363	332	262			373	218	250	214	403	331	320			155
10.97	97.03	71.58	-71.58	23.15	90.9			288.42	1	0	0	1	0.68	0.19	0.05	0.61	0.68	0.11	0.01	0.69	0.16	0.0	0.66	0.73	0.08	0	1568464178.3141599	48.41	49.2	44.93	52.4	51.07	45.71	25.0	430	358	298	363	331	260			373	216	247	211	400	329	318			155
10.97	97.03	71.58	-71.58	23.15	90.9			288.42	1	0	0	1	0.68	0.19	0.04	0.61	0.69	0.12	0.01	0.69	0.16	0.0	0.66	0.73	0.08	0	1568464178.426276	47.49	43.08	45.06	52.83	50.4	44.28	25.0	430	358	298	363	331	260			373	216	247	211	400	329	318			155
10.97	97.03	71.58	-71.58	23.15	90.9			288.42	1	0	0	1	0.68	0.18	0.05	0.61	0.7	0.12	0.01	0.69	0.16	0.0	0.66	0.73	0.08	0	1568464178.5414307	47.6	47.75	44.62	52.92	49.99	44.01	25.0	430	358	298	363	331	260			373	216	247	211	400	329	318			155
10.97	97.03	71.58	-71.58	23.15	90.9			288.42	1	0	0	1	0.69	0.18	0.04	0.63	0.7	0.11	0.01	0.69	0.16	0.0	0.66	0.73	0.08	0	1568464178.6598098	47.33	44.47	45.11	52.57	49.68	44.78	25.0	430	358	298	363	331	260			373	216	247	211	400	329	318			155
10.97	97.03	71.58	-71.58	23.15	90.9			288.42	1	0	0	1	0.69	0.16	0.03	0.64	0.71	0.1	0.01	0.69	0.16	0.0	0.66	0.73	0.08	0	1568464178.7679195	47.06	46.88	44.96	51.82	49.66	44.9	25.0	430	358	298	363	331	260			373	216	247	211	400	329	318			155
10.97	97.03	71.58	-71.58	23.15	90.9			288.42	1	0	0	1	0.69	0.18	0.04	0.64	0.71	0.11	0.01	0.69	0.16	0.0	0.66	0.73	0.08	0	1568464178.8762236	47.04	44.99	44.59	51.59	49.65	44.17	25.0	430	358	298	363	331	260			373	216	247	211	400	329	318			155
18.16	91.52	66.84	-66.84	30.04	84.24			288.01	1	0	0	1	0.69	0.17	0.03	0.64	0.71	0.11	0.01	0.69	0.16	0.0	0.66	0.73	0.08	0	1568464178.9837017	47.06	46.73	44.75	51.49	49.59	43.99	25.0	430	359	298	363	332	261			373	215	248	212	402	331	319			155
18.16	91.52	66.84	-66.84	30.04	84.24			288.01	1	0	0	1	0.69	0.18	0.03	0.64	0.71	0.1	0.01	0.69	0.16	0.0	0.66	0.73	0.08	0	1568464179.0922213	47.17	45.09	44.52	51.44	49.65	44.39	25.0	430	359	298	363	332	261			373	215	248	212	402	331	319			155
18.16	91.52	66.84	-66.84	30.04	84.24			288.01	1	0	0	1	0.7	0.17	0.03	0.65	0.71	0.1	0.01	0.69	0.16	0.0	0.66	0.73	0.08	0	1568464179.200706	46.83	46.5	44.38	51.44	49.75	44.41	25.0	430	359	298	363	332	261			373	215	248	212	402	331	319			155
18.16	91.52	66.84	-66.84	30.04	84.24			288.01	1	0	0	1	0.69	0.18	0.03	0.65	0.71	0.1	0.01	0.69	0.16	0.0	0.66	0.73	0.08	0	1568464179.3087327	47.12	45.42	44.43	51.34	49.67	44.43	25.0	430	359	298	363	332	261			373	215	248	212	402	331	319			155
18.16	91.52	66.84	-66.84	30.04	84.24			288.01	1	0	0	1	0.69	0.16	0.03	0.65	0.72	0.1	0.01	0.69	0.16	0.0	0.66	0.73	0.08	0	1568464179.420533	47.19	46.27	44.37	51.39	49.55	44.37	25.0	430	359	298	363	332	261			373	215	248	212	402	331	319			155
63.32	20.58	-30.79	30.79	91.68	24.17			284.41	1	1	1	1	0.69	0.18	0.03	0.65	0.72	0.1	0.01	0.69	0.16	0.0	0.66	0.73	0.08	0	1568464179.5324328	46.69	45.4	44.0	51.3	49.63	44.24	25.0	432	356	296	384	334	258			373	210	213	162	351	301	319			155
63.32	20.58	-30.79	30.79	91.68	24.17			284.41	1	1	1	1	0.69	0.16	0.03	0.65	0.72	0.1	0.01	0.69	0.16	0.0	0.66	0.73	0.08	0	1568464179.641085	47.16	46.16	44.11	51.34	49.73	44.09	25.0	432	356	296	384	334	258			373	210	213	162	351	301	319			155
63.32	20.58	-30.79	30.79	91.68	24.17			284.41	0	1	1	0	0.69	0.17	0.02	0.65	0.72	0.09	0.01	0.69	0.16	0.0	0.66	0.73	0.08	0	1568464179.7483294	47.21	45.45	44.13	51.26	49.68	44.29	25.0	432	356	296	384	334	258			373	210	213	162	351	301	319			155
63.32	20.58	-30.79	30.79	91.68	24.17			284.41	0	1	1	0	0.1	1.19	0.61	0.02	0.12	1.02	0.01	0.2	0.7	0.71	0.0	0.18	0.76	0	1568464179.8802977	57.82	25.0	62.23	45.92	46.49	32.51	25.0	432	356	296	384	334	258			373	210	213	162	351	301	319			155
63.32	20.58	-30.79	30.79	91.68	24.17			284.41	0	1	1	0	0.37	0.43	0.58	0.04	0.4	0.57	0.01	0.2	0.7	0.71	0.0	0.18	0.76	0	1568464179.9888623	30.85	67.73	54.68	44.99	30.01	62.85	25.0	432	356	296	384	334	258			373	210	213	162	351	301	319			155
63.32	20.58	-30.79	30.79	91.68	24.17			284.41	0	1	1	0	0.26	0.85	0.53	0.05	0.23	0.76	0.01	0.2	0.7	0.71	0.0	0.18	0.76	0	1568464180.0989368	44.14	40.12	64.55	44.28	43.83	47.44	25.0	432	356	296	384	334	258			373	210	213	162	351	301	319			155
71.61	18.72	-51.18	51.18	88.66	21.1			286.66	0	1	1	0	0.08	0.64	0.68	0.04	0.19	0.67	0.01	0.2	0.7	0.71	0.0	0.18	0.76	0	1568464180.2064297	48.51	51.06	48.83	44.55	39.96	55.68	25.0	431	357	308	390	332	258			373	215	207	145	334	292	319			155
71.61	18.72	-51.18	51.18	88.66	21.1			286.66	0	1	1	0	0.32	0.66	0.62	0.04	0.27	0.73	0.01	0.2	0.7	0.71	0.0	0.18	0.76	0	1568464180.3191829	37.65	52.91	57.21	44.35	38.43	51.87	25.0	431	357	308	390	332	258			373	215	207	145	334	292	319			155
71.61	18.72	-51.18	51.18	88.66	21.1			286.66	0	1	1	0	0.17	0.68	0.65	0.03	0.19	0.73	0.01	0.2	0.7	0.71	0.0	0.18	0.76	0	1568464180.426911	51.89	50.61	55.85	44.45	43.87	51.69	25.0	431	357	308	390	332	258			373	215	207	145	334	292	319			155
71.61	18.72	-51.18	51.18	88.66	21.1			286.66	0	1	1	0	0.26	0.69	0.67	0.03	0.23	0.73	0.01	0.2	0.7	0.71	0.0	0.18	0.76	0	1568464180.5341945	39.67	50.1	54.4	44.41	40.02	51.73	25.0	431	357	308	390	332	258			373	215	207	145	334	292	319			155
78.31	17.73	-61.26	61.26	85.15	22.75			287.97	0	1	1	0	0.23	0.69	0.68	0.03	0.22	0.73	0.01	0.2	0.7	0.71	0.0	0.18	0.76	0	1568464180.6415634	47.72	50.0	54.09	44.31	41.68	51.91	25.0	431	358	316	394	331	260				214	203	136	322	286	318			
78.31	17.73	-61.26	61.26	85.15	22.75			287.97	0	1	1	0	0.16	0.69	0.68	0.03	0.21	0.74	0.01	0.2	0.7	0.71	0.0	0.18	0.76	0	1568464180.7494528	44.27	50.06	53.94	44.23	41.29	51.77	25.0	431	358	316	394	331	260				214	203	136	322	286	318			
78.31	17.73	-61.26	61.26	85.15	22.75			287.97	0	1	1	0	0.25	0.69	0.69	0.03	0.22	0.74	0.01	0.2	0.7	0.71	0.0	0.18	0.76	0	1568464180.8569963	42.06	50.02	53.77	44.2	40.4	51.82	25.0	431	358	316	394	331	260				214	203	136	322	286	318			
78.31	17.73	-61.26	61.26	85.15	22.75			287.97	0	1	1	0	0.15	0.69	0.69	0.03	0.19	0.74	0.0	0.2	0.7	0.71	0.0	0.18	0.76	0	1568464180.9645216	48.27	49.89	53.52	43.97	42.09	51.95	25.0	431	358	316	394	331	260				214	203	136	322	286	318			
78.31	17.73	-61.26	61.26	85.15	22.75			287.97	0	1	1	0	0.23	0.69	0.7	0.02	0.21	0.75	0.01	0.2	0.7	0.71	0.0	0.18	0.76	0	1568464181.0727968	39.83	49.9	53.39	44.09	40.32	51.62	25.0	431	358	316	394	331	260				214	203	136	322	286	318			
78.31	17.73	-61.26	61.26	85.15	22.75			287.97	0	1	1	0	0.19	0.7	0.7	0.02	0.21	0.74	0.01	0.2	0.7	0.71	0.0	0.18	0.76	0	1568464181.1802921	47.11	49.86	53.46	43.94	40.93	51.86	25.0	431	358	316	394	331	260				214	203	136	322	286	318			
78.31	17.73	-61.26	61.26	85.15	22.75			287.97	0	1	1	0	0.18	0.69	0.7	0.02	0.19	0.75	0.01	0.2	0.7	0.71	0.0	0.18	0.76	0	1568464181.2893126	41.75	50.02	53.36	43.88	41.44	51.82	25.0	431	358	316	394	331	260				214	203	136	322	286	318			
78.31	17.73	-61.26	61.26	85.15	22.75			287.97	0	1	1	0	0.23	0.7	0.7	0.02	0.21	0.75	0.01	0.2	0.7	0.71	0.0	0.18	0.76	0	1568464181.3998878	43.94	49.75	53.3	43.86	40.11	51.93	25.0	431	358	316	394	331	260				214	203	136	322	286	318			
78.31	17.73	-61.26	61.26	85.15	22.75			287.97	0	1	1	0	0.15	0.7	0.7	0.02	0.19	0.75	0.01	0.2	0.7	0.71	0.0	0.18	0.76	0	1568464181.5070405	45.55	49.78	53.33	43.98	41.82	51.98	25.0	431	358	316	394	331	260				214	203	136	322	286	318			
78.31	17.73	-61.26	61.26	85.15	22.75			287.97	0	1	1	0	0.25	0.7	0.7	0.02	0.19	0.75	0.01	0.2	0.7	0.71	0.0	0.18	0.76	0	1568464181.6139238	41.71	49.93	53.28	43.64	41.22	51.93	25.0	431	358	316	394	331	260				214	203	136	322	286	318			
78.31	17.73	-61.26	61.26	85.15	22.75			287.97	0	1	1	0	0.18	0.7	0.7	0.02	0.2	0.75	0.01	0.2	0.7	0.71	0.0	0.18	0.76	0	1568464181.7211173	48.02	49.84	53.34	43.71	40.85	52.01	25.0	431	358	316	394	331	260				214	203	136	322	286	318			
78.31	17.73	-61.26	61.26	85.15	22.75			287.97	0	1	1	0	0.23	0.7	0.7	0.02	0.18	0.75	0.01	0.2	0.7	0.71	0.0	0.18	0.76	0	1568464181.8277686	42.06	49.86	53.4	43.56	41.94	52.09	25.0	431	358	316	394	331	260				214	203	136	322	286	318			
78.31	17.73	-61.26	61.26	85.15	22.75			287.97	0	1	1	0	0.22	0.7	0.7	0.02	0.21	0.75	0.01	0.2	0.7	0.71	0.0	0.18	0.76	0	1568464181.9355402	46.49	49.88	53.27	43.46	39.97	52.18	25.0	431	358	316	394	331	260				214	203	136	322	286	318			
78.31	17.73	-61.26	61.26	85.15	22.75			287.97	0	1	1	0	0.15	0.7	0.7	0.01	0.19	0.75	0.01	0.2	0.7	0.71	0.0	0.18	0.76	0	1568464182.0433342	45.51	49.76	53.45	43.51	41.45	52.28	25.0	431	358	316	394	331	260				214	203	136	322	286	318			
78.31	17.73	-61.26	61.26	85.15	22.75			287.97	0	1	1	0	0.25	0.7	0.7	0.02	0.19	0.75	0.01	0.2	0.7	0.71	0.0	0.18	0.76	0	1568464182.1499982	43.21	49.91	53.35	43.24	40.84	52.08	25.0	431	358	316	394	331	260				214	203	136	322	286	318			
78.31	17.73	-61.26	61.26	85.15	22.75			287.97	0	1	1	0	0.15	0.7	0.7	0.01	0.2	0.75	0.01	0.2	0.7	0.71	0.0	0.18	0.76	0	1568464182.2575295	48.04	49.94	53.4	43.3	40.52	52.09	25.0	431	358	316	394	331	260				214	203	136	322	286	318			
34.44	32.94	-20.02	20.02	50.18	68.36			291.39	0	1	1	0	0.24	0.7	0.71	0.01	0.18	0.75	0.01	0.2	0.7	0.71	0.0	0.18	0.76	0	1568464182.3642745	40.26	49.76	53.07	43.2	41.81	52.15	25.0	444	368	316	397	335	266				213	194	137	325	280	308			
34.44	32.94	-20.02	20.02	50.18	68.36			291.39	0	1	1	0	0.21	0.7	0.7	0.01	0.2	0.75	0.01	0.2	0.7	0.71	0.0	0.18	0.76	0	1568464182.4722226	47.8	49.83	53.46	43.13	40.1	52.07	25.0	444	368	316	397	335	266				213	194	137	325	280	308			
34.44	32.94	-20.02	20.02	50.18	68.36			291.39	0	1	1	0	0.21	0.7	0.71	0.01	0.19	0.75	0.01	0.2	0.7	0.71	0.0	0.18	0.76	0	1568464182.5805798	42.89	49.79	53.31	43.13	41.28	52.12	25.0	444	368	316	397	335	266				213	194	137	325	280	308			
34.44	32.94	-20.02	20.02	50.18	68.36			291.39	0	1	1	0	0.24	0.7	0.7	0.01	0.18	0.75	0.01	0.2	0.7	0.71	0.0	0.18	0.76	0	1568464182.6884396	45.46	49.99	53.33	42.9	41.15	52.17	25.0	444	368	316	397	335	266				213	194	137	325	280	308			
34.44	32.94	-20.02	20.02	50.18	68.36			291.39	0	1	1	0	0.16	0.7	0.71	0.01	0.2	0.76	0.01	0.2	0.7	0.71	0.0	0.18	0.76	0	1568464182.7963839	46.21	49.82	53.37	42.94	40.37	52.07	25.0	444	368	316	397	335	266				213	194	137	325	280	308			
34.44	32.94	-20.02	20.02	50.18	68.36			291.39	0	1	1	0	0.25	0.7	0.71	0.01	0.17	0.76	0.01	0.2	0.7	0.71	0.0	0.18	0.76	0	1568464182.9100542	41.59	49.95	53.26	42.87	42.02	52.07	25.0	444	368	316	397	335	266				213	194	137	325	280	308			
34.44	32.94	-20.02	20.02	50.18	68.36			291.39	0	1	1	0	0.17	0.7	0.71	0.01	0.18	0.76	0.01	0.2	0.7	0.71	0.0	0.18	0.76	0	1568464183.0254056	47.5	49.83	53.24	42.62	41.04	52.09	25.0	444	368	316	397	335	266				213	194	137	325	280	308			
34.44	32.94	-20.02	20.02	50.18	68.36			291.39	0	1	1	0	0.2	0.7	0.71	0.01	0.19	0.76	0.01	0.2	0.7	0.71	0.0	0.18	0.76	0	1568464183.1396947	43.55	49.82	53.28	42.68	40.43	52.13	25.0	444	368	316	397	335	266				213	194	137	325	280	308			
34.44	32.94	-20.02	20.02	50.18	68.36			291.39	0	1	1	0	0.23	0.7	0.71	0.01	0.17	0.76	0.01	0.2	0.7	0.71	0.0	0.18	0.76	0	1568464183.25757	44.68	49.89	53.26	42.6	41.8	52.15	25.0	444	368	316	397	335	266				213	194	137	325	280	308			
34.44	32.94	-20.02	20.02	50.18	68.36			291.39	0	1	1	0	0.15	0.7	0.71	0.01	0.19	0.76	0.01	0.2	0.7	0.71	0.0	0.18	0.76	0	1568464183.367773	46.35	49.7	53.11	42.5	40.25	52.18	25.0	444	368	316	397	335	266				213	194	137	325	280	308			
34.44	32.94	-20.02	20.02	50.18	68.36			291.39	0	1	1	0	0.23	0.7	0.71	0.01	0.19	0.76	0.01	0.2	0.7	0.71	0.0	0.18	0.76	0	1568464183.4785037	41.48	49.98	53.46	42.41	40.85	52.22	25.0	444	368	316	397	335	266				213	194	137	325	280	308			
34.44	32.94	-20.02	20.02	50.18	68.36			291.39	0	1	1	0	0.19	0.7	0.71	0.01	0.17	0.76	0.01	0.2	0.7	0.71	0.0	0.18	0.76	0	1568464183.5854468	47.58	49.86	53.29	42.33	41.5	52.24	25.0	444	368	316	397	335	266				213	194	137	325	280	308			
34.44	32.94	-20.02	20.02	50.18	68.36			291.39	0	1	1	0	0.14	0.7	0.71	0.01	0.19	0.76	0.01	0.2	0.7	0.71	0.0	0.18	0.76	0	1568464183.7110403	46.48	49.67	53.34	42.21	40.38	52.21	25.0	444	368	316	397	335	266				213	194	137	325	280	308			
12.06	93.2	65.79	-65.79	31.83	88.53			282.21	0	1	1	0	0.26	0.7	0.71	0.01	0.19	0.76	0.01	0.2	0.7	0.71	0.0	0.18	0.76	0	1568464183.8178287	42.14	50.04	53.31	42.13	41.31	52.1	25.0	448	378	315	397	360	288				130	165	134	318	250	249			
12.06	93.2	65.79	-65.79	31.83	88.53			282.21	0	1	1	0	0.14	0.7	0.71	0.01	0.17	0.76	0.01	0.2	0.7	0.71	0.0	0.18	0.76	0	1568464183.9250672	49.03	49.7	53.32	42.04	41.78	52.11	25.0	448	378	315	397	360	288				130	165	134	318	250	249			
