aIMG0	aIMG1	aIMG2	aIMG3	aIMG4	aIMG5	aIMG6	aIMG7	eps	f0	f1	f2	f3	p0	p1	p2	p3	p4	p5	p6	r0	r1	r2	r3	r4	r5	r6	time	u0	u1	u2	u3	u4	u5	u6	x0	x1	x2	x3	x4	x5	x6	x7	x8	y0	y1	y2	y3	y4	y5	y6	y7	y8
		10.3	-10.3					183.0	0	0	0	0	0.01	0.01	0.01	0.01	0.01	0.01	0.01	0.0	0.0	0.0	0.0	0.0	0.0	0.0	1565705621.5919409	32.18	37.38	36.16	38.42	31.71	36.56	25.0		153			211				1158		432			436				72
		9.7	-9.7					183.0	0	0	0	0	0.01	0.01	0.01	0.01	0.01	0.01	0.01	0.0	0.0	0.0	0.0	0.0	0.0	0.0	1565705621.6984932	32.29	37.49	36.08	38.51	31.64	36.37	25.0		153			211				1158		432			436				72
		9.7	-9.7					183.0	0	0	0	0	0.01	0.01	0.01	0.01	0.01	0.01	0.01	0.0	0.0	0.0	0.0	0.0	0.0	0.0	1565705621.805263	32.23	37.26	36.0	38.31	31.57	36.43	25.0		153			211				1158		432			436				72
		10.4	-10.4					182.9	0	0	0	0	0.01	0.01	0.01	0.01	0.01	0.01	0.01	0.0	0.0	0.0	0.0	0.0	0.0	0.0	1565705621.9130402	32.15	36.98	35.91	38.29	31.5	36.28	25.0		153			211				1158		432			436				72
		10.4	-10.4					182.9	0	0	0	0	0.01	0.01	0.01	0.01	0.01	0.01	0.01	0.0	0.0	0.0	0.0	0.0	0.0	0.0	1565705622.0197487	32.09	37.05	35.83	38.26	31.43	36.36	25.0		153			211				1158		432			436				72
		10.5	-10.5					183.0	0	0	0	0	0.01	0.01	0.01	0.01	0.01	0.01	0.01	0.0	0.0	0.0	0.0	0.0	0.0	0.0	1565705622.1275697	31.81	36.86	35.8	38.35	31.36	36.31	25.0		153			211				1158		432			436				72
		10.5	-10.5					183.0	0	0	0	0	0.01	0.01	0.01	0.01	0.01	0.01	0.01	0.0	0.0	0.0	0.0	0.0	0.0	0.0	1565705622.2364821	31.71	36.74	35.66	38.24	31.46	36.28	25.0		153			211				1158		432			436				72
		10.3	-10.3					183.0	0	0	0	0	0.01	0.01	0.01	0.01	0.01	0.01	0.01	0.0	0.0	0.0	0.0	0.0	0.0	0.0	1565705622.3431368	31.8	36.67	35.59	38.06	31.25	36.06	25.0		153			211				1158		432			436				72
		10.3	-10.3					183.0	0	0	0	0	0.01	0.01	0.01	0.01	0.01	0.01	0.01	0.0	0.0	0.0	0.0	0.0	0.0	0.0	1565705622.4493418	31.75	36.65	35.5	38.0	31.15	36.18	25.0		153			211				1158		432			436				72
		9.8	-9.8					183.0	0	0	0	0	0.01	0.01	0.01	0.01	0.01	0.01	0.01	0.0	0.0	0.0	0.0	0.0	0.0	0.0	1565705622.5569165	31.49	36.7	35.47	38.14	31.09	36.15	25.0		153			211				1158		432			436				72
		9.8	-9.8					183.0	0	0	0	0	0.01	0.01	0.01	0.01	0.01	0.01	0.01	0.0	0.0	0.0	0.0	0.0	0.0	0.0	1565705622.662734	31.59	36.47	35.34	37.94	31.21	36.09	25.0		153			211				1158		432			436				72
		10.0	-10.0					183.0	0	0	0	0	0.01	0.01	0.01	0.01	0.01	0.01	0.01	0.0	0.0	0.0	0.0	0.0	0.0	0.0	1565705622.7687116	31.51	36.55	35.28	37.85	30.97	36.06	25.0		153			211				1158		432			436				72
		10.0	-10.0					183.0	0	0	0	0	0.01	0.01	0.01	0.01	0.01	0.01	0.01	0.0	0.0	0.0	0.0	0.0	0.0	0.0	1565705622.8760812	31.42	36.71	35.18	37.8	30.89	36.02	25.0		153			211				1158		432			436				72
		10.0	-10.0					183.0	0	0	0	0	0.01	0.01	0.01	0.01	0.01	0.01	0.01	0.0	0.0	0.0	0.0	0.0	0.0	0.0	1565705622.9825776	31.2	36.33	35.15	37.79	30.83	35.98	25.0		153			211				1158		432			436				72
		10.0	-10.0					183.0	0	0	0	0	0.01	0.01	0.01	0.01	0.01	0.01	0.01	0.0	0.0	0.0	0.0	0.0	0.0	0.0	1565705623.0906558	31.29	36.18	35.02	37.72	30.75	35.93	25.0		153			211				1158		432			436				72
		10.0	-10.0					183.0	0	0	0	0	0.01	0.01	0.01	0.01	0.01	0.01	0.01	0.0	0.0	0.0	0.0	0.0	0.0	0.0	1565705623.1972299	31.22	36.11	34.95	37.8	30.69	35.89	25.0		153			211				1158		432			436				72
		10.0	-10.0					183.0	0	0	0	0	0.01	0.01	0.01	0.01	0.01	0.01	0.01	0.0	0.0	0.0	0.0	0.0	0.0	0.0	1565705623.3039532	31.15	36.03	34.86	37.58	30.61	35.84	25.0		153			211				1158		432			436				72
		10.4	-10.4					183.0	0	0	0	0	0.01	0.01	0.01	0.01	0.01	0.01	0.01	0.0	0.0	0.0	0.0	0.0	0.0	0.0	1565705623.4104407	30.91	36.19	34.78	37.68	30.55	35.81	25.0		153			211				1158		432			436				72
		10.4	-10.4					183.0	0	0	0	0	0.01	0.01	0.01	0.01	0.01	0.01	0.01	0.0	0.0	0.0	0.0	0.0	0.0	0.0	1565705623.5168726	31.0	36.11	34.86	37.5	30.49	35.78	25.0		153			211				1158		432			436				72
		10.2	-10.2					182.9	0	0	0	0	0.01	0.01	0.01	0.01	0.01	0.01	0.01	0.0	0.0	0.0	0.0	0.0	0.0	0.0	1565705623.6290607	30.8	36.07	34.69	37.52	30.46	35.76	25.0		153			211				1158		432			436				72
		10.0	-10.0					183.0	0	0	0	0	0.01	0.01	0.01	0.01	0.01	0.01	0.01	0.0	0.0	0.0	0.0	0.0	0.0	0.0	1565705623.7382054	30.74	36.19	34.64	37.44	30.42	35.73	25.0		153			211				1158		432			436				72
		10.0	-10.0					183.0	0	0	0	0	0.01	0.01	0.01	0.01	0.01	0.01	0.01	0.0	0.0	0.0	0.0	0.0	0.0	0.0	1565705623.846895	30.69	36.07	34.59	37.41	30.38	35.71	25.0		153			211				1158		432			436				72
		10.5	-10.5					183.0	0	0	0	0	0.01	0.01	0.01	0.01	0.01	0.01	0.01	0.0	0.0	0.0	0.0	0.0	0.0	0.0	1565705623.9547873	30.64	35.98	34.56	37.38	30.34	35.69	25.0		153			211				1158		432			436				72
		10.5	-10.5					183.0	1	0	0	1	0.01	0.01	0.01	0.01	0.01	0.01	0.01	0.42	0.18	0.0	0.38	0.34	0.0	0	1565705624.0628438	65.89	50.99	34.48	69.18	58.75	35.65	25.0		153			211				1158		432			436				72
		10.2	-10.2					182.9	1	0	0	1	0.27	0.05	0.01	0.19	0.15	0.01	0.01	0.42	0.18	0.0	0.38	0.34	0.0	0	1565705624.1710095	52.75	50.53	34.4	58.41	50.28	35.61	25.0		153			211				1158		432			436				72
		10.2	-10.2					182.9	1	0	0	1	0.35	0.11	0.01	0.3	0.23	0.01	0.01	0.42	0.18	0.0	0.38	0.34	0.0	0	1565705624.278742	41.99	45.05	34.32	49.08	44.61	35.57	25.0		153			211				1158		432			436				72
		9.7	-9.7					183.0	1	0	0	1	0.3	0.1	0.01	0.32	0.26	0.01	0.01	0.42	0.18	0.0	0.38	0.34	0.0	0	1565705624.385688	45.97	46.2	34.24	48.27	42.66	35.53	25.0		153			211				1158		432			436				72
		9.7	-9.7					183.0	1	0	0	1	0.34	0.11	0.01	0.33	0.29	0.01	0.01	0.42	0.18	0.0	0.38	0.34	0.0	0	1565705624.492856	45.48	46.15	34.18	47.95	41.23	35.49	25.0		153			211				1158		432			436				72
		10.0	-10.0					183.0	1	0	0	1	0.33	0.12	0.01	0.33	0.29	0.01	0.01	0.42	0.18	0.0	0.38	0.34	0.0	0	1565705624.6036408	45.62	45.84	34.22	47.99	41.31	35.45	25.0		153			211				1158		432			436				72
		10.0	-10.0					183.0	1	0	0	1	0.35	0.12	0.01	0.33	0.28	0.0	0.01	0.42	0.18	0.0	0.38	0.34	0.0	0	1565705624.711056	45.5	46.06	34.17	48.13	42.15	35.55	25.0		153			211				1158		432			436				72
		9.4	-9.4					183.5	1	0	0	1	0.34	0.13	0.01	0.33	0.29	0.01	0.01	0.42	0.18	0.0	0.38	0.34	0.0	0	1565705624.8191772	45.69	45.81	33.96	48.26	41.84	35.45	25.0		153			211				1158		431			436				72
		9.4	-9.4					183.5	1	0	0	1	0.36	0.13	0.01	0.34	0.29	0.01	0.01	0.42	0.18	0.0	0.38	0.34	0.0	0	1565705624.9304967	45.09	46.2	33.86	48.29	42.21	35.35	25.0		153			211				1158		431			436				72
		-2.7	2.7					184.9	1	0	0	1	0.35	0.14	0.01	0.34	0.3	0.01	0.01	0.42	0.18	0.0	0.38	0.34	0.0	0	1565705625.0382426	46.34	45.89	33.77	48.28	41.76	35.29	25.0		152			211				1158		432			437				72
		-2.7	2.7					184.9	1	0	0	1	0.37	0.14	0.01	0.34	0.29	0.01	0.01	0.42	0.18	0.0	0.38	0.34	0.0	0	1565705625.1492565	44.66	46.16	33.7	48.28	42.43	35.26	25.0		152			211				1158		432			437				72
									1	0	0	1	0.37	0.15	0.01	0.35	0.3	0.01	0.01	0.42	0.18	0.0	0.38	0.34	0.0	0	1565705625.2706687	46.26	45.99	33.61	48.36	41.45	35.21	25.0		149							1158		432							72
									1	0	0	1	0.37	0.14	0.01	0.35	0.3	0.01	0.01	0.42	0.18	0.0	0.38	0.34	0.0	0	1565705625.382722	45.13	46.19	33.66	48.34	42.46	35.17	25.0		149							1158		432							72
									1	0	0	1	0.38	0.15	0.01	0.35	0.31	0.01	0.01	0.42	0.18	0.0	0.38	0.34	0.0	0	1565705625.498951	45.72	46.01	33.44	48.32	41.8	35.13	25.0		149							1158		432							72
		-9.8	9.8					186.6	1	0	0	1	0.37	0.15	0.01	0.36	0.31	0.01	0.01	0.42	0.18	0.0	0.38	0.34	0.0	0	1565705625.6113026	45.42	46.14	33.37	48.36	42.13	35.09	25.0		149			207				1158		432			439				72
		-9.8	9.8					186.6	1	0	0	1	0.39	0.15	0.01	0.36	0.32	0.01	0.01	0.42	0.18	0.0	0.38	0.34	0.0	0	1565705625.7261353	45.56	46.11	33.3	48.48	41.84	35.05	25.0		149			207				1158		432			439				72
		-11.0	11.0					186.8	1	0	0	1	0.47	0.72	0.01	0.36	0.35	0.1	0.01	0.54	0.58	0.0	0.38	0.46	0.48	0	1565705625.8421257	50.69	64.7	33.22	48.16	49.77	69.94	25.0		149			206				1158		432			439				72
		-11.0	11.0					186.8	1	1	1	1	0.52	0.67	0.01	0.36	0.39	0.42	0.01	0.54	0.58	0.0	0.38	0.46	0.48	0	1565705625.954268	45.86	33.92	33.13	48.68	47.1	45.75	25.0		149			206				1158		432			439				72
		-12.2	12.2					187.1	1	1	1	1	0.52	0.48	0.01	0.36	0.42	0.4	0.01	0.54	0.58	0.0	0.38	0.46	0.48	0	1565705626.0674548	45.51	68.37	33.06	48.7	45.1	47.13	25.0		148			206				1158		432			439				72
		-12.2	12.2					187.1	1	1	0	0	0.51	0.54	0.01	0.36	0.44	0.4	0.01	0.54	0.58	0.0	0.38	0.46	0.48	0	1565705626.1798325	46.44	33.51	32.97	48.49	44.13	47.32	25.0		148			206				1158		432			439				72
		-13.2	13.2					187.5	1	1	0	0	0.52	0.42	0.01	0.36	0.44	0.4	0.01	0.54	0.58	0.96	0.0	0.46	0.48	0	1565705626.2912169	46.14	63.01	75.0	25.0	43.7	47.83	25.0		148			206				1158		432			439				72
		-13.2	13.2					187.5	1	1	0	0	0.52	0.62	0.26	0.01	0.45	0.4	0.01	0.54	0.58	0.96	0.0	0.46	0.48	0	1565705626.402993	46.73	36.69	75.0	44.75	43.45	48.92	25.0		148			206				1158		432			439				72
		-13.9	13.9					187.4	1	1	0	0	0.52	0.49	0.75	0.02	0.45	0.41	0.01	0.54	0.58	0.96	0.0	0.46	0.48	0	1565705626.5157614	46.24	56.9	41.57	44.65	43.77	48.77	25.0		148			206				1158		432			439				72
		-17.0	17.0					187.8	1	1	0	0	0.52	0.56	0.71	0.02	0.45	0.42	0.01	0.54	0.58	0.96	0.0	0.46	0.48	0	1565705626.6290314	46.23	49.51	74.6	44.3	43.28	47.8	25.0		147			204				1158		432			439				72
		-17.0	17.0					187.8	1	1	0	0	0.53	0.56	0.74	0.02	0.45	0.42	0.01	0.54	0.58	0.96	0.0	0.46	0.48	0	1565705626.74132	46.42	49.38	50.2	44.18	43.7	48.3	25.0		147			204				1158		432			439				72
		-19.4	19.4					188.1	1	1	0	0	0.52	0.57	0.72	0.02	0.45	0.44	0.01	0.54	0.58	0.96	0.0	0.46	0.48	0	1565705626.8588884	46.19	49.04	64.74	44.22	43.46	47.74	25.0		145			202				1158		432			439				72
		-19.4	19.4					188.1	1	1	0	0	0.53	0.56	0.81	0.02	0.45	0.44	0.01	0.54	0.58	0.96	0.0	0.46	0.48	0	1565705626.9688394	46.56	49.24	52.67	44.24	43.65	47.83	25.0		145			202				1158		432			439				72
		-16.4	16.4					188.3	1	1	0	0	0.53	0.57	0.79	0.01	0.45	0.44	0.01	0.54	0.58	0.96	0.0	0.46	0.48	0	1565705627.0788078	46.3	49.26	60.16	44.09	43.72	47.83	25.0		145			202				1158		432			439				72
		-16.4	16.4					188.3	1	1	0	0	0.53	0.57	0.82	0.02	0.45	0.44	0.01	0.54	0.58	0.96	0.0	0.46	0.48	0	1565705627.1888144	46.64	49.34	55.99	44.12	43.72	48.08	25.0		145			202				1158		432			439				72
									1	1	0	0	0.53	0.57	0.86	0.01	0.45	0.45	0.01	0.54	0.58	0.96	0.0	0.46	0.48	0	1565705627.2984133	46.03	49.26	57.82	43.95	43.75	48.08	25.0		144							1158		432							72
									1	1	0	0	0.53	0.57	0.84	0.01	0.45	0.45	0.01	0.54	0.58	0.96	0.0	0.46	0.48	0	1565705627.4050794	46.75	49.49	57.89	43.88	43.62	48.45	25.0		144							1158		432							72
									1	1	0	0	0.54	0.57	0.88	0.01	0.45	0.45	0.01	0.54	0.58	0.96	0.0	0.46	0.48	0	1565705627.5149987	45.9	49.45	56.74	43.92	43.6	48.41	25.0		145							1158		432							72
									1	1	0	0	0.53	0.57	0.87	0.01	0.45	0.45	0.01	0.54	0.58	0.96	0.0	0.46	0.48	0	1565705627.6225836	46.91	49.34	57.81	43.85	43.9	48.35	25.0		145							1158		432							72
									1	1	0	0	0.54	0.57	0.89	0.01	0.46	0.46	0.01	0.54	0.58	0.96	0.0	0.46	0.48	0	1565705627.7315023	45.84	49.41	56.64	43.75	43.41	48.3	25.0		145							1158		432							72
									1	1	1	1	0.54	0.57	0.88	0.01	0.46	0.46	0.01	0.54	0.58	0.96	0.0	0.46	0.48	0	1565705627.8443294	46.9	49.35	57.87	43.66	43.43	48.36	25.0		145							1158		432							72
		76.6	-76.6					219.7	1	1	1	1	0.54	0.57	0.89	0.01	0.46	0.46	0.01	0.54	0.58	0.96	0.0	0.46	0.48	0	1565705627.9522054	45.86	49.54	56.84	43.58	43.4	48.31	25.0		145			186				1158		432			471				72
		76.6	-76.6					219.7	0	0	1	1	0.53	0.57	0.9	0.01	0.46	0.46	0.01	0.54	0.58	0.96	0.0	0.46	0.48	0	1565705628.0613968	46.75	49.27	57.35	43.62	43.59	48.44	25.0		145			186				1158		432			471				72
		84.3	-84.3					221.8	0	0	1	1	0.53	0.57	0.14	0.15	0.46	0.46	0.01	0.54	0.58	0.0	0.99	0.46	0.48	0	1565705628.175613	46.39	49.98	25.0	75.0	43.26	48.58	25.0		145			184				1158		432			472				72
		84.3	-84.3					221.8	0	0	1	1	0.53	0.58	0.04	0.92	0.45	0.46	0.01	0.54	0.58	0.0	0.99	0.46	0.48	0	1565705628.2845643	47.55	49.74	46.61	48.26	44.56	48.99	25.0		145			184				1158		432			472				72
		88.3	-88.3					223.0	0	0	1	1	0.54	0.58	0.06	1.05	0.45	0.47	0.01	0.54	0.58	0.0	0.99	0.46	0.48	0	1565705628.3947375	46.44	49.2	44.53	49.81	44.63	47.78	25.0		145			183				1158		432			473				72
		88.3	-88.3					223.0	0	0	1	1	0.53	0.57	0.05	0.82	0.45	0.47	0.01	0.54	0.58	0.0	0.99	0.46	0.48	0	1565705628.5027916	47.07	49.44	44.8	58.53	44.51	47.82	25.0		145			183				1158		432			473				72
		88.7	-88.7					222.9	0	0	1	1	0.54	0.57	0.04	0.92	0.45	0.47	0.01	0.54	0.58	0.0	0.99	0.46	0.48	0	1565705628.6100245	45.98	49.55	45.2	57.25	44.22	48.18	25.0		145			183				1158		432			473				72
		88.7	-88.7					222.9	0	0	1	1	0.54	0.58	0.04	0.87	0.46	0.46	0.01	0.54	0.58	0.0	0.99	0.46	0.48	0	1565705628.7166722	46.64	49.38	45.07	57.87	43.86	48.67	25.0		145			183				1158		432			473				72
									0	0	1	1	0.54	0.57	0.03	0.95	0.46	0.46	0.01	0.54	0.58	0.0	0.99	0.46	0.48	0	1565705628.8268685	45.58	49.54	45.4	56.18	43.48	49.1	25.0		147							1158		432							72
									0	0	1	1	0.53	0.57	0.03	0.87	0.47	0.46	0.01	0.54	0.58	0.0	0.99	0.46	0.48	0	1565705628.9342966	47.01	49.88	45.16	60.51	42.97	49.1	25.0		146							1158		427							72
									0	0	1	1	0.54	0.58	0.03	0.94	0.46	0.47	0.01	0.54	0.58	0.0	0.99	0.46	0.48	0	1565705629.0410466	46.39	49.84	45.19	54.0	43.05	48.76	25.0		146							1158		427							72
									0	0	1	1	0.54	0.58	0.03	0.93	0.46	0.48	0.01	0.54	0.58	0.0	0.99	0.46	0.48	0	1565705629.1474586	46.44	49.02	45.13	57.33	43.67	48.1	25.0					181				1158					474				72
									0	0	1	1	0.54	0.58	0.03	0.94	0.46	0.48	0.01	0.54	0.58	0.0	0.99	0.46	0.48	0	1565705629.254366	46.45	49.2	45.13	56.12	43.83	48.09	25.0					181				1158					474				72
									0	0	1	1	0.54	0.58	0.03	0.95	0.46	0.48	0.01	0.54	0.58	0.0	0.99	0.46	0.48	0	1565705629.362255	46.44	49.54	44.93	56.43	43.59	48.15	25.0									1158									72
									0	0	1	1	0.54	0.58	0.02	0.95	0.46	0.48	0.01	0.54	0.58	0.0	0.99	0.46	0.48	0	1565705629.4731493	46.33	49.36	44.92	56.53	43.58	48.35	25.0									1158									72
									1	1	1	1	0.54	0.58	0.02	0.96	0.46	0.47	0.01	0.54	0.58	0.0	0.99	0.46	0.48	0	1565705629.5809662	46.24	49.43	44.76	56.5	43.67	48.51	25.0		239							1158		456							72
									1	1	1	1	0.54	0.58	0.02	0.96	0.46	0.47	0.01	0.54	0.58	0.0	0.99	0.46	0.48	0	1565705629.6886165	46.35	49.44	44.71	56.34	43.72	48.57	25.0		239							1158		456							72
									1	0	0	1	0.54	0.58	0.02	0.96	0.46	0.47	0.01	0.54	0.58	0.0	0.99	0.46	0.48	0	1565705629.7958875	46.51	49.25	44.56	56.46	43.59	48.61	25.0		239							1158		457							72
									1	0	0	1	0.54	0.58	0.02	0.97	0.46	0.47	0.01	0.54	0.58	0.0	0.99	0.46	0.48	0	1565705629.9111133	46.09	49.45	44.57	56.25	43.58	48.66	25.0		239							1158		457							72
		-89.4	89.4					345.0	1	0	0	1	0.54	0.58	0.02	0.97	0.46	0.48	0.01	0.54	0.58	0.0	0.99	0.46	0.48	0	1565705630.0195382	46.67	49.32	44.45	56.43	43.58	48.57	25.0		239			186				1158		457			474				72
		-89.4	89.4					345.0	1	0	0	1	0.54	0.58	0.02	0.97	0.46	0.48	0.01	0.54	0.58	0.0	0.99	0.46	0.48	0	1565705630.1314304	46.14	49.4	44.34	56.15	43.39	48.46	25.0		239			186				1158		457			474				72
									1	1	1	1	0.54	0.58	0.02	0.97	0.46	0.48	0.01	0.54	0.58	0.0	0.99	0.46	0.48	0	1565705630.2423499	46.46	49.46	44.21	56.63	43.57	48.43	25.0		239							1158		457							72
									1	1	1	1	0.54	0.58	0.02	0.97	0.46	0.48	0.01	0.54	0.58	0.0	0.99	0.46	0.48	0	1565705630.3527396	46.15	49.31	44.08	56.25	43.69	48.45	25.0		239							1158		457							72
		-91.1	91.1					345.4	0	1	1	0	0.54	0.58	0.02	0.97	0.46	0.48	0.01	0.23	0.86	0.99	0.0	0.06	0.81	0	1565705630.4653971	46.54	49.27	43.95	56.42	43.62	48.47	25.0		239			186				1158		457			474				72
		-91.1	91.1					345.4	0	1	1	0	0.04	1.0	0.23	0.48	0.04	0.7	0.01	0.23	0.86	0.99	0.0	0.06	0.81	0	1565705630.5778236	52.89	61.65	75.0	25.0	36.12	62.42	25.0		239			186				1158		457			474				72
		-91.3	91.3					345.5	0	1	1	0	0.38	0.8	1.1	0.04	0.07	0.7	0.01	0.23	0.86	0.99	0.0	0.06	0.81	0	1565705630.6849601	35.37	52.93	38.41	48.48	41.85	57.58	25.0		239			186				1158		457			474				72
		-91.3	91.3					345.5	0	1	1	0	0.15	0.8	0.79	0.1	0.09	0.77	0.01	0.23	0.86	0.99	0.0	0.06	0.81	0	1565705630.7939396	55.83	57.18	75.0	42.09	39.65	54.42	25.0		239			186				1158		457			474				72
		-92.1	92.1					345.6	0	1	1	0	0.34	0.87	0.88	0.08	0.08	0.77	0.01	0.23	0.86	0.99	0.0	0.06	0.81	0	1565705630.9026406	36.61	50.02	55.15	44.86	40.33	54.12	25.0		239			186				1158		457			474				72
		-92.1	92.1					345.6	0	1	1	0	0.22	0.83	0.94	0.06	0.07	0.78	0.01	0.23	0.86	0.99	0.0	0.06	0.81	0	1565705631.0119257	52.86	54.06	65.53	44.98	40.45	53.8	25.0		239			186				1158		457			474				72
		-92.1	92.1					345.6	0	1	1	0	0.25	0.85	0.84	0.06	0.09	0.78	0.01	0.23	0.86	0.99	0.0	0.06	0.81	0	1565705631.1218202	38.83	52.38	58.46	44.97	39.94	53.64	25.0		239			186				1158		457			474				72
		-90.2	90.2					345.2	0	1	1	0	0.27	0.84	1.01	0.05	0.07	0.79	0.01	0.23	0.86	0.99	0.0	0.06	0.81	0	1565705631.2307918	47.34	52.86	57.48	45.38	40.65	53.31	25.0		239			186				1158		457			474				72
		-90.2	90.2					345.2	0	1	1	0	0.18	0.85	0.86	0.05	0.07	0.78	0.01	0.23	0.86	0.99	0.0	0.06	0.81	0	1565705631.3441405	44.31	52.56	62.46	44.94	40.25	53.89	25.0		239			186				1158		457			474				72
		-47.5	47.5					340.3	0	1	1	0	0.27	0.85	0.94	0.04	0.08	0.78	0.01	0.23	0.86	0.99	0.0	0.06	0.81	0	1565705631.4637277	45.33	52.39	53.57	45.42	40.27	54.13	25.0		246			188				1158		459			479				72
		-47.5	47.5					340.3	0	1	1	0	0.19	0.85	0.95	0.04	0.07	0.79	0.01	0.23	0.86	0.99	0.0	0.06	0.81	0	1565705631.5746112	45.78	52.43	59.42	45.29	40.65	53.92	25.0		246			188				1158		459			479				72
		-6.8	6.8					337.7	0	1	1	0	0.28	0.85	0.91	0.04	0.08	0.79	0.01	0.23	0.86	0.99	0.0	0.06	0.81	0	1565705631.6860402	42.43	52.44	58.78	45.05	39.96	53.83	25.0		254			194				1158		461			481				72
		-6.8	6.8					337.7	0	1	1	0	0.22	0.85	0.96	0.03	0.07	0.79	0.01	0.23	0.86	0.99	0.0	0.06	0.81	0	1565705631.7968357	48.28	52.26	56.56	45.04	40.61	53.81	25.0		254			194				1158		461			481				72
		44.6	-44.6					340.9	0	1	1	0	0.26	0.85	0.94	0.03	0.07	0.8	0.01	0.23	0.86	0.99	0.0	0.06	0.81	0	1565705631.9074807	42.55	52.36	58.82	45.26	40.3	53.56	25.0		270			211				1158		464			477				72
		44.6	-44.6					340.9	0	1	1	0	0.25	0.86	0.95	0.03	0.07	0.8	0.01	0.23	0.86	0.99	0.0	0.06	0.81	0	1565705632.017416	46.79	52.41	57.14	44.87	40.37	53.63	25.0		270			211				1158		464			477				72
		76.4	-76.4					340.3	0	1	1	0	0.23	0.86	0.96	0.03	0.07	0.8	0.01	0.23	0.86	0.99	0.0	0.06	0.81	0	1565705632.1354465	41.6	51.84	58.12	44.93	40.24	53.57	25.0		282			227				1158		464			477				72
		108.8	-108.8					334.2	1	1	1	1	0.25	0.85	0.95	0.03	0.07	0.8	0.01	0.23	0.86	0.99	0.0	0.06	0.81	0	1565705632.250094	45.4	52.4	57.82	44.91	40.09	53.55	25.0		293			241				1158		462			479				72
		108.8	-108.8					334.2	1	1	1	1	0.19	0.86	0.97	0.02	0.06	0.8	0.01	0.23	0.86	0.99	0.0	0.06	0.81	0	1565705632.360298	43.14	52.1	57.47	44.91	40.5	53.67	25.0		293			241				1158		462			479				72
		111.3	248.7					332.7	1	0	0	1	0.27	0.86	0.96	0.02	0.07	0.8	0.01	0.85	0.18	0.0	1	0.74	0.0	0	1565705632.472605	46.86	52.3	57.62	44.71	40.14	53.6	25.0		294			243				1158		461			479				72
		111.3	248.7					332.7	1	0	0	1	1.22	0.04	0.21	0.29	0.27	0.1	0.01	0.85	0.18	0.0	1	0.74	0.0	0	1565705632.5892217	34.89	47.39	34.64	75.0	75.0	37.92	25.0		294			243				1158		461			479				72
		115.7	244.3					331.8	1	0	0	1	0.64	0.43	0.1	0.92	0.61	0.07	0.01	0.85	0.18	0.0	1	0.74	0.0	0	1565705632.7072499	60.97	37.64	46.6	53.04	51.78	44.44	25.0		295			244				1158		461			480				72
		115.7	244.3					331.8	1	0	0	1	0.99	0.04	0.07	1.12	0.56	0.06	0.01	0.85	0.18	0.0	1	0.74	0.0	0	1565705632.8145716	40.69	58.74	45.25	44.37	60.62	44.08	25.0		295			244				1158		461			480				72
		113.5	246.5					331.2	1	0	0	1	0.74	0.34	0.08	0.84	0.69	0.06	0.01	0.85	0.18	0.0	1	0.74	0.0	0	1565705632.9210641	54.36	38.17	44.87	63.12	50.0	43.8	25.0		295			245				1158		461			480				72
		113.5	246.5					331.2	1	0	0	1	0.79	0.08	0.06	1.02	0.65	0.06	0.01	0.85	0.18	0.0	1	0.74	0.0	0	1565705633.0280235	54.03	55.5	45.79	49.96	54.03	44.04	25.0		295			245				1158		461			480				72
		92.5	-92.5					328.6	1	0	0	1	0.82	0.27	0.06	0.89	0.68	0.05	0.01	0.85	0.18	0.0	1	0.74	0.0	0	1565705633.1357803	50.3	42.8	45.43	61.98	52.6	43.79	25.0		295			242				1158		457			482				72
		92.5	-92.5					328.6	1	0	0	1	0.8	0.17	0.05	0.94	0.69	0.05	0.01	0.85	0.18	0.0	1	0.74	0.0	0	1565705633.2428277	53.11	48.19	45.68	56.28	51.58	44.08	25.0		295			242				1158		457			482				72
		92.5	-92.5					328.6	1	0	0	1	0.83	0.22	0.04	1.0	0.7	0.05	0.01	0.85	0.18	0.0	1	0.74	0.0	0	1565705633.3514676	50.7	45.71	45.91	53.9	51.35	43.54	25.0		295			242				1158		457			482				72
		92.5	-92.5					328.6	1	0	0	1	0.83	0.2	0.04	0.93	0.7	0.05	0.01	0.85	0.18	0.0	1	0.74	0.0	0	1565705633.4590921	51.21	45.76	45.62	58.56	51.57	43.23	25.0		295			242				1158		457			482				72
		42.8	-42.8					329.9	1	0	0	1	0.83	0.2	0.04	0.98	0.7	0.04	0.01	0.85	0.18	0.0	1	0.74	0.0	0	1565705633.5664196	51.08	46.63	45.84	55.38	51.68	43.16	25.0		298			242				1158		447			476				72
		42.8	-42.8					329.9	1	0	0	1	0.83	0.2	0.03	0.96	0.71	0.04	0.01	0.85	0.18	0.0	1	0.74	0.0	0	1565705633.6728332	50.88	46.14	45.62	57.2	51.62	43.21	25.0		298			242				1158		447			476				72
		-8.4	8.4					330.8	1	0	0	1	0.84	0.19	0.03	0.97	0.71	0.04	0.01	0.85	0.18	0.0	1	0.74	0.0	0	1565705633.7806005	50.7	46.41	45.43	56.42	51.68	43.07	25.0		308			255				1158		433			465				72
		-90.7	90.7					354.2	1	0	0	1	0.84	0.2	0.03	0.97	0.71	0.04	0.01	0.85	0.18	0.0	1	0.74	0.0	0	1565705633.897495	50.75	46.09	45.52	56.68	51.64	42.91	25.0		331			277				1158		422			431				72
		-90.7	90.7					354.2	1	0	0	1	0.84	0.19	0.03	0.97	0.71	0.03	0.01	0.85	0.18	0.0	1	0.74	0.0	0	1565705634.004648	50.64	46.45	45.43	56.47	51.62	42.86	25.0		331			277				1158		422			431				72
		-90.7	90.7					354.2	1	0	0	1	0.84	0.2	0.03	0.98	0.72	0.03	0.01	0.85	0.18	0.0	1	0.74	0.0	0	1565705634.1234493	50.57	46.17	45.26	56.55	51.62	42.85	25.0		331			277				1158		422			431				72
		-90.7	90.7					354.2	1	0	0	1	0.85	0.19	0.03	0.98	0.72	0.03	0.01	0.85	0.18	0.0	1	0.74	0.0	0	1565705634.232593	50.4	46.0	45.14	56.52	51.56	42.68	25.0		331			277				1158		422			431				72
		-91.8	91.8					354.9	1	1	1	1	0.85	0.19	0.03	0.98	0.72	0.03	0.01	0.85	0.18	0.0	1	0.74	0.0	0	1565705634.3433328	50.46	46.81	45.18	56.56	51.7	42.64	25.0		331			277				1158		423			431				72
		-91.8	91.8					354.9	1	1	1	1	0.85	0.19	0.02	0.98	0.72	0.03	0.01	0.85	0.18	0.0	1	0.74	0.0	0	1565705634.4502888	50.46	46.1	45.11	56.36	51.5	42.68	25.0		331			277				1158		423			431				72
		-93.3	93.3					355.4	0	1	1	0	0.85	0.19	0.02	0.98	0.72	0.03	0.01	0.85	0.18	0.0	1	0.74	0.0	0	1565705634.557674	50.49	46.24	44.95	56.64	51.54	42.43	25.0		331			277				1158		423			430				72
		-93.3	93.3					355.4	0	1	1	0	0.85	0.19	0.03	0.98	0.72	0.04	0.01	0.31	0.88	1	0.0	0.12	0.84	0	1565705634.664748	25.0	75.0	75.0	25.0	25.0	75.0	25.0		331			277				1158		423			430				72
		-94.3	94.3					355.7	0	1	1	0	0.13	1.01	1.0	0.05	0.16	0.93	0.01	0.31	0.88	1	0.0	0.12	0.84	0	1565705634.7719336	66.85	34.6	69.59	45.23	40.66	45.62	25.0		331			277				1158		423			430				72
		-94.3	94.3					355.7	0	1	1	0	0.62	0.64	0.83	0.11	0.31	0.62	0.01	0.31	0.88	1	0.0	0.12	0.84	0	1565705634.8799489	25.0	67.68	59.77	43.7	33.58	65.03	25.0		331			277				1158		423			430				72
		-94.7	94.7					356.1	0	1	1	0	0.28	0.91	1.15	0.07	0.17	0.78	0.01	0.31	0.88	1	0.0	0.12	0.84	0	1565705634.9873974	63.16	37.28	49.4	45.32	47.19	50.47	25.0		331			277				1158		423			430				72
		-94.7	94.7					356.1	0	1	1	0	0.4	0.76	0.79	0.08	0.19	0.77	0.01	0.31	0.88	1	0.0	0.12	0.84	0	1565705635.0986407	31.08	60.05	68.0	44.41	38.82	55.58	25.0		331			277				1158		423			430				72
		-95.0	95.0					356.0	0	1	1	0	0.3	0.9	0.94	0.07	0.21	0.77	0.01	0.31	0.88	1	0.0	0.12	0.84	0	1565705635.2050807	52.1	48.47	54.06	44.73	39.9	54.77	25.0		331			277				1158		423			430				72
		-95.0	95.0					356.0	0	1	1	0	0.42	0.82	1.01	0.05	0.16	0.78	0.01	0.31	0.88	1	0.0	0.12	0.84	0	1565705635.3119094	36.35	55.07	63.57	45.13	41.76	54.51	25.0		331			277				1158		423			430				72
		-94.3	94.3					356.1	0	1	1	0	0.34	0.86	0.85	0.05	0.18	0.8	0.01	0.31	0.88	1	0.0	0.12	0.84	0	1565705635.4192123	52.84	52.65	62.99	45.22	40.13	53.1	25.0		331			277				1158		423			430				72
		-94.3	94.3					356.1	0	1	1	0	0.41	0.85	1.03	0.04	0.15	0.79	0.01	0.31	0.88	1	0.0	0.12	0.84	0	1565705635.5276217	38.91	52.75	51.23	45.57	42.28	54.46	25.0		331			277				1158		423			430				72
		-62.0	62.0					354.2	0	1	1	0	0.3	0.86	0.93	0.04	0.16	0.8	0.01	0.31	0.88	1	0.0	0.12	0.84	0	1565705635.6360526	52.7	52.65	62.24	45.25	40.01	53.93	25.0		336			276				1158		427			433				72
		-62.0	62.0					354.2	0	1	1	0	0.37	0.86	0.93	0.04	0.16	0.8	0.01	0.31	0.88	1	0.0	0.12	0.84	0	1565705635.7434547	40.87	52.4	56.84	45.19	41.5	54.09	25.0		336			276				1158		427			433				72
		-14.1	14.1					353.8	0	1	1	0	0.3	0.86	0.97	0.03	0.15	0.8	0.01	0.31	0.88	1	0.0	0.12	0.84	0	1565705635.852853	48.89	52.48	57.27	45.36	41.22	54.32	25.0		347			284				1158		432			436				72
		-14.1	14.1					353.8	0	1	1	0	0.35	0.86	0.95	0.03	0.16	0.81	0.01	0.31	0.88	1	0.0	0.12	0.84	0	1565705635.9663677	41.78	52.46	58.32	45.23	40.93	54.09	25.0		347			284				1158		432			436				72
		104.0	-104.0					331.1	0	1	1	0	0.34	0.87	0.98	0.03	0.14	0.82	0.01	0.31	0.88	1	0.0	0.12	0.84	0	1565705636.0803463	47.4	52.39	57.16	44.86	41.18	53.71	25.0		392			341				1158		428			449				72
		108.3	-108.3					329.4	0	1	1	0	0.31	0.87	0.97	0.03	0.15	0.82	0.01	0.31	0.88	1	0.0	0.12	0.84	0	1565705636.1926413	42.17	52.28	58.13	44.96	40.8	53.63	25.0		392			342				1158		427			449				72
		108.3	-108.3					329.4	0	1	1	0	0.32	0.87	0.98	0.03	0.14	0.82	0.01	0.31	0.88	1	0.0	0.12	0.84	0	1565705636.3141963	47.89	52.34	57.23	45.11	41.56	53.96	25.0		392			342				1158		427			449				72
		110.9	249.1					328.3	1	1	1	1	0.36	0.87	0.98	0.03	0.15	0.82	0.01	0.31	0.88	1	0.0	0.12	0.84	0	1565705636.427413	40.31	52.28	58.02	44.94	40.25	53.85	25.0		392			342				1158		427			450				72
		110.9	249.1					328.3	1	1	1	1	0.34	0.87	0.98	0.03	0.13	0.82	0.01	0.31	0.88	1	0.0	0.12	0.84	0	1565705636.5379024	48.48	52.44	57.41	44.75	42.03	53.94	25.0		392			342				1158		427			450				72
		112.0	248.0					327.3	1	0	0	1	0.34	0.87	0.98	0.03	0.14	0.82	0.01	0.31	0.88	1	0.0	0.12	0.84	0	1565705636.6452358	41.73	52.4	57.92	44.7	40.06	54.36	25.0		392			343				1158		427			450				72
		112.0	248.0					327.3	1	0	0	1	0.39	0.79	0.88	0.12	0.22	0.67	0.01	0.82	0.26	0.0	1	0.81	0.0	0	1565705636.7521324	75.0	25.0	25.0	75.0	75.0	25.0	25.0		392			343				1158		427			450				72
		112.9	247.1					326.6	1	0	0	1	0.89	0.19	0.04	1.04	0.96	0.04	0.01	0.82	0.26	0.0	1	0.81	0.0	0	1565705636.859644	37.04	58.5	49.17	49.25	37.3	46.25	25.0		392			343				1158		426			450				72
		112.9	247.1					326.6	1	0	0	1	0.66	0.29	0.12	0.78	0.61	0.08	0.01	0.82	0.26	0.0	1	0.81	0.0	0	1565705636.9670584	63.79	28.64	43.62	64.53	61.72	43.41	25.0		392			343				1158		426			450				72
		114.3	245.7					326.3	1	0	0	1	0.82	0.35	0.07	0.99	0.8	0.06	0.01	0.82	0.26	0.0	1	0.81	0.0	0	1565705637.074484	39.77	52.18	45.79	49.8	48.72	43.86	25.0		392			344				1158		426			450				72
		114.3	245.7					326.3	1	0	0	1	0.74	0.35	0.07	0.91	0.71	0.06	0.01	0.82	0.26	0.0	1	0.81	0.0	0	1565705637.182178	55.05	40.18	45.27	59.81	55.96	43.79	25.0		392			344				1158		426			450				72
		114.2	245.8					326.1	1	0	0	1	0.8	0.28	0.07	0.92	0.74	0.05	0.01	0.82	0.26	0.0	1	0.81	0.0	0	1565705637.2883127	51.6	53.53	45.52	56.78	54.25	43.81	25.0		392			344				1158		426			451				72
		114.2	245.8					326.1	1	0	0	1	0.79	0.34	0.05	0.95	0.76	0.05	0.01	0.82	0.26	0.0	1	0.81	0.0	0	1565705637.3961477	51.18	42.69	45.72	57.36	52.82	43.69	25.0		392			344				1158		426			451				72
		89.8	-89.8					325.2	1	0	0	1	0.79	0.25	0.05	0.89	0.77	0.05	0.01	0.82	0.26	0.0	1	0.81	0.0	0	1565705637.5039427	52.08	48.75	45.29	59.7	52.91	43.7	25.0		392			341				1158		425			453				72
		89.8	-89.8					325.2	1	0	0	1	0.81	0.28	0.05	0.99	0.76	0.04	0.01	0.82	0.26	0.0	1	0.81	0.0	0	1565705637.6111925	50.68	46.84	45.87	53.38	53.59	43.52	25.0		392			341				1158		425			453				72
		37.1	-37.1					325.0	1	0	0	1	0.81	0.28	0.04	0.94	0.77	0.04	0.01	0.82	0.26	0.0	1	0.81	0.0	0	1565705637.717485	50.65	46.18	45.74	58.6	53.13	43.23	25.0		395			343				1158		412			446				72
		37.1	-37.1					325.0	1	0	0	1	0.81	0.27	0.04	0.95	0.77	0.04	0.01	0.82	0.26	0.0	1	0.81	0.0	0	1565705637.8246596	50.61	47.52	45.45	57.01	53.16	43.18	25.0		395			343				1158		412			446				72
		-6.8	6.8					324.7	1	0	0	1	0.81	0.28	0.03	0.97	0.78	0.04	0.01	0.82	0.26	0.0	1	0.81	0.0	0	1565705637.9321046	50.35	46.58	45.78	56.8	52.91	42.94	25.0		402			353				1158		399			436				72
		-6.8	6.8					324.7	1	0	0	1	0.82	0.27	0.03	0.97	0.78	0.04	0.01	0.82	0.26	0.0	1	0.81	0.0	0	1565705638.039037	50.21	46.85	45.59	56.66	52.95	42.82	25.0		402			353				1158		399			436				72
		-87.5	87.5					345.3	1	0	0	1	0.82	0.27	0.03	0.97	0.78	0.03	0.01	0.82	0.26	0.0	1	0.81	0.0	0	1565705638.14671	50.24	46.97	45.62	56.72	53.08	43.07	25.0		428			377				1158		382			399				72
		-87.5	87.5					345.3	1	0	0	1	0.82	0.27	0.03	0.97	0.78	0.03	0.01	0.82	0.26	0.0	1	0.81	0.0	0	1565705638.2560658	50.06	46.69	45.39	56.53	53.07	42.86	25.0		428			377				1158		382			399				72
		-91.6	91.6					347.0	1	1	1	1	0.82	0.27	0.03	0.97	0.79	0.03	0.01	0.82	0.26	0.0	1	0.81	0.0	0	1565705638.3680809	50.08	46.81	45.25	56.84	53.07	42.71	25.0		428			377				1158		383			398				72
		-94.1	94.1					348.0	1	1	1	1	0.82	0.27	0.03	0.98	0.79	0.03	0.01	0.82	0.26	0.0	1	0.81	0.0	0	1565705638.4770238	50.09	47.04	45.24	56.3	53.1	42.63	25.0		427			377				1158		383			398				72
		-94.1	94.1					348.0	0	1	1	0	0.82	0.27	0.03	0.98	0.79	0.03	0.01	0.82	0.26	0.0	1	0.81	0.0	0	1565705638.584623	49.98	46.67	45.19	56.77	52.86	42.44	25.0		427			377				1158		383			398				72
		-95.5	95.5					348.3	0	1	1	0	0.82	0.28	0.06	0.96	0.79	0.03	0.01	0.23	0.87	0.99	0.0	0.07	0.81	0	1565705638.6914258	25.0	75.0	75.0	25.0	25.0	75.0	25.0		427			377				1158		384			398				72
		-95.5	95.5					348.3	0	1	1	0	0.11	1.09	0.8	0.04	0.24	0.93	0.01	0.23	0.87	0.99	0.0	0.07	0.81	0	1565705638.798725	60.24	34.32	66.29	45.34	33.07	43.75	25.0		427			377				1158		384			398				72
		-96.7	96.7					348.7	0	1	1	0	0.43	0.68	0.74	0.11	0.25	0.59	0.01	0.23	0.87	0.99	0.0	0.07	0.81	0	1565705638.906177	27.33	62.64	56.62	45.31	40.71	62.9	25.0		427			377				1158		384			397				72
		-96.7	96.7					348.7	0	1	1	0	0.34	0.9	1.16	0.06	0.09	0.73	0.01	0.23	0.87	0.99	0.0	0.07	0.81	0	1565705639.0165472	50.3	43.47	45.89	45.35	46.03	48.85	25.0		427			377				1158		384			397				72
		-94.7	94.7					348.8	0	1	1	0	0.06	0.79	0.78	0.07	0.18	0.73	0.01	0.23	0.87	0.99	0.0	0.07	0.81	0	1565705639.1255138	50.67	57.03	67.67	44.27	37.58	55.91	25.0		427			376				1158		383			397				72
		-94.7	94.7					348.8	0	1	1	0	0.37	0.86	0.97	0.07	0.16	0.75	0.01	0.23	0.87	0.99	0.0	0.07	0.81	0	1565705639.2324262	38.0	50.96	51.67	44.76	40.05	53.77	25.0		427			376				1158		383			397				72
		-67.0	67.0					346.5	0	1	1	0	0.1	0.83	0.96	0.05	0.1	0.76	0.01	0.23	0.87	0.99	0.0	0.07	0.81	0	1565705639.3431172	56.13	54.1	57.44	45.44	42.95	54.05	25.0		430			375				1158		386			400				72
		-67.0	67.0					346.5	0	1	1	0	0.34	0.85	0.82	0.05	0.14	0.78	0.01	0.23	0.87	0.99	0.0	0.07	0.81	0	1565705639.452193	38.68	52.59	65.43	45.22	39.55	52.83	25.0		430			375				1158		386			400				72
		-18.2	18.2					346.3	0	1	1	0	0.19	0.85	0.98	0.04	0.11	0.76	0.01	0.23	0.87	0.99	0.0	0.07	0.81	0	1565705639.561355	52.28	52.84	48.8	45.46	41.72	54.3	25.0		442			380				1158		391			403				72
		-18.2	18.2					346.3	0	1	1	0	0.31	0.86	0.91	0.04	0.12	0.77	0.01	0.23	0.87	0.99	0.0	0.07	0.81	0	1565705639.6688132	40.23	52.18	61.15	45.14	40.74	53.69	25.0		442			380				1158		391			403				72
									0	1	1	0	0.23	0.86	0.93	0.04	0.12	0.77	0.01	0.23	0.87	0.99	0.0	0.07	0.81	0	1565705639.7767951	50.61	52.45	56.66	45.27	40.59	53.92	25.0		461							1158		394							72
									0	1	1	0	0.25	0.86	0.96	0.03	0.1	0.78	0.01	0.23	0.87	0.99	0.0	0.07	0.81	0	1565705639.884216	41.94	52.35	57.18	45.22	41.37	53.75	25.0		461							1158		394							72
		104.1	-104.1					324.2	0	1	1	0	0.25	0.86	0.94	0.03	0.12	0.78	0.01	0.23	0.87	0.99	0.0	0.07	0.81	0	1565705639.9920685	45.56	52.35	58.64	44.97	39.78	53.72	25.0		488			441				1158		385			411				72
		104.1	-104.1					324.2	0	1	1	0	0.22	0.86	0.97	0.03	0.1	0.78	0.01	0.23	0.87	0.99	0.0	0.07	0.81	0	1565705640.0992203	44.57	52.28	56.97	45.13	41.52	53.86	25.0		488			441				1158		385			411				72
		107.1	-107.1					323.0	0	1	1	0	0.27	0.86	0.95	0.03	0.1	0.79	0.01	0.23	0.87	0.99	0.0	0.07	0.81	0	1565705640.2091591	43.53	52.19	58.2	44.84	40.2	53.7	25.0		486			440				1158		385			411				72
		107.1	-107.1					323.0	0	1	1	0	0.2	0.86	0.97	0.03	0.1	0.79	0.01	0.23	0.87	0.99	0.0	0.07	0.81	0	1565705640.3217857	45.75	52.36	56.62	45.05	41.63	53.78	25.0		486			440				1158		385			411				72
		109.8	-109.8					322.1	1	1	1	1	0.29	0.87	0.97	0.03	0.09	0.79	0.01	0.23	0.87	0.99	0.0	0.07	0.81	0	1565705640.4337883	41.61	51.97	57.59	44.88	40.65	53.81	25.0		485			440				1158		384			412				72
		109.8	-109.8					322.1	1	1	1	1	0.2	0.86	0.97	0.03	0.1	0.79	0.01	0.23	0.87	0.99	0.0	0.07	0.81	0	1565705640.5411599	48.79	52.26	57.52	44.78	40.56	53.97	25.0		485			440				1158		384			412				72
		111.9	248.1					321.1	1	0	0	1	0.28	0.86	0.97	0.02	0.09	0.79	0.01	0.23	0.87	0.99	0.0	0.07	0.81	0	1565705640.6500309	41.43	52.32	57.47	44.82	41.05	53.62	25.0		485			441				1158		384			412				72
		111.9	248.1					321.1	1	0	0	1	0.32	0.77	0.88	0.11	0.19	0.67	0.01	0.8	0.33	0.0	1	0.86	0.0	0	1565705640.7600098	75.0	25.0	25.0	75.0	75.0	25.0	25.0		485			441				1158		384			412				72
		112.6	247.4					320.4	1	0	0	1	0.84	0.34	0.04	1.06	0.98	0.04	0.01	0.8	0.33	0.0	1	0.86	0.0	0	1565705640.8671837	31.07	61.62	49.54	49.96	40.0	46.54	25.0		485			441				1158		384			412				72
		112.6	247.4					320.4	1	0	0	1	0.64	0.55	0.12	0.76	0.62	0.08	0.01	0.8	0.33	0.0	1	0.86	0.0	0	1565705640.9745436	62.28	31.34	43.14	68.19	65.49	43.28	25.0		485			441				1158		384			412				72
		113.4	246.6					320.3	1	0	0	1	0.92	0.29	0.07	0.92	0.8	0.06	0.01	0.8	0.33	0.0	1	0.86	0.0	0	1565705641.0830908	39.12	55.79	45.79	55.34	50.55	43.83	25.0		485			441				1158		384			412				72
		113.4	246.6					320.3	1	0	0	1	0.73	0.45	0.07	0.96	0.74	0.06	0.01	0.8	0.33	0.0	1	0.86	0.0	0	1565705641.1906924	53.85	39.08	44.91	59.08	58.55	43.71	25.0		485			441				1158		384			412				72
		113.4	246.6					320.3	1	0	0	1	0.76	0.26	0.06	0.9	0.81	0.05	0.01	0.8	0.33	0.0	1	0.86	0.0	0	1565705641.2976863	51.82	54.83	45.57	58.79	52.75	43.67	25.0		485			441				1158		384			412				72
		113.4	246.6					320.3	1	0	0	1	0.77	0.39	0.05	0.97	0.79	0.05	0.01	0.8	0.33	0.0	1	0.86	0.0	0	1565705641.4052498	50.75	45.16	45.39	56.07	54.52	43.55	25.0		485			441				1158		384			412				72
		80.8	-80.8					319.1	1	0	0	1	0.77	0.35	0.05	0.9	0.81	0.05	0.01	0.8	0.33	0.0	1	0.86	0.0	0	1565705641.5133286	51.36	46.87	45.54	60.56	53.81	43.59	25.0		485			439				1158		379			413				72
		80.8	-80.8					319.1	1	0	0	1	0.79	0.34	0.04	0.94	0.81	0.04	0.01	0.8	0.33	0.0	1	0.86	0.0	0	1565705641.6214337	50.5	48.09	45.96	57.42	53.8	43.38	25.0		485			439				1158		379			413				72
		34.0	-34.0					319.0	1	0	0	1	0.79	0.35	0.04	0.98	0.81	0.04	0.01	0.8	0.33	0.0	1	0.86	0.0	0	1565705641.7292812	50.2	47.21	45.71	56.49	53.9	43.09	25.0		489			441				1158		367			406				72
									1	0	0	1	0.79	0.35	0.04	0.95	0.82	0.04	0.01	0.8	0.33	0.0	1	0.86	0.0	0	1565705641.836861	50.07	47.22	45.57	57.45	53.93	43.02	25.0		496							1158		354							72
									1	0	0	1	0.79	0.34	0.04	0.97	0.82	0.04	0.01	0.8	0.33	0.0	1	0.86	0.0	0	1565705641.9444222	49.98	47.42	45.41	56.26	54.01	43.11	25.0		496							1158		354							72
		-78.5	78.5					337.7	1	0	0	1	0.8	0.34	0.03	0.97	0.82	0.04	0.01	0.8	0.33	0.0	1	0.86	0.0	0	1565705642.0516002	49.83	47.28	45.6	56.81	53.99	42.81	25.0		517			470				1158		340			362				72
		-78.5	78.5					337.7	1	0	0	1	0.8	0.34	0.03	0.97	0.83	0.03	0.01	0.8	0.33	0.0	1	0.86	0.0	0	1565705642.1582446	49.86	47.27	45.36	56.41	53.84	42.98	25.0		517			470				1158		340			362				72
		-88.1	88.1					342.0	1	0	0	1	0.8	0.34	0.03	0.97	0.83	0.03	0.01	0.8	0.33	0.0	1	0.86	0.0	0	1565705642.2659013	49.76	47.37	45.22	56.63	53.83	42.77	25.0		518			471				1158		340			359				72
		-88.1	88.1					342.0	1	1	1	1	0.8	0.34	0.03	0.98	0.83	0.03	0.01	0.8	0.33	0.0	1	0.86	0.0	0	1565705642.3873944	49.78	47.39	45.21	56.38	53.88	42.56	25.0		518			471				1158		340			359				72
		-91.0	91.0					342.9	1	1	1	1	0.8	0.34	0.03	0.98	0.84	0.03	0.01	0.8	0.33	0.0	1	0.86	0.0	0	1565705642.4950151	49.75	47.11	45.15	56.54	53.86	42.48	25.0		518			470				1158		340			358				72
		-91.0	91.0					342.9	0	1	1	0	0.8	0.34	0.03	0.98	0.84	0.03	0.01	0.8	0.33	0.0	1	0.86	0.0	0	1565705642.6027818	49.64	47.33	45.12	56.44	53.85	42.58	25.0		518			470				1158		340			358				72
		-92.7	92.7					343.9	0	1	1	0	0.8	0.34	0.04	0.97	0.83	0.06	0.01	0.15	0.85	0.99	0.0	0.01	0.78	0	1565705642.7100027	25.0	75.0	75.0	25.0	25.0	75.0	25.0		518			470				1158		340			358				72
		-92.7	92.7					343.9	0	1	1	0	0.07	0.95	1.01	0.04	0.34	0.93	0.01	0.15	0.85	0.99	0.0	0.01	0.78	0	1565705642.8177423	55.27	31.56	67.93	44.73	25.0	42.05	25.0		518			470				1158		340			358				72
		-93.6	93.6					344.4	0	1	1	0	0.33	0.66	0.78	0.11	0.11	0.57	0.01	0.15	0.85	0.99	0.0	0.01	0.78	0	1565705642.925786	31.82	64.92	62.58	43.81	41.72	64.53	25.0		519			470				1158		340			357				72
		-93.6	93.6					344.4	0	1	1	0	0.2	0.87	1.15	0.07	0.1	0.74	0.01	0.15	0.85	0.99	0.0	0.01	0.78	0	1565705643.0332475	51.68	41.17	46.96	45.13	40.04	48.91	25.0		519			470				1158		340			357				72
		-94.9	94.9					344.8	0	1	1	0	0.07	0.76	0.78	0.08	0.12	0.69	0.01	0.15	0.85	0.99	0.0	0.01	0.78	0	1565705643.1412098	44.59	57.64	67.87	44.39	38.94	56.61	25.0		519			471				1158		340			357				72
		-94.9	94.9					344.8	0	1	1	0	0.24	0.85	0.93	0.07	0.08	0.74	0.01	0.15	0.85	0.99	0.0	0.01	0.78	0	1565705643.2546067	40.91	51.04	54.73	44.46	40.85	52.36	25.0		519			471				1158		340			357				72
		-88.6	88.6					344.5	0	1	1	0	0.1	0.81	1.0	0.05	0.07	0.73	0.01	0.15	0.85	0.99	0.0	0.01	0.78	0	1565705643.3730989	50.17	54.04	55.15	45.33	40.43	53.57	25.0		519			470				1158		341			357				72
		-88.6	88.6					344.5	0	1	1	0	0.21	0.83	0.84	0.04	0.08	0.74	0.01	0.15	0.85	0.99	0.0	0.01	0.78	0	1565705643.4837296	41.34	52.31	64.95	45.43	39.97	52.71	25.0		519			470				1158		341			357				72
		-88.6	88.6					344.5	0	1	1	0	0.18	0.83	0.94	0.04	0.07	0.74	0.01	0.15	0.85	0.99	0.0	0.01	0.78	0	1565705643.5953898	44.6	52.61	56.2	45.43	40.42	53.8	25.0		519			470				1158		341			357				72
									0	1	1	0	0.14	0.84	0.96	0.04	0.07	0.74	0.01	0.15	0.85	0.99	0.0	0.01	0.78	0	1565705643.7083254	46.3	52.23	57.09	45.25	39.71	53.57	25.0		570							1158		344							72
									0	1	1	0	0.2	0.84	0.92	0.04	0.06	0.75	0.01	0.15	0.85	0.99	0.0	0.01	0.78	0	1565705643.8191566	42.12	52.16	59.36	45.12	40.06	53.34	25.0		570							1158		344							72
		103.9	-103.9					320.4	0	1	1	0	0.16	0.84	0.96	0.03	0.05	0.75	0.01	0.15	0.85	0.99	0.0	0.01	0.78	0	1565705643.9308612	46.87	52.22	56.74	45.18	40.05	53.23	25.0		576			532				1158		340			369				72
		103.9	-103.9					320.4	0	1	1	0	0.14	0.84	0.96	0.03	0.05	0.76	0.01	0.15	0.85	0.99	0.0	0.01	0.78	0	1565705644.0414696	43.7	52.17	58.13	45.03	39.84	53.14	25.0		576			532				1158		340			369				72
		103.9	-103.9					320.4	0	1	1	0	0.2	0.84	0.96	0.03	0.05	0.76	0.01	0.15	0.85	0.99	0.0	0.01	0.78	0	1565705644.1516106	43.52	52.25	57.64	44.9	39.95	53.1	25.0		576			532				1158		340			369				72
		103.9	-103.9					320.4	0	1	1	0	0.12	0.84	0.97	0.03	0.05	0.76	0.01	0.15	0.85	0.99	0.0	0.01	0.78	0	1565705644.2629697	44.16	52.12	57.83	45.07	39.86	53.18	25.0		576			532				1158		340			369				72
		106.5	-106.5					319.4	1	1	1	1	0.2	0.85	0.96	0.03	0.04	0.76	0.01	0.15	0.85	0.99	0.0	0.01	0.78	0	1565705644.3758132	45.09	51.95	57.27	45.04	39.85	53.19	25.0		575			532				1158		340			370				72
		106.5	-106.5					319.4	1	1	1	1	0.11	0.84	0.97	0.03	0.04	0.76	0.01	0.15	0.85	0.99	0.0	0.01	0.78	0	1565705644.4846015	46.35	52.13	57.4	44.82	39.77	53.2	25.0		575			532				1158		340			370				72
		107.7	-107.7					318.6	1	0	0	1	0.2	0.85	0.97	0.03	0.04	0.76	0.01	0.15	0.85	0.99	0.0	0.01	0.78	0	1565705644.5972579	42.56	52.22	57.72	44.74	39.72	53.28	25.0		574			532				1158		340			370				72
		107.7	-107.7					318.6	1	0	0	1	0.17	0.84	0.94	0.05	0.04	0.76	0.01	0.79	0.35	0.0	1	0.87	0.0	0	1565705644.7066236	75.0	25.0	25.0	75.0	75.0	25.0	25.0		574			532				1158		340			370				72
		110.5	249.5					317.5	1	0	0	1	1.0	0.09	0.04	0.94	0.75	0.04	0.01	0.79	0.35	0.0	1	0.87	0.0	0	1565705644.8200285	25.0	69.78	46.87	59.13	59.76	45.26	25.0		575			532				1158		340			370				72
		110.5	249.5					317.5	1	0	0	1	0.59	0.58	0.1	0.81	0.65	0.07	0.01	0.79	0.35	0.0	1	0.87	0.0	0	1565705644.9275398	62.43	32.56	45.21	61.5	60.5	43.78	25.0		575			532				1158		340			370				72
		111.7	248.3					317.2	1	0	0	1	0.92	0.25	0.07	1.08	0.89	0.06	0.01	0.79	0.35	0.0	1	0.87	0.0	0	1565705645.0339737	45.89	64.61	45.22	46.51	49.22	44.16	25.0		575			532				1158		340			370				72
		111.7	248.3					317.2	1	0	0	1	0.72	0.48	0.08	0.87	0.72	0.06	0.01	0.79	0.35	0.0	1	0.87	0.0	0	1565705645.1417253	52.57	40.28	44.94	61.7	58.21	43.69	25.0		575			532				1158		340			370				72
		111.7	248.3					317.3	1	0	0	1	0.74	0.32	0.06	0.91	0.8	0.05	0.01	0.79	0.35	0.0	1	0.87	0.0	0	1565705645.249516	52.77	48.43	45.88	54.2	55.24	43.88	25.0		575			532				1158		340			370				72
		111.7	248.3					317.3	1	0	0	1	0.76	0.38	0.06	0.94	0.79	0.05	0.01	0.79	0.35	0.0	1	0.87	0.0	0	1565705645.3563268	50.53	47.58	45.35	58.13	54.31	43.57	25.0		575			532				1158		340			370				72
		91.9	-91.9					318.0	1	0	0	1	0.76	0.38	0.06	0.88	0.81	0.05	0.01	0.79	0.35	0.0	1	0.87	0.0	0	1565705645.4640427	51.13	46.6	45.62	59.07	54.34	43.46	25.0		574			530				1158		336			370				72
		91.9	-91.9					318.0	1	0	0	1	0.77	0.36	0.05	1.01	0.81	0.04	0.01	0.79	0.35	0.0	1	0.87	0.0	0	1565705645.5719125	50.81	48.06	46.26	52.66	53.84	43.41	25.0		574			530				1158		336			370				72
									1	0	0	1	0.77	0.37	0.04	0.94	0.82	0.04	0.01	0.79	0.35	0.0	1	0.87	0.0	0	1565705645.6792846	50.15	47.37	45.81	58.22	53.95	43.27	25.0					531				1158					363				72
									1	0	0	1	0.78	0.37	0.04	0.95	0.82	0.04	0.01	0.79	0.35	0.0	1	0.87	0.0	0	1565705645.7869904	49.79	47.31	45.57	56.29	54.14	43.11	25.0					531				1158					363				72
									1	0	0	1	0.78	0.36	0.03	0.97	0.82	0.04	0.01	0.79	0.35	0.0	1	0.87	0.0	0	1565705645.893471	49.77	47.52	45.84	56.75	54.16	42.97	25.0		590							1158		305							72
									1	0	0	1	0.78	0.36	0.03	0.97	0.83	0.04	0.01	0.79	0.35	0.0	1	0.87	0.0	0	1565705645.999465	49.72	47.47	45.65	56.73	53.98	42.81	25.0		590							1158		305							72
		-83.5	83.5					340.9	1	0	0	1	0.79	0.36	0.03	0.97	0.83	0.03	0.01	0.79	0.35	0.0	1	0.87	0.0	0	1565705646.1108375	49.56	47.52	45.44	56.6	54.05	42.97	25.0		609			561				1158		295			315				72
		-83.5	83.5					340.9	1	0	0	1	0.79	0.36	0.03	0.97	0.84	0.03	0.01	0.79	0.35	0.0	1	0.87	0.0	0	1565705646.219132	49.59	47.45	45.5	56.64	53.95	42.56	25.0		609			561				1158		295			315				72
		-88.2	88.2					342.6	1	0	0	1	0.79	0.36	0.03	0.98	0.84	0.03	0.01	0.79	0.35	0.0	1	0.87	0.0	0	1565705646.3265603	49.67	47.56	45.28	56.36	53.89	42.69	25.0		609			561				1158		296			314				72
		-88.2	88.2					342.6	1	1	1	1	0.79	0.36	0.03	0.98	0.84	0.03	0.01	0.79	0.35	0.0	1	0.87	0.0	0	1565705646.4397483	49.32	47.21	45.24	56.47	53.98	42.64	25.0		609			561				1158		296			314				72
		-90.6	90.6					343.4	1	1	1	1	0.79	0.36	0.03	0.98	0.84	0.03	0.01	0.79	0.35	0.0	1	0.87	0.0	0	1565705646.5484302	49.46	47.4	45.27	56.56	53.96	42.34	25.0		608			561				1158		296			313				72
		-93.4	93.4					344.8	0	1	1	0	0.79	0.36	0.03	0.99	0.85	0.03	0.01	0.79	0.35	0.0	1	0.87	0.0	0	1565705646.656877	49.38	47.64	45.04	56.17	53.96	42.42	25.0		609			561				1158		296			313				72
		-93.4	93.4					344.8	0	1	1	0	0.18	0.89	0.23	0.66	0.77	0.3	0.01	0.18	0.86	0.99	0.0	0.03	0.79	0	1565705646.7688816	42.03	55.09	75.0	25.0	25.0	75.0	25.0		609			561				1158		296			313				72
		-94.1	94.1					345.2	0	1	1	0	0.42	0.69	1.13	0.06	0.06	0.65	0.01	0.18	0.86	0.99	0.0	0.03	0.79	0	1565705646.8763452	42.46	54.99	40.43	47.65	45.52	53.66	25.0		609			561				1158		296			312				72
		-94.1	94.1					345.2	0	1	1	0	0.04	0.88	0.76	0.09	0.17	0.88	0.01	0.18	0.86	0.99	0.0	0.03	0.79	0	1565705646.9850554	56.59	51.24	71.01	43.62	36.62	43.97	25.0		609			561				1158		296			312				72
		-92.9	92.9					345.1	0	1	1	0	0.37	0.78	0.8	0.08	0.13	0.66	0.01	0.18	0.86	0.99	0.0	0.03	0.79	0	1565705647.092628	34.75	53.31	57.4	44.27	40.46	58.36	25.0		609			561				1158		296			312				72
		-92.9	92.9					345.1	0	1	1	0	0.18	0.83	1.1	0.06	0.08	0.76	0.01	0.18	0.86	0.99	0.0	0.03	0.79	0	1565705647.2066836	52.49	54.82	48.78	45.41	42.37	51.86	25.0		609			561				1158		296			312				72
		-82.6	82.6					344.4	0	1	1	0	0.23	0.84	0.8	0.06	0.11	0.74	0.01	0.18	0.86	0.99	0.0	0.03	0.79	0	1565705647.3139822	41.33	52.0	66.93	44.69	39.26	53.67	25.0		609			560				1158		296			313				72
		-82.6	82.6					344.4	0	1	1	0	0.24	0.83	0.92	0.06	0.1	0.75	0.01	0.18	0.86	0.99	0.0	0.03	0.79	0	1565705647.421926	43.13	53.83	56.59	44.8	40.26	53.09	25.0		609			560				1158		296			313				72
		-36.6	36.6					343.2	0	1	1	0	0.13	0.84	1.05	0.04	0.08	0.75	0.01	0.18	0.86	0.99	0.0	0.03	0.79	0	1565705647.528552	46.88	52.2	56.02	45.78	40.79	53.39	25.0		618			560				1158		300			316				72
		-36.6	36.6					343.2	0	1	1	0	0.26	0.85	0.87	0.04	0.09	0.75	0.01	0.18	0.86	0.99	0.0	0.03	0.79	0	1565705647.6358564	40.65	52.44	62.65	45.08	39.79	53.74	25.0		618			560				1158		300			316				72
		16.1	-16.1					344.2	0	1	1	0	0.14	0.85	0.98	0.04	0.07	0.75	0.01	0.18	0.86	0.99	0.0	0.03	0.79	0	1565705647.7440102	48.75	52.38	53.9	45.61	40.97	53.64	25.0		633			574				1158		305			316				72
		16.1	-16.1					344.2	0	1	1	0	0.23	0.85	0.95	0.04	0.08	0.76	0.01	0.18	0.86	0.99	0.0	0.03	0.79	0	1565705647.85344	40.51	52.25	59.47	45.16	39.72	53.41	25.0		633			574				1158		305			316				72
									0	1	1	0	0.17	0.85	0.95	0.04	0.07	0.76	0.01	0.18	0.86	0.99	0.0	0.03	0.79	0	1565705647.9607046	48.56	52.35	56.85	44.83	40.74	53.5	25.0					621				1158					326				72
									0	1	1	0	0.18	0.85	0.96	0.03	0.07	0.76	0.01	0.18	0.86	0.99	0.0	0.03	0.79	0	1565705648.0685809	42.52	52.23	57.61	45.06	40.26	53.4	25.0					621				1158					326				72
									0	1	1	0	0.21	0.85	0.95	0.03	0.07	0.77	0.01	0.18	0.86	0.99	0.0	0.03	0.79	0	1565705648.1755981	46.02	52.49	57.89	44.96	40.11	53.39	25.0					621				1158					326				72
									0	1	1	0	0.15	0.85	0.97	0.03	0.06	0.77	0.01	0.18	0.86	0.99	0.0	0.03	0.79	0	1565705648.2842183	45.44	51.97	56.99	44.76	40.38	53.43	25.0					621				1158					326				72
									0	1	1	0	0.23	0.86	0.97	0.03	0.07	0.77	0.01	0.18	0.86	0.99	0.0	0.03	0.79	0	1565705648.3923216	41.96	52.18	57.84	44.74	39.57	53.41	25.0					621				1158					326				72
									0	1	1	0	0.16	0.86	0.97	0.03	0.05	0.77	0.01	0.18	0.86	0.99	0.0	0.03	0.79	0	1565705648.4999983	48.13	52.06	57.34	44.73	40.63	53.54	25.0					621				1158					326				72
									0	1	1	0	0.22	0.85	0.97	0.02	0.05	0.77	0.01	0.18	0.86	0.99	0.0	0.03	0.79	0	1565705648.6092293	41.39	52.38	57.52	44.72	40.08	53.49	25.0					621				1158					326				72
									0	1	1	0	0.19	0.86	0.97	0.02	0.05	0.77	0.01	0.18	0.86	0.99	0.0	0.03	0.79	0	1565705648.7172284	47.37	52.08	57.65	44.39	40.26	53.61	25.0					621				1158					326				72
		110.4	249.6					318.7	0	1	1	0	0.18	0.86	0.97	0.02	0.05	0.77	0.01	0.18	0.86	0.99	0.0	0.03	0.79	0	1565705648.8283386	41.57	52.01	57.51	44.55	40.0	53.59	25.0		664			621				1158		296			326				72
		110.4	249.6					318.7	0	1	1	0	0.19	0.85	0.97	0.02	0.05	0.77	0.01	0.18	0.86	0.99	0.0	0.03	0.79	0	1565705648.9416869	50.3	52.23	57.68	44.57	40.1	53.68	25.0		664			621				1158		296			326				72
		110.9	249.1					318.2	1	1	1	1	0.2	0.86	0.98	0.02	0.05	0.78	0.01	0.18	0.86	0.99	0.0	0.03	0.79	0	1565705649.0547116	38.77	52.07	57.36	44.47	40.06	53.58	25.0		664			621				1158		296			326				72
		110.9	249.1					318.2	1	1	1	1	0.17	0.86	0.98	0.02	0.05	0.78	0.01	0.18	0.86	0.99	0.0	0.03	0.79	0	1565705649.1617856	47.62	52.28	57.68	44.34	39.73	53.57	25.0		664			621				1158		296			326				72
									1	0	0	1	0.18	0.86	0.98	0.01	0.04	0.78	0.01	0.18	0.86	0.99	0.0	0.03	0.79	0	1565705649.2709908	40.31	52.0	57.34	44.55	40.05	53.64	25.0		663							1158		296							72
		112.2	247.8					317.4	1	0	0	1	0.33	0.55	0.77	0.13	0.18	0.46	0.01	0.79	0.37	0.0	1	0.88	0.0	0	1565705649.3868346	75.0	32.74	25.0	75.0	75.0	25.0	25.0		663			622				1158		296			326				72
		112.2	247.8					317.4	1	0	0	1	0.76	0.43	0.06	1.06	0.93	0.05	0.01	0.79	0.37	0.0	1	0.88	0.0	0	1565705649.4933043	36.47	57.71	49.74	46.75	37.76	46.51	25.0		663			622				1158		296			326				72
									1	0	0	1	0.63	0.45	0.12	0.78	0.62	0.08	0.01	0.79	0.37	0.0	1	0.88	0.0	0	1565705649.6002154	62.31	33.27	42.84	67.02	66.79	43.02	25.0									1158									72
									1	0	0	1	0.79	0.31	0.09	0.9	0.79	0.06	0.01	0.79	0.37	0.0	1	0.88	0.0	0	1565705649.706753	41.48	57.73	45.39	56.66	52.11	44.05	25.0									1158									72
		113.2	246.8					317.0	1	0	0	1	0.71	0.49	0.07	0.96	0.76	0.06	0.01	0.79	0.37	0.0	1	0.88	0.0	0	1565705649.8130274	54.17	39.86	45.38	58.72	58.94	43.66	25.0		664			622				1158		296			327				72
		113.2	246.8					317.0	1	0	0	1	0.75	0.34	0.07	0.9	0.81	0.05	0.01	0.79	0.37	0.0	1	0.88	0.0	0	1565705649.9210923	51.85	50.6	45.48	58.91	53.18	43.81	25.0		664			622				1158		296			327				72
									1	0	0	1	0.76	0.41	0.06	0.97	0.8	0.05	0.01	0.79	0.37	0.0	1	0.88	0.0	0	1565705650.0410657	50.78	46.73	45.75	54.61	55.17	43.67	25.0					620				1158					324				72
									1	0	0	1	0.76	0.39	0.05	0.94	0.82	0.05	0.01	0.79	0.37	0.0	1	0.88	0.0	0	1565705650.1514435	51.14	47.5	45.67	58.31	53.83	43.47	25.0					620				1158					324				72
									1	0	0	1	0.77	0.39	0.05	0.92	0.82	0.05	0.01	0.79	0.37	0.0	1	0.88	0.0	0	1565705650.262463	50.46	48.05	45.82	57.16	54.2	43.35	25.0					624				1158					315				72
									1	0	0	1	0.78	0.39	0.04	0.97	0.83	0.04	0.01	0.79	0.37	0.0	1	0.88	0.0	0	1565705650.3719997	49.98	47.41	45.93	56.14	54.11	43.07	25.0					624				1158					315				72
									1	0	0	1	0.78	0.39	0.04	0.95	0.83	0.04	0.01	0.79	0.37	0.0	1	0.88	0.0	0	1565705650.482123	49.75	47.51	45.76	57.28	54.19	43.09	25.0									1158									72
									1	0	0	1	0.78	0.38	0.03	0.97	0.84	0.04	0.01	0.79	0.37	0.0	1	0.88	0.0	0	1565705650.5921738	49.68	47.72	45.81	56.32	54.15	43.06	25.0									1158									72
		-82.3	82.3					340.1	1	0	0	1	0.79	0.38	0.03	0.97	0.84	0.04	0.01	0.79	0.37	0.0	1	0.88	0.0	0	1565705650.7042685	49.59	47.52	45.62	56.82	54.15	42.81	25.0		698			651				1158		250			271				72
		-82.3	82.3					340.1	1	0	0	1	0.79	0.38	0.03	0.97	0.84	0.03	0.01	0.79	0.37	0.0	1	0.88	0.0	0	1565705650.8126771	49.57	47.56	45.35	56.33	54.2	42.75	25.0		698			651				1158		250			271				72
		-82.3	82.3					340.1	1	0	0	1	0.78	0.38	0.03	0.97	0.85	0.03	0.01	0.79	0.37	0.0	1	0.88	0.0	0	1565705650.9214258	49.79	47.69	45.47	56.68	54.06	42.77	25.0		698			651				1158		250			271				72
		-82.3	82.3					340.1	1	1	1	1	0.79	0.38	0.03	0.98	0.85	0.03	0.01	0.79	0.37	0.0	1	0.88	0.0	0	1565705651.0359225	49.32	47.69	45.4	56.38	54.2	42.56	25.0		698			651				1158		250			271				72
		-84.1	84.1					340.9	1	1	1	1	0.79	0.38	0.03	0.98	0.86	0.03	0.01	0.79	0.37	0.0	1	0.88	0.0	0	1565705651.144458	49.45	47.31	45.23	56.62	53.95	42.68	25.0		698			651				1158		250			270				72
									0	1	1	0	0.79	0.38	0.03	0.98	0.86	0.03	0.01	0.79	0.37	0.0	1	0.88	0.0	0	1565705651.2550023	49.46	47.66	45.22	56.53	54.1	42.47	25.0					651				1158					269				72
									0	1	1	0	0.33	0.7	0.21	0.79	0.79	0.28	0.01	0.16	0.85	0.99	0.0	0.02	0.78	0	1565705651.3614888	32.24	65.54	75.0	25.0	25.0	75.0	25.0					651				1158					269				72
									0	1	1	0	0.24	0.74	1.01	0.05	0.05	0.73	0.01	0.16	0.85	0.99	0.0	0.02	0.78	0	1565705651.4688828	51.77	47.07	42.4	48.05	44.4	47.65	25.0					651				1158					268				72
									0	1	1	0	0.08	0.74	0.78	0.1	0.14	0.8	0.01	0.16	0.85	0.99	0.0	0.02	0.78	0	1565705651.575634	48.36	60.04	70.1	42.94	37.8	50.41	25.0					651				1158					268				72
									0	1	1	0	0.32	0.82	0.8	0.08	0.11	0.66	0.01	0.16	0.85	0.99	0.0	0.02	0.78	0	1565705651.682963	43.42	46.63	55.4	44.55	40.43	56.37	25.0					651				1158					268				72
									0	1	1	0	0.09	0.79	1.05	0.06	0.08	0.73	0.01	0.16	0.85	0.99	0.0	0.02	0.78	0	1565705651.7896986	52.39	55.76	51.4	45.28	41.37	53.47	25.0					651				1158					268				72
									0	1	1	0	0.26	0.84	0.81	0.06	0.11	0.73	0.01	0.16	0.85	0.99	0.0	0.02	0.78	0	1565705651.8972175	37.91	51.98	64.43	44.56	39.1	52.83	25.0					650				1158					268				72
									0	1	1	0	0.2	0.82	1.0	0.05	0.08	0.74	0.01	0.16	0.85	0.99	0.0	0.02	0.78	0	1565705652.0042968	49.32	53.52	50.99	45.09	40.85	53.35	25.0					650				1158					268				72
		-58.7	58.7					342.1	0	1	1	0	0.15	0.84	1.05	0.04	0.08	0.74	0.01	0.16	0.85	0.99	0.0	0.02	0.78	0	1565705652.1117992	40.53	52.52	62.47	45.5	40.23	52.87	25.0		702			648				1158		252			270				72
		-58.7	58.7					342.1	0	1	1	0	0.2	0.84	0.88	0.04	0.08	0.74	0.01	0.16	0.85	0.99	0.0	0.02	0.78	0	1565705652.2197657	44.44	52.34	61.14	45.23	39.88	53.89	25.0		702			648				1158		252			270				72
									0	1	1	0	0.11	0.84	1.0	0.04	0.07	0.74	0.01	0.16	0.85	0.99	0.0	0.02	0.78	0	1565705652.3281367	44.66	52.19	56.59	45.39	40.6	53.43	25.0					654				1158					273				72
									0	1	1	0	0.22	0.84	0.92	0.03	0.07	0.75	0.01	0.16	0.85	0.99	0.0	0.02	0.78	0	1565705652.4370017	41.97	52.18	59.71	45.23	39.66	53.26	25.0					654				1158					273				72
									0	1	1	0	0.12	0.84	0.97	0.03	0.06	0.75	0.01	0.16	0.85	0.99	0.0	0.02	0.78	0	1565705652.5448887	46.71	52.23	56.74	44.94	40.52	53.16	25.0									1158									72
									0	1	1	0	0.22	0.84	0.95	0.03	0.06	0.76	0.01	0.16	0.85	0.99	0.0	0.02	0.78	0	1565705652.6528187	41.38	52.1	58.23	45.04	40.24	52.99	25.0									1158									72
		102.9	-102.9					320.8	0	1	1	0	0.15	0.84	0.96	0.03	0.06	0.76	0.01	0.16	0.85	0.99	0.0	0.02	0.78	0	1565705652.7601197	47.54	52.15	57.24	45.08	39.8	53.28	25.0		755			710				1158		251			281				72
		102.9	-102.9					320.8	0	1	1	0	0.19	0.84	0.97	0.03	0.05	0.76	0.01	0.16	0.85	0.99	0.0	0.02	0.78	0	1565705652.869008	41.59	52.33	57.66	44.7	40.29	53.21	25.0		755			710				1158		251			281				72
		107.0	-107.0					318.8	1	1	1	1	0.16	0.85	0.96	0.03	0.06	0.76	0.01	0.16	0.85	0.99	0.0	0.02	0.78	0	1565705652.9800348	48.41	52.01	57.44	44.85	39.68	53.23	25.0		754			710				1158		251			281				72
		107.0	-107.0					318.8	1	1	1	1	0.15	0.85	0.97	0.03	0.05	0.76	0.01	0.16	0.85	0.99	0.0	0.02	0.78	0	1565705653.0902889	43.48	52.04	57.41	44.8	40.14	53.36	25.0		754			710				1158		251			281				72
		108.0	-108.0					318.4	1	0	0	1	0.2	0.85	0.97	0.02	0.05	0.76	0.01	0.16	0.85	0.99	0.0	0.02	0.78	0	1565705653.1977017	43.19	52.1	57.83	44.74	39.6	53.33	25.0		753			710				1158		251			281				72
		108.0	-108.0					318.4	1	0	0	1	0.11	0.85	0.96	0.04	0.04	0.76	0.01	0.79	0.35	0.0	1	0.87	0.0	0	1565705653.3057501	75.0	25.0	25.0	75.0	75.0	25.0	25.0		753			710				1158		251			281				72
		109.4	-109.4					317.8	1	0	0	1	1.18	0.07	0.04	0.78	0.58	0.04	0.01	0.79	0.35	0.0	1	0.87	0.0	0	1565705653.4134905	25.0	70.23	45.44	67.61	69.56	44.56	25.0		753			710				1158		251			281				72
		110.4	249.6					317.6	1	0	0	1	0.59	0.58	0.1	0.82	0.71	0.06	0.01	0.79	0.35	0.0	1	0.87	0.0	0	1565705653.5211182	58.03	35.92	46.91	53.59	53.63	44.48	25.0		753			711				1158		251			281				72
		110.4	249.6					317.6	1	0	0	1	0.86	0.18	0.08	1.09	0.88	0.06	0.01	0.79	0.35	0.0	1	0.87	0.0	0	1565705653.6290545	51.84	63.33	45.21	47.92	50.57	43.81	25.0		753			711				1158		251			281				72
		110.2	249.8					317.7	1	0	0	1	0.73	0.47	0.08	0.86	0.72	0.06	0.01	0.79	0.35	0.0	1	0.87	0.0	0	1565705653.7366812	48.54	43.16	44.89	61.31	56.74	43.71	25.0		753			711				1158		251			282				72
		110.2	249.8					317.7	1	0	0	1	0.73	0.33	0.06	0.98	0.79	0.05	0.01	0.79	0.35	0.0	1	0.87	0.0	0	1565705653.8451908	53.32	46.65	46.16	52.93	55.44	43.89	25.0		753			711				1158		251			282				72
		110.2	249.8					317.7	1	0	0	1	0.77	0.38	0.06	0.92	0.79	0.05	0.01	0.79	0.35	0.0	1	0.87	0.0	0	1565705653.9515896	50.74	49.12	45.4	59.84	54.2	43.6	25.0		753			711				1158		251			282				72
		110.2	249.8					317.7	1	0	0	1	0.76	0.38	0.05	0.92	0.81	0.05	0.01	0.79	0.35	0.0	1	0.87	0.0	0	1565705654.0590699	51.03	46.39	45.72	57.86	54.29	43.53	25.0		753			711				1158		251			282				72
		85.3	-85.3					318.1	1	0	0	1	0.76	0.36	0.04	1.01	0.82	0.04	0.01	0.79	0.35	0.0	1	0.87	0.0	0	1565705654.1674628	51.04	48.13	46.03	52.98	53.92	43.34	25.0		753			708				1158		245			280				72
		85.3	-85.3					318.1	1	0	0	1	0.78	0.37	0.05	0.93	0.82	0.04	0.01	0.79	0.35	0.0	1	0.87	0.0	0	1565705654.274369	50.05	47.47	45.65	58.94	53.94	43.05	25.0		753			708				1158		245			280				72
		23.6	-23.6					318.0	1	0	0	1	0.78	0.37	0.04	0.96	0.82	0.04	0.01	0.79	0.35	0.0	1	0.87	0.0	0	1565705654.3823082	50.04	47.2	45.64	56.24	54.03	43.04	25.0		760			713				1158		228			270				72
		23.6	-23.6					318.0	1	0	0	1	0.78	0.37	0.04	0.97	0.83	0.04	0.01	0.79	0.35	0.0	1	0.87	0.0	0	1565705654.4889235	49.7	47.39	45.73	57.09	53.96	42.97	25.0		760			713				1158		228			270				72
									1	0	0	1	0.78	0.36	0.03	0.97	0.83	0.03	0.01	0.79	0.35	0.0	1	0.87	0.0	0	1565705654.5970876	49.57	47.62	45.68	56.57	54.04	42.93	25.0									1158									72
									1	0	0	1	0.79	0.36	0.03	0.97	0.84	0.03	0.01	0.79	0.35	0.0	1	0.87	0.0	0	1565705654.7041872	49.66	47.4	45.36	56.71	54.0	42.71	25.0									1158									72
		-85.1	85.1					341.9	1	0	0	1	0.79	0.36	0.03	0.97	0.84	0.03	0.01	0.79	0.35	0.0	1	0.87	0.0	0	1565705654.8130496	49.44	47.4	45.45	56.53	54.03	42.69	25.0		788			740				1158		206			225				72
		-85.1	85.1					341.9	1	0	0	1	0.79	0.36	0.03	0.98	0.84	0.03	0.01	0.79	0.35	0.0	1	0.87	0.0	0	1565705654.9247146	49.46	47.56	45.12	56.54	54.0	42.64	25.0		788			740				1158		206			225				72
		-87.6	87.6					343.3	1	1	1	1	0.79	0.36	0.03	0.98	0.84	0.03	0.01	0.79	0.35	0.0	1	0.87	0.0	0	1565705655.0356796	49.66	47.51	45.46	56.47	53.88	42.49	25.0		788			740				1158		207			225				72
		-87.6	87.6					343.3	1	1	1	1	0.79	0.36	0.03	0.98	0.84	0.03	0.01	0.79	0.35	0.0	1	0.87	0.0	0	1565705655.1444921	49.37	47.37	45.19	56.61	54.02	42.42	25.0		788			740				1158		207			225				72
		-89.2	89.2					344.0	0	1	1	0	0.79	0.36	0.03	0.99	0.84	0.03	0.01	0.16	0.85	0.99	0.0	0.02	0.79	0	1565705655.2629209	49.51	47.55	45.04	56.37	54.24	42.32	25.0		788			740				1158		207			224				72
		-89.2	89.2					344.0	0	1	1	0	0.21	0.83	0.22	0.68	0.77	0.29	0.01	0.16	0.85	0.99	0.0	0.02	0.79	0	1565705655.372109	38.49	58.07	75.0	25.0	25.0	75.0	25.0		788			740				1158		207			224				72
		-90.0	90.0					344.8	0	1	1	0	0.29	0.72	1.07	0.06	0.07	0.63	0.01	0.16	0.85	0.99	0.0	0.02	0.79	0	1565705655.4875164	40.22	57.37	42.38	47.74	44.84	56.34	25.0		788			741				1158		207			224				72
		-90.0	90.0					344.8	0	1	1	0	0.08	0.87	0.93	0.09	0.11	0.78	0.01	0.16	0.85	0.99	0.0	0.02	0.79	0	1565705655.5951288	52.69	56.03	74.11	42.37	36.59	51.87	25.0		788			741				1158		207			224				72
		-90.7	90.7					344.9	0	1	1	0	0.32	0.81	0.86	0.08	0.13	0.67	0.01	0.16	0.85	0.99	0.0	0.02	0.79	0	1565705655.7026412	33.49	52.61	57.72	44.63	39.71	57.88	25.0		789			741				1158		207			223				72
		-90.8	90.8					344.9	0	1	1	0	0.19	0.81	1.03	0.06	0.08	0.75	0.01	0.16	0.85	0.99	0.0	0.02	0.79	0	1565705655.8112972	51.12	54.6	60.85	45.0	41.37	52.12	25.0		789			741				1158		207			223				72
		-90.8	90.8					344.9	0	1	1	0	0.13	0.83	0.82	0.06	0.12	0.73	0.01	0.16	0.85	0.99	0.0	0.02	0.79	0	1565705655.9182758	42.03	51.99	63.96	44.69	38.68	53.73	25.0		789			741				1158		207			223				72
		-81.7	81.7					344.3	0	1	1	0	0.22	0.81	0.99	0.05	0.09	0.75	0.01	0.16	0.85	0.99	0.0	0.02	0.79	0	1565705656.0270631	46.09	53.79	49.04	45.46	41.17	53.18	25.0		789			739				1158		207			224				72
		-81.7	81.7					344.3	0	1	1	0	0.12	0.84	0.95	0.04	0.08	0.75	0.01	0.16	0.85	0.99	0.0	0.02	0.79	0	1565705656.1350708	46.1	51.91	63.16	45.47	40.38	53.29	25.0		789			739				1158		207			224				72
		-36.8	36.8					343.3	0	1	1	0	0.22	0.83	0.9	0.04	0.08	0.75	0.01	0.16	0.85	0.99	0.0	0.02	0.79	0	1565705656.2423346	41.67	52.45	59.39	45.2	39.85	53.84	25.0		797			739				1158		210			227				72
		-36.8	36.8					343.3	0	1	1	0	0.14	0.84	0.98	0.04	0.07	0.75	0.01	0.16	0.85	0.99	0.0	0.02	0.79	0	1565705656.3496907	47.33	52.15	57.54	45.36	40.52	53.55	25.0		797			739				1158		210			227				72
		99.1	-99.1					324.6	0	1	1	0	0.17	0.84	0.93	0.04	0.08	0.76	0.01	0.16	0.85	0.99	0.0	0.02	0.79	0	1565705656.4726136	42.43	52.14	59.07	45.19	39.63	53.51	25.0		845			798				1158		208			236				72
		99.1	-99.1					324.6	0	1	1	0	0.2	0.84	0.96	0.04	0.06	0.76	0.01	0.16	0.85	0.99	0.0	0.02	0.79	0	1565705656.5823207	45.12	52.19	56.39	44.99	40.55	53.44	25.0		845			798				1158		208			236				72
		104.0	-104.0					320.5	0	1	1	0	0.14	0.84	0.95	0.03	0.06	0.76	0.01	0.16	0.85	0.99	0.0	0.02	0.79	0	1565705656.6926646	45.75	52.07	58.17	45.08	40.3	53.34	25.0		844			800				1158		207			237				72
		104.0	-104.0					320.5	0	1	1	0	0.21	0.84	0.95	0.03	0.06	0.77	0.01	0.16	0.85	0.99	0.0	0.02	0.79	0	1565705656.8041546	43.11	52.17	57.31	44.94	39.66	53.38	25.0		844			800				1158		207			237				72
		105.5	-105.5					319.8	0	1	1	0	0.13	0.85	0.97	0.03	0.05	0.77	0.01	0.16	0.85	0.99	0.0	0.02	0.79	0	1565705656.9259825	47.78	52.0	57.83	44.98	40.41	53.33	25.0		844			800				1158		207			237				72
		105.5	-105.5					319.8	1	1	1	1	0.2	0.84	0.96	0.03	0.05	0.77	0.01	0.16	0.85	0.99	0.0	0.02	0.79	0	1565705657.0394578	41.64	52.14	57.57	44.76	39.97	53.16	25.0		844			800				1158		207			237				72
		107.4	-107.4					319.1	1	1	1	1	0.2	0.84	0.97	0.03	0.05	0.77	0.01	0.16	0.85	0.99	0.0	0.02	0.79	0	1565705657.1481564	46.78	52.19	57.6	44.81	40.16	53.22	25.0		844			801				1158		206			237				72
		107.4	-107.4					319.1	1	0	0	1	0.12	0.85	0.97	0.02	0.05	0.77	0.01	0.16	0.85	0.99	0.0	0.02	0.79	0	1565705657.2593522	44.88	51.97	57.77	44.82	40.01	53.54	25.0		844			801				1158		206			237				72
		109.4	-109.4					318.6	1	0	0	1	0.8	0.15	0.3	0.25	0.24	0.12	0.01	0.79	0.36	0.0	1	0.88	0.0	0	1565705657.3768048	75.0	39.33	25.0	75.0	75.0	25.0	25.0		844			801				1158		207			237				72
									1	0	0	1	0.61	0.56	0.07	1.05	0.91	0.05	0.01	0.79	0.36	0.0	1	0.88	0.0	0	1565705657.4851456	47.98	45.09	48.43	46.49	42.08	45.37	25.0		843							1158		206							72
									1	0	0	1	0.67	0.25	0.09	0.97	0.76	0.06	0.01	0.79	0.36	0.0	1	0.88	0.0	0	1565705657.5914495	62.99	38.23	43.11	63.79	64.56	43.33	25.0		843							1158		206							72
									1	0	0	1	0.73	0.46	0.08	0.86	0.75	0.06	0.01	0.79	0.36	0.0	1	0.88	0.0	0	1565705657.698437	45.63	49.73	45.07	59.96	55.95	43.55	25.0		844							1158		206							72
									1	0	0	1	0.71	0.46	0.06	1.02	0.81	0.05	0.01	0.79	0.36	0.0	1	0.88	0.0	0	1565705657.804903	54.74	39.91	45.58	54.4	57.58	43.79	25.0		844							1158		206							72
		74.5	-74.5					318.1	1	0	0	1	0.76	0.36	0.06	0.89	0.8	0.05	0.01	0.79	0.36	0.0	1	0.88	0.0	0	1565705657.912267	51.34	51.49	45.46	60.34	54.69	43.57	25.0		845			798				1158		198			235				72
		74.5	-74.5					318.1	1	0	0	1	0.76	0.4	0.05	0.97	0.81	0.05	0.01	0.79	0.36	0.0	1	0.88	0.0	0	1565705658.0205734	50.94	46.09	45.83	54.91	54.79	43.55	25.0		845			798				1158		198			235				72
		74.5	-74.5					318.1	1	0	0	1	0.76	0.37	0.05	0.95	0.83	0.04	0.01	0.79	0.36	0.0	1	0.88	0.0	0	1565705658.1274652	51.1	47.82	45.78	57.52	53.98	43.39	25.0		845			798				1158		198			235				72
		74.5	-74.5					318.1	1	0	0	1	0.77	0.38	0.04	0.92	0.83	0.04	0.01	0.79	0.36	0.0	1	0.88	0.0	0	1565705658.2340748	50.39	47.98	45.73	58.19	54.0	43.16	25.0		845			798				1158		198			235				72
		21.8	-21.8					318.7	1	0	0	1	0.78	0.38	0.04	0.98	0.83	0.04	0.01	0.79	0.36	0.0	1	0.88	0.0	0	1565705658.3403163	50.05	47.28	45.73	55.45	54.19	43.05	25.0		851			803				1158		184			226				72
		21.8	-21.8					318.7	1	0	0	1	0.78	0.38	0.04	0.96	0.84	0.04	0.01	0.79	0.36	0.0	1	0.88	0.0	0	1565705658.448002	49.82	47.42	45.44	57.13	54.12	42.88	25.0		851			803				1158		184			226				72
									1	0	0	1	0.78	0.37	0.03	0.97	0.84	0.04	0.01	0.79	0.36	0.0	1	0.88	0.0	0	1565705658.5554147	49.73	47.51	45.74	56.34	54.15	42.84	25.0		867							1158		168							72
									1	0	0	1	0.79	0.37	0.03	0.97	0.85	0.03	0.01	0.79	0.36	0.0	1	0.88	0.0	0	1565705658.6622856	49.59	47.75	45.49	56.69	54.08	42.75	25.0		867							1158		168							72
		-82.7	82.7					342.9	1	0	0	1	0.79	0.37	0.03	0.98	0.85	0.03	0.01	0.79	0.36	0.0	1	0.88	0.0	0	1565705658.7693596	49.62	47.54	45.27	56.4	54.08	42.72	25.0		881			832				1158		162			180				72
		-82.7	82.7					342.9	1	0	0	1	0.79	0.37	0.03	0.97	0.85	0.03	0.01	0.79	0.36	0.0	1	0.88	0.0	0	1565705658.8765283	49.64	47.47	45.35	56.62	54.1	42.58	25.0		881			832				1158		162			180				72
		-85.9	85.9					344.3	1	1	1	1	0.79	0.37	0.03	0.98	0.85	0.03	0.01	0.79	0.36	0.0	1	0.88	0.0	0	1565705658.986954	49.39	47.71	45.29	56.46	54.08	42.48	25.0		881			832				1158		163			180				72
		-85.9	85.9					344.3	1	1	1	1	0.79	0.37	0.03	0.98	0.86	0.03	0.01	0.79	0.36	0.0	1	0.88	0.0	0	1565705659.1092722	49.49	47.39	45.06	56.58	54.12	42.44	25.0		881			832				1158		163			180				72
		-89.3	89.3					345.4	0	1	1	0	0.79	0.37	0.02	0.99	0.86	0.03	0.01	0.79	0.36	0.0	1	0.88	0.0	0	1565705659.2164826	49.51	47.56	45.21	56.33	54.11	42.23	25.0		881			832				1158		163			179				72
		-89.3	89.3					345.4	0	1	1	0	0.65	0.45	0.14	0.92	0.82	0.17	0.01	0.15	0.85	0.99	0.0	0.01	0.78	0	1565705659.324044	25.0	75.0	75.0	25.0	25.0	75.0	25.0		881			832				1158		163			179				72
		-90.1	90.1					346.0	0	1	1	0	0.16	0.78	1.1	0.03	0.07	0.95	0.01	0.15	0.85	0.99	0.0	0.01	0.78	0	1565705659.434678	53.09	44.59	46.52	48.69	40.97	33.94	25.0		881			832				1158		163			179				72
		-90.1	90.1					346.0	0	1	1	0	0.15	0.73	0.67	0.12	0.15	0.6	0.01	0.15	0.85	0.99	0.0	0.01	0.78	0	1565705659.5434043	42.79	60.86	75.0	42.61	37.46	62.94	25.0		881			832				1158		163			179				72
		-90.3	90.3					346.6	0	1	1	0	0.28	0.83	0.88	0.07	0.09	0.71	0.01	0.15	0.85	0.99	0.0	0.01	0.78	0	1565705659.650535	43.81	46.53	48.11	45.29	41.64	51.29	25.0		881			832				1158		164			178				72
		-89.0	89.0					346.5	0	1	1	0	0.07	0.78	0.91	0.06	0.09	0.7	0.01	0.15	0.85	0.99	0.0	0.01	0.78	0	1565705659.7573571	51.49	55.81	61.0	44.94	40.3	55.5	25.0		881			832				1158		163			178				72
		-89.0	89.0					346.5	0	1	1	0	0.25	0.84	0.81	0.06	0.1	0.74	0.01	0.15	0.85	0.99	0.0	0.01	0.78	0	1565705659.8662806	37.63	51.89	61.39	44.58	39.43	52.1	25.0		881			832				1158		163			178				72
		-56.2	56.2					344.9	0	1	1	0	0.12	0.81	1.08	0.05	0.07	0.73	0.01	0.15	0.85	0.99	0.0	0.01	0.78	0	1565705659.972921	49.17	53.84	47.81	45.22	41.11	53.43	25.0		885			829				1158		165			181				72
		-56.2	56.2					344.9	0	1	1	0	0.17	0.84	0.88	0.04	0.07	0.74	0.01	0.15	0.85	0.99	0.0	0.01	0.78	0	1565705660.0864775	40.21	52.28	65.92	45.4	39.56	52.83	25.0		885			829				1158		165			181				72
		-7.1	7.1					345.3	0	1	1	0	0.2	0.83	0.88	0.04	0.07	0.73	0.01	0.15	0.85	0.99	0.0	0.01	0.78	0	1565705660.1957629	45.03	52.45	57.44	45.41	40.17	53.81	25.0		897			836				1158		170			183				72
		-7.1	7.1					345.3	0	1	1	0	0.13	0.84	0.97	0.04	0.06	0.74	0.01	0.15	0.85	0.99	0.0	0.01	0.78	0	1565705660.305759	45.83	52.14	57.06	45.29	40.29	53.45	25.0		897			836				1158		170			183				72
									0	1	1	0	0.2	0.84	0.92	0.04	0.07	0.75	0.01	0.15	0.85	0.99	0.0	0.01	0.78	0	1565705660.4133487	42.93	52.22	58.86	44.99	39.75	53.25	25.0		929							1158		169							72
									0	1	1	0	0.15	0.84	0.96	0.04	0.05	0.75	0.01	0.15	0.85	0.99	0.0	0.01	0.78	0	1565705660.5246136	47.4	52.18	56.37	45.19	40.29	53.17	25.0		929							1158		169							72
		101.4	-101.4					322.8	0	1	1	0	0.15	0.84	0.95	0.03	0.05	0.75	0.01	0.15	0.85	0.99	0.0	0.01	0.78	0	1565705660.632357	42.89	52.11	58.16	45.1	39.82	53.21	25.0		938			893				1158		165			193				72
		101.4	-101.4					322.8	0	1	1	0	0.17	0.84	0.96	0.03	0.05	0.76	0.01	0.15	0.85	0.99	0.0	0.01	0.78	0	1565705660.7396998	44.67	52.12	57.53	44.73	39.98	53.07	25.0		938			893				1158		165			193				72
		105.1	-105.1					321.9	0	1	1	0	0.14	0.84	0.97	0.03	0.05	0.76	0.01	0.15	0.85	0.99	0.0	0.01	0.78	0	1565705660.8511276	45.0	52.14	57.49	45.01	39.88	53.11	25.0		937			892				1158		165			193				72
		105.1	-105.1					321.9	1	1	1	1	0.2	0.84	0.96	0.03	0.05	0.76	0.01	0.15	0.85	0.99	0.0	0.01	0.78	0	1565705660.9680016	42.32	52.17	57.73	44.86	39.65	53.16	25.0		937			892				1158		165			193				72
		106.5	-106.5					321.1	1	1	1	1	0.12	0.85	0.97	0.03	0.04	0.76	0.01	0.15	0.85	0.99	0.0	0.01	0.78	0	1565705661.086267	46.77	52.05	57.37	44.65	39.77	53.28	25.0		937			892				1158		164			194				72
		107.7	-107.7					320.4	1	0	0	1	0.16	0.85	0.97	0.02	0.04	0.76	0.01	0.15	0.85	0.99	0.0	0.01	0.78	0	1565705661.19807	41.96	52.07	57.8	44.9	39.45	53.25	25.0		936			893				1158		164			194				72
		107.7	-107.7					320.4	1	0	0	1	0.44	0.39	0.55	0.12	0.15	0.59	0.01	0.8	0.34	0.0	1	0.86	0.0	0	1565705661.3103406	75.0	25.0	25.0	75.0	75.0	25.0	25.0		936			893				1158		164			194				72
		107.7	-107.7					320.4	1	0	0	1	0.82	0.34	0.05	1.05	0.96	0.05	0.01	0.8	0.34	0.0	1	0.86	0.0	0	1565705661.421419	40.17	55.22	48.96	46.79	38.43	45.52	25.0		936			893				1158		164			194				72
		109.4	-109.4					319.9	1	0	0	1	0.62	0.5	0.11	0.86	0.63	0.07	0.01	0.8	0.34	0.0	1	0.86	0.0	0	1565705661.5321624	62.62	34.97	43.24	62.99	65.63	43.35	25.0		936			893				1158		164			194				72
		109.4	-109.4					319.9	1	0	0	1	0.81	0.35	0.09	0.86	0.74	0.06	0.01	0.8	0.34	0.0	1	0.86	0.0	0	1565705661.643901	44.53	52.38	44.91	59.99	54.94	43.63	25.0		936			893				1158		164			194				72
		109.0	-109.0					319.9	1	0	0	1	0.72	0.46	0.06	0.99	0.75	0.05	0.01	0.8	0.34	0.0	1	0.86	0.0	0	1565705661.7557516	54.57	39.9	45.87	53.13	57.39	43.79	25.0		936			893				1158		164			194				72
		109.0	-109.0					319.9	1	0	0	1	0.77	0.32	0.06	0.9	0.79	0.05	0.01	0.8	0.34	0.0	1	0.86	0.0	0	1565705661.8665416	51.68	52.84	45.53	59.72	53.03	43.64	25.0		936			893				1158		164			194				72
		108.4	-108.4					320.1	1	0	0	1	0.77	0.39	0.05	0.93	0.79	0.05	0.01	0.8	0.34	0.0	1	0.86	0.0	0	1565705661.9797082	51.06	45.43	45.69	56.09	54.87	43.58	25.0		936			893				1158		164			194				72
		63.4	-63.4					320.3	1	0	0	1	0.77	0.36	0.05	0.97	0.81	0.04	0.01	0.8	0.34	0.0	1	0.86	0.0	0	1565705662.0867863	51.44	47.6	45.45	56.17	53.62	43.39	25.0		939			890				1158		153			190				72
		63.4	-63.4					320.3	1	0	0	1	0.79	0.36	0.04	0.92	0.81	0.04	0.01	0.8	0.34	0.0	1	0.86	0.0	0	1565705662.193811	50.3	47.75	45.9	58.63	53.73	43.24	25.0		939			890				1158		153			190				72
		24.2	-24.2					320.6	1	0	0	1	0.79	0.36	0.04	0.96	0.81	0.04	0.01	0.8	0.34	0.0	1	0.86	0.0	0	1565705662.3122098	50.06	47.13	45.64	55.45	53.89	43.05	25.0		944			895				1158		142			183				72
		24.2	-24.2					320.6	1	0	0	1	0.79	0.36	0.04	0.96	0.82	0.04	0.01	0.8	0.34	0.0	1	0.86	0.0	0	1565705662.4184465	50.14	47.32	45.37	57.02	53.79	42.96	25.0		944			895				1158		142			183				72
		-79.8	79.8					343.6	1	0	0	1	0.79	0.35	0.04	0.97	0.82	0.04	0.01	0.8	0.34	0.0	1	0.86	0.0	0	1565705662.5251267	49.93	47.54	45.55	56.52	53.82	42.83	25.0		975			926				1158		122			139				72
		-79.8	79.8					343.6	1	0	0	1	0.79	0.35	0.03	0.97	0.83	0.03	0.01	0.8	0.34	0.0	1	0.86	0.0	0	1565705662.6325133	49.84	47.42	45.52	56.65	53.82	42.75	25.0		975			926				1158		122			139				72
									1	0	0	1	0.8	0.35	0.03	0.97	0.83	0.03	0.01	0.8	0.34	0.0	1	0.86	0.0	0	1565705662.7398367	49.69	47.23	45.27	56.51	53.81	42.72	25.0					926				1158					138				72
									1	0	0	1	0.8	0.35	0.03	0.97	0.83	0.03	0.01	0.8	0.34	0.0	1	0.86	0.0	0	1565705662.8470535	49.72	47.26	45.43	56.73	53.84	42.59	25.0					926				1158					138				72
		-85.0	85.0					346.2	1	0	0	1	0.8	0.35	0.03	0.98	0.83	0.03	0.01	0.8	0.34	0.0	1	0.86	0.0	0	1565705662.9541352	49.66	47.38	45.23	56.47	53.91	42.4	25.0		975			926				1158		123			138				72
		-85.0	85.0					346.2	1	0	0	1	0.8	0.35	0.03	0.98	0.84	0.03	0.01	0.8	0.34	0.0	1	0.86	0.0	0	1565705663.061657	49.76	47.45	45.09	56.61	53.86	42.43	25.0		975			926				1158		123			138				72
		-85.0	85.0					346.2	1	1	1	1	0.8	0.35	0.03	0.99	0.84	0.03	0.01	0.8	0.34	0.0	1	0.86	0.0	0	1565705663.1708174	49.67	47.4	44.97	56.05	53.64	42.37	25.0		975			926				1158		123			138				72
		-85.0	85.0					346.2	1	1	1	1	0.8	0.35	0.02	0.98	0.84	0.03	0.01	0.8	0.34	0.0	1	0.86	0.0	0	1565705663.277722	49.68	47.21	45.1	56.8	53.74	42.21	25.0		975			926				1158		123			138				72
		-87.9	87.9					347.2	0	1	1	0	0.8	0.35	0.02	0.99	0.84	0.02	0.01	0.8	0.34	0.0	1	0.86	0.0	0	1565705663.3879588	49.51	47.44	44.93	56.24	53.9	42.15	25.0		975			926				1158		123			137				72
		-87.9	87.9					347.2	0	1	1	0	0.74	0.4	0.1	0.94	0.81	0.13	0.01	0.15	0.85	0.99	0.0	0.01	0.78	0	1565705663.4974797	25.0	75.0	75.0	25.0	25.0	75.0	25.0		975			926				1158		123			137				72
		-89.3	89.3					347.6	0	1	1	0	0.12	0.82	1.1	0.04	0.06	0.96	0.01	0.15	0.85	0.99	0.0	0.01	0.78	0	1565705663.6055052	54.55	38.83	54.83	47.59	36.46	36.43	25.0		975			926				1158		123			137				72
		-89.3	89.3					347.6	0	1	1	0	0.06	0.75	0.67	0.12	0.15	0.59	0.01	0.15	0.85	0.99	0.0	0.01	0.78	0	1565705663.7152896	41.68	63.48	69.57	42.46	38.49	63.61	25.0		975			926				1158		123			137				72
		-89.5	89.5					348.1	0	1	1	0	0.29	0.83	1.08	0.08	0.09	0.66	0.01	0.15	0.85	0.99	0.0	0.01	0.78	0	1565705663.8222375	44.36	44.1	40.8	45.34	41.75	52.52	25.0		975			926				1158		123			136				72
		-89.5	89.5					348.1	0	1	1	0	0.07	0.77	0.79	0.07	0.1	0.71	0.01	0.15	0.85	0.99	0.0	0.01	0.78	0	1565705663.9289598	51.47	56.81	67.98	44.83	39.27	55.18	25.0		975			926				1158		123			136				72
									0	1	1	0	0.28	0.84	0.86	0.07	0.1	0.73	0.01	0.15	0.85	0.99	0.0	0.01	0.78	0	1565705664.0365355	38.84	52.2	54.3	44.74	40.31	52.24	25.0					926				1158					136				72
									0	1	1	0	0.15	0.81	1.08	0.05	0.07	0.73	0.01	0.15	0.85	0.99	0.0	0.01	0.78	0	1565705664.1458304	49.69	53.39	54.43	45.46	40.81	53.46	25.0					926				1158					136				72
									0	1	1	0	0.18	0.83	0.83	0.05	0.08	0.74	0.01	0.15	0.85	0.99	0.0	0.01	0.78	0	1565705664.2545862	42.71	52.63	65.2	45.07	39.63	52.7	25.0					926				1158					136				72
		-12.9	12.9					346.6	0	1	1	0	0.2	0.83	0.95	0.04	0.07	0.74	0.01	0.15	0.85	0.99	0.0	0.01	0.78	0	1565705664.362799	45.34	52.56	51.34	45.61	40.63	53.26	25.0		990			928				1158		129			141				72
		-12.9	12.9					346.6	0	1	1	0	0.13	0.84	0.93	0.04	0.06	0.74	0.01	0.15	0.85	0.99	0.0	0.01	0.78	0	1565705664.4698002	46.31	52.21	59.38	45.41	40.19	53.27	25.0		990			928				1158		129			141				72
									0	1	1	0	0.21	0.84	0.92	0.04	0.07	0.74	0.01	0.15	0.85	0.99	0.0	0.01	0.78	0	1565705664.58054	42.62	52.16	57.89	44.96	39.9	53.38	25.0		1011							1158		132							72
									0	1	1	0	0.13	0.84	0.97	0.04	0.05	0.75	0.01	0.15	0.85	0.99	0.0	0.01	0.78	0	1565705664.6876123	47.16	52.17	56.69	45.2	40.22	53.3	25.0		1011							1158		132							72
		98.2	-98.2					325.6	0	1	1	0	0.18	0.84	0.94	0.03	0.06	0.75	0.01	0.15	0.85	0.99	0.0	0.01	0.78	0	1565705664.795124	41.79	52.14	58.45	45.21	39.62	53.37	25.0		1031			985				1158		125			151				72
		98.2	-98.2					325.6	0	1	1	0	0.17	0.84	0.97	0.03	0.05	0.75	0.01	0.15	0.85	0.99	0.0	0.01	0.78	0	1565705664.9021945	45.69	52.21	56.91	44.98	40.29	53.42	25.0		1031			985				1158		125			151				72
		100.8	-100.8					324.6	0	1	1	0	0.15	0.84	0.96	0.03	0.05	0.75	0.01	0.15	0.85	0.99	0.0	0.01	0.78	0	1565705665.0103195	42.45	52.26	58.1	45.18	39.66	53.44	25.0		1031			985				1158		125			152				72
		100.8	-100.8					324.6	0	1	1	0	0.18	0.85	0.97	0.03	0.05	0.75	0.01	0.15	0.85	0.99	0.0	0.01	0.78	0	1565705665.1199133	46.44	51.94	57.03	44.8	40.08	53.53	25.0		1031			985				1158		125			152				72
		104.7	-104.7					323.3	0	1	1	0	0.14	0.84	0.96	0.03	0.04	0.76	0.01	0.15	0.85	0.99	0.0	0.01	0.78	0	1565705665.2328367	41.99	52.12	58.08	44.87	39.75	53.33	25.0		1031			986				1158		125			152				72
		104.7	-104.7					323.3	0	1	1	0	0.18	0.85	0.97	0.03	0.04	0.76	0.01	0.15	0.85	0.99	0.0	0.01	0.78	0	1565705665.3460321	44.2	52.05	57.08	44.7	39.81	53.34	25.0		1031			986				1158		125			152				72
		105.0	-105.0					322.3	0	1	1	0	0.11	0.85	0.97	0.03	0.04	0.76	0.01	0.15	0.85	0.99	0.0	0.01	0.78	0	1565705665.4595559	44.72	51.98	57.87	44.73	39.88	53.27	25.0		1030			986				1158		125			152				72
		105.0	-105.0					322.3	0	1	1	0	0.21	0.84	0.97	0.02	0.04	0.76	0.01	0.15	0.85	0.99	0.0	0.01	0.78	0	1565705665.5712996	44.26	52.22	57.17	44.78	39.52	53.34	25.0		1030			986				1158		125			152				72
									0	1	1	0	0.11	0.85	0.97	0.02	0.04	0.76	0.01	0.15	0.85	0.99	0.0	0.01	0.78	0	1565705665.6825674	44.65	52.01	57.93	44.62	39.78	53.34	25.0		1030							1158		125							72
									1	1	1	1	0.2	0.85	0.97	0.02	0.04	0.76	0.01	0.15	0.85	0.99	0.0	0.01	0.78	0	1565705665.79674	41.38	52.1	57.26	44.55	39.53	53.43	25.0		1030							1158		125							72
		107.0	-107.0					321.4	1	1	1	1	0.11	0.85	0.98	0.02	0.04	0.76	0.01	0.15	0.85	0.99	0.0	0.01	0.78	0	1565705665.903792	48.16	52.14	57.77	44.47	39.79	53.5	25.0		1030			987				1158		124			152				72
		107.0	-107.0					321.4	1	0	0	1	0.2	0.85	0.97	0.02	0.03	0.77	0.01	0.15	0.85	0.99	0.0	0.01	0.78	0	1565705666.0109713	40.56	51.87	57.53	44.39	39.41	53.46	25.0		1030			987				1158		124			152				72
		108.4	-108.4					321.0	1	0	0	1	0.59	0.19	0.37	0.2	0.21	0.43	0.01	0.8	0.32	0.0	1	0.85	0.0	0	1565705666.1351578	75.0	31.73	25.0	75.0	75.0	25.0	25.0		1030			987				1158		124			152				72
		108.2	-108.2					320.5	1	0	0	1	0.7	0.48	0.05	1.05	0.91	0.05	0.01	0.8	0.32	0.0	1	0.85	0.0	0	1565705666.2421887	41.38	48.44	49.37	45.83	39.05	46.14	25.0		1030			987				1158		124			153				72
		108.2	-108.2					320.5	1	0	0	1	0.66	0.17	0.09	0.88	0.62	0.07	0.01	0.8	0.32	0.0	1	0.85	0.0	0	1565705666.3545532	62.17	44.64	42.98	61.79	65.79	43.36	25.0		1030			987				1158		124			153				72
		108.6	-108.6					320.5	1	0	0	1	0.81	0.37	0.09	0.86	0.74	0.06	0.01	0.8	0.32	0.0	1	0.85	0.0	0	1565705666.4617848	44.42	48.09	45.03	59.81	53.42	43.66	25.0		1030			987				1158		124			153				72
		108.6	-108.6					320.5	1	0	0	1	0.72	0.4	0.06	0.99	0.73	0.05	0.01	0.8	0.32	0.0	1	0.85	0.0	0	1565705666.5685146	54.48	40.29	45.46	55.62	58.53	43.79	25.0		1030			987				1158		124			153				72
		108.7	-108.7					320.4	1	0	0	1	0.76	0.3	0.06	0.9	0.79	0.05	0.01	0.8	0.32	0.0	1	0.85	0.0	0	1565705666.6752462	51.53	51.78	45.54	59.44	52.9	43.74	25.0		1030			987				1158		124			153				72
		108.7	-108.7					320.4	1	0	0	1	0.77	0.36	0.05	0.96	0.78	0.05	0.01	0.8	0.32	0.0	1	0.85	0.0	0	1565705666.788879	50.91	45.07	45.71	55.7	54.23	43.53	25.0		1030			987				1158		124			153				72
		95.2	-95.2					321.2	1	0	0	1	0.77	0.33	0.05	0.95	0.79	0.05	0.01	0.8	0.32	0.0	1	0.85	0.0	0	1565705666.9020145	51.13	47.78	45.74	56.97	53.84	43.34	25.0		1030			985				1158		122			152				72
		95.2	-95.2					321.2	1	0	0	1	0.78	0.34	0.04	0.93	0.8	0.04	0.01	0.8	0.32	0.0	1	0.85	0.0	0	1565705667.0170393	50.59	47.49	45.96	58.79	53.6	43.08	25.0		1030			985				1158		122			152				72
									1	0	0	1	0.79	0.34	0.04	0.96	0.81	0.04	0.01	0.8	0.32	0.0	1	0.85	0.0	0	1565705667.136698	50.1	47.05	45.79	56.05	53.61	43.1	25.0		1034							1158		109							72
									1	0	0	1	0.79	0.34	0.03	0.97	0.81	0.04	0.01	0.8	0.32	0.0	1	0.85	0.0	0	1565705667.243307	50.03	47.03	45.4	57.32	53.65	43.03	25.0		1034							1158		109							72
									1	0	0	1	0.79	0.33	0.04	0.97	0.81	0.04	0.01	0.8	0.32	0.0	1	0.85	0.0	0	1565705667.350113	49.91	47.38	45.38	56.64	53.71	42.85	25.0		1041							1158		98							72
									1	0	0	1	0.79	0.33	0.03	0.97	0.81	0.03	0.01	0.8	0.32	0.0	1	0.85	0.0	0	1565705667.4602263	49.84	47.19	45.53	56.66	53.76	42.75	25.0		1041							1158		98							72
									1	0	0	1	0.8	0.33	0.03	0.97	0.82	0.03	0.01	0.8	0.32	0.0	1	0.85	0.0	0	1565705667.570481	49.74	47.36	45.47	56.6	53.67	42.73	25.0					1011				1158					118				72
									1	0	0	1	0.8	0.33	0.03	0.98	0.82	0.03	0.01	0.8	0.32	0.0	1	0.85	0.0	0	1565705667.677156	49.73	47.18	45.25	56.55	53.71	42.57	25.0					1011				1158					118				72
		-79.3	79.3					345.0	1	0	0	1	0.8	0.33	0.03	0.98	0.82	0.03	0.01	0.8	0.32	0.0	1	0.85	0.0	0	1565705667.7859943	49.76	47.1	45.24	56.61	53.71	42.58	25.0		1068			1020				1158		83			99				72
		-79.3	79.3					345.0	1	0	0	1	0.8	0.33	0.03	0.98	0.82	0.03	0.01	0.8	0.32	0.0	1	0.85	0.0	0	1565705667.894991	49.65	47.17	45.28	56.52	53.73	42.45	25.0		1068			1020				1158		83			99				72
		-83.3	83.3					346.1	1	0	0	1	0.8	0.33	0.03	0.98	0.83	0.03	0.01	0.8	0.32	0.0	1	0.85	0.0	0	1565705668.0098987	49.67	47.32	45.1	56.41	53.52	42.4	25.0		1068			1020				1158		83			98				72
		-83.3	83.3					346.1	1	0	0	1	0.8	0.33	0.02	0.98	0.83	0.03	0.01	0.8	0.32	0.0	1	0.85	0.0	0	1565705668.1194763	49.49	47.28	45.14	56.66	53.59	42.28	25.0		1068			1020				1158		83			98				72
		-84.4	84.4					346.9	1	0	0	1	0.8	0.33	0.02	0.99	0.83	0.03	0.01	0.8	0.32	0.0	1	0.85	0.0	0	1565705668.2310998	49.69	47.06	45.05	56.27	53.69	42.15	25.0		1068			1020				1158		83			97				72
									1	0	0	1	0.8	0.33	0.02	0.99	0.83	0.02	0.01	0.8	0.32	0.0	1	0.85	0.0	0	1565705668.3421595	49.51	47.37	44.94	56.38	53.79	42.2	25.0					1020				1158					97				72
									1	0	0	1	0.8	0.33	0.02	0.99	0.83	0.02	0.01	0.8	0.32	0.0	1	0.85	0.0	0	1565705668.4527721	49.55	47.16	44.81	56.27	53.62	42.08	25.0					1020				1158					97				72
		-86.9	86.9					347.9	1	0	0	1	0.8	0.33	0.02	0.99	0.83	0.02	0.01	0.8	0.32	0.0	1	0.85	0.0	0	1565705668.5669715	49.52	47.06	44.71	56.54	53.62	41.96	25.0		1068			1020				1158		84			97				72
		-86.9	86.9					347.9	1	0	0	1	0.8	0.32	0.02	0.99	0.83	0.02	0.01	0.8	0.32	0.0	1	0.85	0.0	0	1565705668.6784973	49.58	47.38	44.66	56.42	53.72	41.92	25.0		1068			1020				1158		84			97				72
		-86.8	86.8					348.0	1	0	0	1	0.8	0.33	0.02	0.99	0.84	0.02	0.01	0.8	0.32	0.0	1	0.85	0.0	0	1565705668.7887802	49.53	47.25	44.54	56.41	53.72	41.81	25.0		1068			1020				1158		84			97				72
		-86.8	86.8					348.0	1	0	0	1	0.8	0.33	0.02	0.99	0.84	0.02	0.01	0.8	0.32	0.0	1	0.85	0.0	0	1565705668.9034712	49.54	47.02	44.44	56.5	53.54	41.83	25.0		1068			1020				1158		84			97				72
		-88.0	88.0					348.5	1	1	1	1	0.8	0.32	0.02	0.99	0.84	0.02	0.01	0.8	0.32	0.0	1	0.85	0.0	0	1565705669.014106	49.52	47.26	44.47	56.36	53.62	41.59	25.0		1068			1020				1158		83			96				72
		-88.0	88.0					348.5	1	1	1	1	0.8	0.32	0.02	0.99	0.84	0.02	0.01	0.8	0.32	0.0	1	0.85	0.0	0	1565705669.1210957	49.61	47.41	44.32	56.56	53.72	41.58	25.0		1068			1020				1158		83			96				72
		-87.9	87.9					348.6	0	1	1	0	0.8	0.33	0.02	0.99	0.84	0.02	0.01	0.8	0.32	0.0	1	0.85	0.0	0	1565705669.2308896	49.47	47.12	44.19	56.3	53.8	41.45	25.0		1069			1020				1158		84			96				72
		-87.9	87.9					348.6	0	1	1	0	0.06	1.14	0.3	0.26	0.65	0.51	0.01	0.14	0.8	0.89	0.0	0.06	0.69	0	1565705669.3448808	49.89	32.08	75.0	31.55	25.0	64.14	25.0		1069			1020				1158		84			96				72
		-87.8	87.8					348.7	0	1	1	0	0.38	0.62	0.8	0.08	0.11	0.54	0.01	0.14	0.8	0.89	0.0	0.06	0.69	0	1565705669.452788	37.08	58.12	43.15	47.72	46.37	53.86	25.0		1069			1020				1158		84			96				72
		-87.8	87.8					348.7	0	1	1	0	0.1	0.84	0.65	0.09	0.12	0.58	0.01	0.14	0.8	0.89	0.0	0.06	0.69	0	1565705669.5614874	52.81	54.58	70.23	43.76	41.98	56.8	25.0		1069			1020				1158		84			96				72
		-87.6	87.6					348.6	0	1	1	0	0.24	0.75	0.75	0.09	0.21	0.63	0.01	0.14	0.8	0.89	0.0	0.06	0.69	0	1565705669.6693885	37.67	52.37	58.36	44.14	36.27	51.52	25.0		1069			1020				1158		84			96				72
		-87.6	87.6					348.6	0	1	1	0	0.21	0.76	0.8	0.07	0.12	0.63	0.01	0.14	0.8	0.89	0.0	0.06	0.69	0	1565705669.778265	47.06	53.8	62.7	45.45	42.99	52.32	25.0		1069			1020				1158		84			96				72
		-83.5	83.5					348.9	0	1	1	0	0.08	0.78	0.79	0.06	0.13	0.64	0.01	0.14	0.8	0.89	0.0	0.06	0.69	0	1565705669.8858116	47.77	51.91	57.62	45.07	40.88	51.92	25.0		1069			1020				1158		84			96				72
		-50.4	50.4					347.4	0	1	1	0	0.23	0.77	0.84	0.06	0.14	0.65	0.01	0.14	0.8	0.89	0.0	0.06	0.69	0	1565705669.9923964	41.69	52.35	58.8	45.2	39.92	51.55	25.0		1074			1018				1158		86			99				72
		-50.4	50.4					347.4	0	1	1	0	0.12	0.78	0.8	0.05	0.1	0.65	0.01	0.14	0.8	0.89	0.0	0.06	0.69	0	1565705670.1008444	48.42	52.37	58.74	45.21	42.02	51.84	25.0		1074			1018				1158		86			99				72
		18.0	-18.0					347.3	0	1	1	0	0.19	0.78	0.86	0.04	0.12	0.66	0.01	0.14	0.8	0.89	0.0	0.06	0.69	0	1565705670.20842	41.61	52.03	55.61	45.44	40.13	51.63	25.0		1093			1034				1158		92			101				72
		18.0	-18.0					347.3	0	1	1	0	0.16	0.79	0.83	0.04	0.12	0.66	0.01	0.14	0.8	0.89	0.0	0.06	0.69	0	1565705670.3156521	46.38	51.8	57.95	45.07	40.88	51.91	25.0		1093			1034				1158		92			101				72
		54.5	-54.5					343.4	0	1	1	0	0.14	0.79	0.85	0.04	0.1	0.66	0.01	0.14	0.8	0.89	0.0	0.06	0.69	0	1565705670.422158	44.34	51.71	56.52	45.28	41.17	52.13	25.0		1109			1053				1158		92			102				72
		54.5	-54.5					343.4	0	1	1	0	0.18	0.79	0.85	0.04	0.12	0.66	0.01	0.14	0.8	0.89	0.0	0.06	0.69	0	1565705670.5301428	43.09	51.56	57.33	45.1	39.65	52.26	25.0		1109			1053				1158		92			102				72
		70.8	-70.8					337.9	0	1	1	0	0.12	0.79	0.86	0.04	0.1	0.66	0.01	0.14	0.8	0.89	0.0	0.06	0.69	0	1565705670.6376526	46.31	51.82	56.89	44.93	41.6	52.18	25.0		1115			1063				1158		90			104				72
		70.8	-70.8					337.9	0	1	1	0	0.17	0.79	0.86	0.03	0.1	0.67	0.01	0.14	0.8	0.89	0.0	0.06	0.69	0	1565705670.7444773	41.82	51.57	56.97	45.08	40.22	52.02	25.0		1115			1063				1158		90			104				72
		74.6	-74.6					336.4	0	1	1	0	0.1	0.79	0.86	0.03	0.09	0.67	0.01	0.14	0.8	0.89	0.0	0.06	0.69	0	1565705670.8541028	48.2	51.62	56.96	44.84	40.93	52.01	25.0		1115			1064				1158		89			105				72
		74.6	-74.6					336.4	0	1	1	0	0.19	0.79	0.87	0.03	0.09	0.67	0.01	0.14	0.8	0.89	0.0	0.06	0.69	0	1565705670.963986	40.18	51.63	56.65	44.97	40.54	51.9	25.0		1115			1064				1158		89			105				72
		78.5	-78.5					334.8	0	1	1	0	0.11	0.79	0.86	0.03	0.09	0.67	0.01	0.14	0.8	0.89	0.0	0.06	0.69	0	1565705671.0764387	49.71	51.67	57.03	44.84	40.53	52.01	25.0		1116			1066				1158		89			106				72
		78.5	-78.5					334.8	1	1	1	1	0.19	0.79	0.87	0.03	0.08	0.67	0.01	0.14	0.8	0.89	0.0	0.06	0.69	0	1565705671.188946	38.85	51.71	56.76	44.82	40.71	52.02	25.0		1116			1066				1158		89			106				72
		81.0	-81.0					333.5	1	1	1	1	0.13	0.79	0.87	0.03	0.09	0.67	0.01	0.14	0.8	0.89	0.0	0.06	0.69	0	1565705671.2967715	46.85	51.78	56.93	44.51	39.98	52.14	25.0		1116			1067				1158		88			106				72
		81.0	-81.0					333.5	1	0	0	1	0.14	0.8	0.87	0.02	0.08	0.67	0.01	0.14	0.8	0.89	0.0	0.06	0.69	0	1565705671.4036405	42.83	51.43	56.68	44.67	41.11	52.26	25.0		1116			1067				1158		88			106				72
		83.4	-83.4					332.3	1	0	0	1	0.21	0.77	0.84	0.07	0.15	0.63	0.01	0.83	0.18	0.0	1	0.78	0.0	0	1565705671.511561	75.0	25.0	25.0	75.0	75.0	25.0	25.0		1116			1068				1158		88			107				72
		83.4	-83.4					332.3	1	0	0	1	1.08	0.07	0.03	1.02	0.87	0.03	0.01	0.83	0.18	0.0	1	0.78	0.0	0	1565705671.6182482	25.0	59.43	48.3	57.84	45.38	45.51	25.0		1116			1068				1158		88			107				72
		84.1	-84.1					331.4	1	0	0	1	0.61	0.42	0.09	0.78	0.57	0.06	0.01	0.83	0.18	0.0	1	0.78	0.0	0	1565705671.725214	65.01	30.91	45.09	65.48	61.66	43.72	25.0		1117			1069				1158		87			107				72
		84.1	-84.1					331.4	1	0	0	1	0.95	0.19	0.07	0.91	0.76	0.05	0.01	0.83	0.18	0.0	1	0.78	0.0	0	1565705671.8425496	31.31	54.0	46.13	48.94	50.45	43.8	25.0		1117			1069				1158		87			107				72
		84.1	-84.1					331.4	1	0	0	1	0.72	0.25	0.07	0.89	0.68	0.05	0.01	0.83	0.18	0.0	1	0.78	0.0	0	1565705671.9493852	56.78	39.34	45.32	61.22	55.27	43.58	25.0		1117			1069				1158		87			107				72
		84.1	-84.1					331.4	1	0	0	1	0.79	0.15	0.06	0.91	0.71	0.04	0.01	0.83	0.18	0.0	1	0.78	0.0	0	1565705672.0570571	51.95	51.84	45.65	57.61	53.94	43.55	25.0		1117			1069				1158		87			107				72
		84.2	-84.2					331.4	1	0	0	1	0.8	0.25	0.05	0.95	0.73	0.04	0.01	0.83	0.18	0.0	1	0.78	0.0	0	1565705672.1664999	50.66	42.61	45.99	58.0	53.01	43.4	25.0		1117			1068				1158		88			108				72
		84.2	-84.2					331.4	1	0	0	1	0.8	0.17	0.04	0.94	0.73	0.04	0.01	0.83	0.18	0.0	1	0.78	0.0	0	1565705672.273444	51.24	48.81	46.06	56.95	52.85	43.11	25.0		1117			1068				1158		88			108				72
		42.6	-42.6					332.4	1	0	0	1	0.81	0.22	0.04	0.96	0.74	0.04	0.01	0.83	0.18	0.0	1	0.78	0.0	0	1565705672.3901207	50.74	45.31	45.84	56.47	52.28	42.89	25.0		1122			1067						78			104				
									1	0	0	1	0.81	0.19	0.04	0.96	0.74	0.04	0.01	0.83	0.18	0.0	1	0.78	0.0	0	1565705672.4972026	50.58	46.24	45.58	56.75	52.3	42.93	25.0		1127									72							
									1	0	0	1	0.82	0.2	0.04	0.96	0.75	0.03	0.01	0.83	0.18	0.0	1	0.78	0.0	0	1565705672.6077404	50.4	46.45	45.49	56.68	52.58	42.81	25.0		1127									72							
									1	0	0	1	0.82	0.2	0.03	0.96	0.75	0.03	0.01	0.83	0.18	0.0	1	0.78	0.0	0	1565705672.7202148	50.35	46.02	45.67	56.71	52.3	42.77	25.0		1132									69							
									1	0	0	1	0.82	0.19	0.03	0.97	0.76	0.03	0.01	0.83	0.18	0.0	1	0.78	0.0	0	1565705672.8406022	50.28	46.57	45.41	56.36	52.33	42.53	25.0		1132									69							
									1	0	0	1	0.82	0.2	0.03	0.97	0.76	0.03	0.01	0.83	0.18	0.0	1	0.78	0.0	0	1565705672.9475994	50.35	46.04	45.35	56.58	52.44	42.42	25.0					1082									87				
									1	0	0	1	0.82	0.19	0.03	0.98	0.76	0.03	0.01	0.83	0.18	0.0	1	0.78	0.0	0	1565705673.054786	50.23	46.61	45.15	56.39	52.63	42.41	25.0					1082									87				
		-38.5	38.5					343.0	1	0	0	1	0.82	0.19	0.03	0.98	0.76	0.03	0.01	0.83	0.18	0.0	1	0.78	0.0	0	1565705673.161273	50.19	46.04	45.12	56.51	52.49	42.32	25.0		1135			1082						67			86				
		-38.5	38.5					343.0	1	0	0	1	0.82	0.19	0.03	0.98	0.76	0.03	0.01	0.83	0.18	0.0	1	0.78	0.0	0	1565705673.2684155	50.22	46.39	45.32	56.67	52.44	42.15	25.0		1135			1082						67			86				
		-46.1	46.1					344.9	1	0	0	1	0.82	0.19	0.02	0.98	0.76	0.02	0.01	0.83	0.18	0.0	1	0.78	0.0	0	1565705673.3826897	50.21	46.42	44.92	56.56	52.78	42.14	25.0		1136			1083						67			84				
		-46.1	46.1					344.9	1	0	0	1	0.83	0.19	0.02	0.99	0.77	0.02	0.01	0.83	0.18	0.0	1	0.78	0.0	0	1565705673.4902627	50.14	45.93	44.92	56.17	52.33	41.95	25.0		1136			1083						67			84				
		-47.4	47.4					345.3	1	0	0	1	0.83	0.18	0.02	0.98	0.77	0.02	0.01	0.83	0.18	0.0	1	0.78	0.0	0	1565705673.6103714	50.16	46.72	44.8	56.79	52.43	41.89	25.0		1136			1084						67			83				
		-47.4	47.4					345.3	1	0	0	1	0.83	0.19	0.02	0.99	0.77	0.02	0.01	0.83	0.18	0.0	1	0.78	0.0	0	1565705673.7168002	50.07	46.05	44.7	56.26	52.52	41.75	25.0		1136			1084						67			83				
									1	0	0	1	0.83	0.18	0.02	0.98	0.77	0.02	0.01	0.83	0.18	0.0	1	0.78	0.0	0	1565705673.8231773	50.21	46.41	44.52	56.77	52.59	41.71	25.0					1084									83				
									1	0	0	1	0.83	0.19	0.02	0.99	0.77	0.02	0.01	0.83	0.18	0.0	1	0.78	0.0	0	1565705673.930039	50.11	46.5	44.42	56.38	52.57	41.63	25.0					1084									83				
		-50.2	50.2					346.0	1	0	0	1	0.83	0.19	0.02	0.99	0.77	0.02	0.01	0.83	0.18	0.0	1	0.78	0.0	0	1565705674.0390406	50.17	45.88	44.41	56.47	52.61	41.47	25.0		1137			1084						67			83				
		-50.2	50.2					346.0	1	0	0	1	0.83	0.18	0.02	0.99	0.77	0.02	0.01	0.83	0.18	0.0	1	0.78	0.0	0	1565705674.1460807	50.02	46.62	44.27	56.46	52.52	41.51	25.0		1137			1084						67			83				
		-50.0	50.0					346.1	1	0	0	1	0.83	0.19	0.02	0.99	0.77	0.02	0.01	0.83	0.18	0.0	1	0.78	0.0	0	1565705674.25293	50.17	46.05	44.13	56.29	52.41	41.38	25.0		1137			1084						67			83				
		-50.0	50.0					346.1	1	0	0	1	0.83	0.18	0.02	0.99	0.77	0.02	0.01	0.83	0.18	0.0	1	0.78	0.0	0	1565705674.3601286	50.05	46.21	44.17	56.64	52.48	41.25	25.0		1137			1084						67			83				
		-49.7	49.7					346.2	1	0	0	1	0.83	0.18	0.02	1.0	0.77	0.02	0.01	0.83	0.18	0.0	1	0.78	0.0	0	1565705674.4726102	50.14	46.48	44.05	56.26	52.51	41.15	25.0		1137			1084						67			83				
									1	0	0	1	0.83	0.19	0.02	0.99	0.77	0.01	0.01	0.83	0.18	0.0	1	0.78	0.0	0	1565705674.5814748	50.05	45.91	43.91	56.35	52.56	41.32	25.0																		
									1	0	0	1	0.83	0.18	0.02	0.99	0.78	0.01	0.01	0.83	0.18	0.0	1	0.78	0.0	0	1565705674.6879177	50.03	46.47	43.79	56.61	52.42	41.22	25.0																		
									1	0	0	1	0.83	0.19	0.02	0.99	0.77	0.01	0.01	0.83	0.18	0.0	1	0.78	0.0	0	1565705674.797036	50.1	46.06	43.66	56.47	52.58	41.18	25.0																		
									1	0	0	1	0.83	0.18	0.02	1.0	0.78	0.01	0.01	0.83	0.18	0.0	1	0.78	0.0	0	1565705674.905192	50.05	46.21	43.74	56.3	52.5	41.05	25.0																		
		-50.3	50.3					346.9	1	0	0	1	0.83	0.18	0.01	0.99	0.78	0.01	0.01	0.83	0.18	0.0	1	0.78	0.0	0	1565705675.012895	50.05	46.55	43.61	56.53	52.52	40.94	25.0		1137			1084						68			83				
		-50.3	50.3					346.9	1	0	0	1	0.83	0.19	0.01	1.0	0.78	0.01	0.01	0.83	0.18	0.0	1	0.78	0.0	0	1565705675.119917	50.08	45.85	43.51	56.37	52.54	40.85	25.0		1137			1084						68			83				
		-50.7	50.7					346.8	1	0	0	1	0.83	0.18	0.01	1.0	0.78	0.01	0.01	0.83	0.18	0.0	1	0.78	0.0	0	1565705675.2302287	49.97	46.54	43.39	56.4	52.54	40.84	25.0		1137			1084						67			83				
		-50.7	50.7					346.8	1	0	0	1	0.83	0.19	0.01	0.99	0.78	0.01	0.01	0.83	0.18	0.0	1	0.78	0.0	0	1565705675.336779	50.09	46.0	43.27	56.56	52.47	40.77	25.0		1137			1084						67			83				
