aIMG0	aIMG1	aIMG2	aIMG3	aIMG4	aIMG5	aIMG6	aIMG7	eps	f0	f1	f2	f3	p0	p1	p2	p3	p4	p5	p6	p7	r0	r1	r2	r3	r4	r5	r6	r7	time	u0	u1	u2	u3	u4	u5	u6	u7	x0	x1	x2	x3	x4	x5	x6	x7	y0	y1	y2	y3	y4	y5	y6	y7
-1.8	90.5								0	1	1	0	0.01	0.67	1.1	0.01	0.01	0.68	0.01	0.01	0.0	0.67	1.1	0.0	0.0	0.68	0.0	0.0	1553183875.756085	25.0	50.02	57.94	25.0	25.0	51.03	25.0	25.0	299	260	248			206			172	208	265			268		
-1.8	90.5								0	1	1	0	0.01	0.67	1.1	0.01	0.01	0.68	0.01	0.01	0.0	0.67	1.1	0.0	0.0	0.68	0.0	0.0	1553183875.7876382	25.0	50.14	58.21	25.0	25.0	51.0	25.0	25.0	299	260	248			206			172	208	265			268		
-1.8	90.5								0	1	1	0	0.01	0.67	1.1	0.01	0.01	0.68	0.01	0.01	0.0	0.67	1.1	0.0	0.0	0.68	0.0	0.0	1553183875.8202565	25.0	50.01	58.18	25.0	25.0	51.02	25.0	25.0	299	260	248			206			172	208	265			268		
-2.3	90.4								0	1	1	0	0.01	0.67	1.1	0.01	0.01	0.68	0.01	0.01	0.0	0.67	1.1	0.0	0.0	0.68	0.0	0.0	1553183875.8523617	25.0	50.17	57.82	25.0	25.0	51.03	25.0	25.0	299	260	248			206			172	208	265			268		
-2.3	90.4								0	1	1	0	0.01	0.67	1.1	0.01	0.01	0.68	0.01	0.01	0.0	0.67	1.1	0.0	0.0	0.68	0.0	0.0	1553183875.8921778	25.0	50.19	57.74	25.0	25.0	51.13	25.0	25.0	299	260	248			206			172	208	265			268		
-2.2	90.4								0	1	1	0	0.01	0.67	1.1	0.01	0.01	0.68	0.01	0.01	0.0	0.67	1.1	0.0	0.0	0.68	0.0	0.0	1553183875.928773	25.0	50.2	58.38	25.0	25.0	51.03	25.0	25.0	299	260	248			206			172	208	265			268		
-2.5	91.3								0	1	1	0	0.01	0.67	1.1	0.01	0.01	0.68	0.01	0.01	0.0	0.67	1.1	0.0	0.0	0.68	0.0	0.0	1553183875.9532316	25.0	50.2	58.35	25.0	25.0	51.02	25.0	25.0	299	260	248			206			172	208	265			268		
-2.2	90.6								0	1	1	0	0.01	0.67	1.1	0.01	0.01	0.68	0.01	0.01	0.0	0.67	1.1	0.0	0.0	0.68	0.0	0.0	1553183875.9844148	25.0	50.2	58.02	25.0	25.0	51.01	25.0	25.0	299	260	248			206			172	208	265			268		
-2.2	90.6								0	1	1	0	0.01	0.67	1.1	0.01	0.01	0.68	0.01	0.01	0.0	0.67	1.1	0.0	0.0	0.68	0.0	0.0	1553183876.0189042	25.0	50.2	57.94	25.0	25.0	51.04	25.0	25.0	299	260	248			206			172	208	265			268		
-2.2	90.6								0	1	1	0	0.01	0.67	1.1	0.01	0.01	0.68	0.01	0.01	0.0	0.67	1.1	0.0	0.0	0.68	0.0	0.0	1553183876.0579777	25.0	50.21	57.93	25.0	25.0	51.15	25.0	25.0	299	260	248			206			172	208	265			268		
-2.2	90.6								0	1	1	0	0.01	0.67	1.1	0.01	0.01	0.68	0.01	0.01	0.0	0.67	1.1	0.0	0.0	0.68	0.0	0.0	1553183876.0896003	25.0	50.21	58.3	25.0	25.0	51.06	25.0	25.0	299	260	248			206			172	208	265			268		
-2.2	90.6								0	1	1	0	0.01	0.67	1.1	0.01	0.01	0.68	0.01	0.01	0.0	0.67	1.1	0.0	0.0	0.68	0.0	0.0	1553183876.1206331	25.0	50.21	58.33	25.0	25.0	51.05	25.0	25.0	299	260	248			206			172	208	265			268		
-2.2	90.6								0	1	1	0	0.01	0.67	1.1	0.01	0.01	0.68	0.01	0.01	0.0	0.67	1.1	0.0	0.0	0.68	0.0	0.0	1553183876.1538947	25.0	50.21	58.02	25.0	25.0	51.19	25.0	25.0	299	260	248			206			172	208	265			268		
-2.5	91.2								0	1	1	0	0.01	0.67	1.1	0.01	0.01	0.68	0.01	0.01	0.0	0.67	1.1	0.0	0.0	0.68	0.0	0.0	1553183876.1848462	25.0	50.06	57.95	25.0	25.0	51.21	25.0	25.0	299	260	248			206			172	208	265			268		
-2.5	91.2								0	1	1	0	0.01	0.67	1.1	0.01	0.01	0.68	0.01	0.01	0.0	0.67	1.1	0.0	0.0	0.68	0.0	0.0	1553183876.2148874	25.0	50.02	57.8	25.0	25.0	51.21	25.0	25.0	299	260	248			206			172	208	265			268		
-2.9	91.0								0	1	1	0	0.01	0.67	1.1	0.01	0.01	0.68	0.01	0.01	0.0	0.67	1.1	0.0	0.0	0.68	0.0	0.0	1553183876.2465284	25.0	50.01	58.1	25.0	25.0	51.22	25.0	25.0	299	260	248			206			172	208	265			268		
-2.4	90.8								0	1	1	0	0.01	0.67	1.1	0.01	0.01	0.68	0.01	0.01	0.0	0.67	1.1	0.0	0.0	0.68	0.0	0.0	1553183876.2778747	25.0	50.01	58.26	25.0	25.0	51.22	25.0	25.0	299	260	248			206			172	208	265			268		
-2.4	90.8								0	1	1	0	0.01	0.67	1.1	0.01	0.01	0.68	0.01	0.01	0.0	0.67	1.1	0.0	0.0	0.68	0.0	0.0	1553183876.3081427	25.0	50.19	58.0	25.0	25.0	51.23	25.0	25.0	299	260	248			206			172	208	265			268		
-2.5	91.2								0	1	1	0	0.01	0.67	1.1	0.01	0.01	0.68	0.01	0.01	0.0	0.67	1.1	0.0	0.0	0.68	0.0	0.0	1553183876.339323	25.0	50.2	57.94	25.0	25.0	51.23	25.0	25.0	299	260	248			206			172	208	265			268		
-2.5	91.2								0	1	1	0	0.01	0.67	1.1	0.01	0.01	0.68	0.01	0.01	0.0	0.67	1.1	0.0	0.0	0.68	0.0	0.0	1553183876.373812	25.0	50.21	57.93	25.0	25.0	51.23	25.0	25.0	299	260	248			206			172	208	265			268		
-2.4	90.6								0	1	1	0	0.01	0.67	1.1	0.01	0.01	0.68	0.01	0.01	0.0	0.67	1.1	0.0	0.0	0.68	0.0	0.0	1553183876.4034436	25.0	50.21	58.37	25.0	25.0	51.24	25.0	25.0	299	260	248			206			172	208	265			268		
-2.6	91.1								0	1	1	0	0.01	0.67	1.1	0.01	0.01	0.68	0.01	0.01	0.0	0.67	1.1	0.0	0.0	0.68	0.0	0.0	1553183876.4344294	25.0	50.21	58.45	25.0	25.0	51.24	25.0	25.0	299	260	248			206			172	208	265			268		
-2.6	91.1								0	1	1	0	0.01	0.67	1.1	0.01	0.01	0.68	0.01	0.01	0.0	0.67	1.1	0.0	0.0	0.68	0.0	0.0	1553183876.468251	25.0	50.21	58.03	25.0	25.0	51.25	25.0	25.0	299	260	248			206			172	208	265			268		
-2.6	91.1								0	1	1	0	0.01	0.67	1.1	0.01	0.01	0.68	0.01	0.01	0.0	0.67	1.1	0.0	0.0	0.68	0.0	0.0	1553183876.4994316	25.0	50.22	57.96	25.0	25.0	51.25	25.0	25.0	299	260	248			206			172	208	265			268		
-2.6	91.1								0	1	1	0	0.01	0.67	1.1	0.01	0.01	0.68	0.01	0.01	0.0	0.67	1.1	0.0	0.0	0.68	0.0	0.0	1553183876.5305758	25.0	50.22	57.95	25.0	25.0	51.26	25.0	25.0	299	260	248			206			172	208	265			268		
-2.6	90.8								0	1	1	0	0.01	0.67	1.1	0.01	0.01	0.68	0.01	0.01	0.0	0.67	1.1	0.0	0.0	0.68	0.0	0.0	1553183876.5623653	25.0	50.22	58.29	25.0	25.0	51.4	25.0	25.0	299	260	248			206			172	208	265			268		
-2.6	90.8								0	1	1	0	0.01	0.67	1.1	0.01	0.01	0.68	0.01	0.01	0.0	0.67	1.1	0.0	0.0	0.68	0.0	0.0	1553183876.5948763	25.0	50.08	58.32	25.0	25.0	51.3	25.0	25.0	299	260	248			206			172	208	265			268		
-2.6	90.8								0	1	1	0	0.01	0.67	1.1	0.01	0.01	0.68	0.01	0.01	0.0	0.67	1.1	0.0	0.0	0.68	0.0	0.0	1553183876.6230412	25.0	50.04	57.99	25.0	25.0	51.27	25.0	25.0	299	260	248			206			172	208	265			268		
-2.6	90.8								0	1	1	0	0.01	0.67	1.1	0.01	0.01	0.68	0.01	0.01	0.0	0.67	1.1	0.0	0.0	0.68	0.0	0.0	1553183876.6545277	25.0	50.06	57.96	25.0	25.0	51.32	25.0	25.0	299	260	248			206			172	208	265			268		
-2.8	91.3								0	1	1	0	0.01	0.67	1.1	0.01	0.01	0.68	0.01	0.01	0.0	0.67	1.1	0.0	0.0	0.68	0.0	0.0	1553183876.6856637	25.0	50.02	57.95	25.0	25.0	51.29	25.0	25.0	299	260	248			206			172	208	265			268		
-2.8	91.3								0	1	1	0	0.01	0.67	1.1	0.01	0.01	0.68	0.01	0.01	0.0	0.67	1.1	0.0	0.0	0.68	0.0	0.0	1553183876.7181172	25.0	50.02	58.3	25.0	25.0	51.29	25.0	25.0	299	260	248			206			172	208	265			268		
-2.8	91.3								0	1	1	0	0.01	0.67	1.1	0.01	0.01	0.68	0.01	0.01	0.0	0.67	1.1	0.0	0.0	0.68	0.0	0.0	1553183876.7480586	25.0	50.19	58.34	25.0	25.0	51.29	25.0	25.0	299	260	248			206			172	208	265			268		
-3.3	90.7								0	1	1	0	0.01	0.67	1.1	0.01	0.01	0.68	0.01	0.01	0.0	0.67	1.1	0.0	0.0	0.68	0.0	0.0	1553183876.7809367	25.0	50.21	58.0	25.0	25.0	51.3	25.0	25.0	299	260	248			206			172	208	265			268		
-3.0	90.5								1	1	1	1	0.01	0.67	1.1	0.01	0.01	0.68	0.01	0.01	0.0	0.67	1.1	0.0	0.0	0.68	0.0	0.0	1553183876.8099122	25.0	50.21	57.97	25.0	25.0	51.44	25.0	25.0	299	260	248			206			172	208	265			268		
-3.0	90.5								1	1	1	1	0.01	0.67	1.1	0.01	0.01	0.68	0.01	0.01	0.0	0.67	1.1	0.0	0.0	0.68	0.0	0.0	1553183876.8421319	25.0	50.33	58.09	25.0	25.0	51.35	25.0	25.0	299	260	248			206			172	208	265			268		
-3.3	90.8								1	1	1	1	0.01	0.67	1.1	0.01	0.01	0.68	0.01	0.01	0.0	0.67	1.1	0.0	0.0	0.68	0.0	0.0	1553183876.8736908	25.0	50.23	58.32	25.0	25.0	51.5	25.0	25.0	299	260	248			206			173	208	265			268		
-2.2	90.8								1	0	0	1	0.01	0.67	1.1	0.01	0.01	0.68	0.01	0.01	0.0	0.67	1.1	0.0	0.0	0.68	0.0	0.0	1553183876.9166017	25.0	50.23	58.08	25.0	25.0	51.33	25.0	25.0	299	260	248			206			173	208	265			268		
-2.2	90.8								1	0	0	1	0.01	0.67	1.1	0.01	0.01	0.68	0.01	0.01	0.0	0.67	1.1	0.0	0.0	0.68	0.0	0.0	1553183876.941372	25.0	50.23	57.8	25.0	25.0	51.33	25.0	25.0	299	260	248			206			173	208	265			268		
-2.9	91.3								1	0	0	1	0.01	0.67	1.1	0.01	0.01	0.68	0.01	0.01	0.0	0.67	1.1	0.0	0.0	0.68	0.0	0.0	1553183876.972541	25.0	50.19	57.77	25.0	25.0	51.47	25.0	25.0	299	260	248			206			173	208	265			268		
-2.9	91.3								1	0	0	1	0.01	0.67	1.1	0.01	0.01	0.68	0.01	0.01	0.0	0.67	1.1	0.0	0.0	0.68	0.0	0.0	1553183877.0034068	25.0	50.21	58.31	25.0	25.0	51.35	25.0	25.0	299	260	248			206			173	208	265			268		
-2.9	91.3								1	0	0	1	0.01	0.67	1.1	0.01	0.01	0.68	0.01	0.01	0.67	0.0	0.0	1.1	0.66	0.0	0.0	0.0	1553183877.0362642	63.79	25.0	25.0	75.0	63.2	25.0	25.0	25.0	299	260	248			206			173	208	265			268		
-2.6	90.9								1	0	0	1	0.01	0.58	1.03	0.01	0.01	0.65	0.01	0.01	0.67	0.0	0.0	1.1	0.66	0.0	0.0	0.0	1553183877.0680723	75.0	25.0	25.0	75.0	75.0	25.0	25.0	25.0	300	260	248			206			173	209	265			268		
-2.5	91.9								1	0	0	1	0.03	0.08	0.9	0.01	0.03	0.29	0.01	0.01	0.67	0.0	0.0	1.1	0.66	0.0	0.0	0.0	1553183877.1046443	75.0	31.04	25.0	75.0	75.0	25.75	25.0	25.0	299	260	248			206			174	209	266			268		
-3.9	92.6								1	0	0	1	0.09	0.04	0.32	0.04	0.09	0.06	0.01	0.01	0.67	0.0	0.0	1.1	0.66	0.0	0.0	0.0	1553183877.1339693	75.0	42.58	28.85	75.0	75.0	40.63	25.0	25.0	300	260	248			206			175	210	267			268		
-3.9	92.6								1	0	0	1	0.28	0.03	0.05	0.12	0.18	0.04	0.01	0.01	0.67	0.0	0.0	1.1	0.66	0.0	0.0	0.0	1553183877.165646	70.54	44.81	47.11	75.0	73.54	44.57	25.0	25.0	300	260	248			206			175	210	267			268		
-3.8	92.7								1	0	0	1	0.67	0.03	0.07	0.2	0.28	0.04	0.01	0.01	0.67	0.0	0.0	1.1	0.66	0.0	0.0	0.0	1553183877.1954021	39.98	44.95	48.15	75.0	66.8	44.82	25.0	25.0	300	260	249			206			176	211	268			269		
-2.9									1	0	0	1	0.72	0.03	0.1	0.82	0.62	0.04	0.01	0.01	0.67	0.0	0.0	1.1	0.66	0.0	0.0	0.0	1553183877.229936	25.0	44.7	46.58	75.0	49.2	44.54	25.0	25.0	301	261				206			177	212				269		
-2.9									1	0	0	1	0.53	0.03	0.12	1.15	0.53	0.04	0.01	0.01	0.67	0.0	0.0	1.1	0.66	0.0	0.0	0.0	1553183877.2591162	36.18	44.59	44.54	43.53	41.63	44.4	25.0	25.0	301	261				206			177	212				269		
-2.9									1	0	0	1	0.38	0.03	0.12	0.96	0.45	0.05	0.01	0.01	0.67	0.0	0.0	1.1	0.66	0.0	0.0	0.0	1553183877.2911472	49.63	44.5	43.36	36.98	48.25	43.99	25.0	25.0	301	261				206			177	212				269		
-2.9									1	0	0	1	0.38	0.03	0.12	0.77	0.43	0.05	0.01	0.01	0.67	0.0	0.0	1.1	0.66	0.0	0.0	0.0	1553183877.3202803	59.42	44.52	43.04	60.76	54.23	43.57	25.0	25.0	301	261				206			177	212				269		
0.2	50.3								1	0	0	1	0.43	0.03	0.1	0.72	0.44	0.05	0.01	0.01	0.67	0.0	0.0	1.1	0.66	0.0	0.0	0.0	1553183877.3543222	57.45	44.47	44.02	67.47	54.97	43.43	25.0	25.0	302	264	238			211			177	215	269			268		
0.2	50.3								1	0	0	1	0.47	0.03	0.09	0.83	0.46	0.05	0.01	0.01	0.67	0.0	0.0	1.1	0.66	0.0	0.0	0.0	1553183877.384319	54.52	44.39	44.28	66.42	54.2	43.33	25.0	25.0	302	264	238			211			177	215	269			268		
5.2	37.8								1	0	0	1	0.51	0.03	0.09	1.0	0.48	0.05	0.01	0.01	0.67	0.0	0.0	1.1	0.66	0.0	0.0	0.0	1553183877.4153938	51.42	44.38	44.03	50.28	52.87	43.46	25.0	25.0	302	265	238			210			177	217	269			269		
5.2	37.8								1	0	0	1	0.53	0.03	0.09	0.93	0.5	0.04	0.01	0.01	0.67	0.0	0.0	1.1	0.66	0.0	0.0	0.0	1553183877.4535625	49.51	44.27	44.27	52.4	52.23	43.43	25.0	25.0	302	265	238			210			177	217	269			269		
5.2	37.8								1	0	0	1	0.54	0.03	0.08	0.86	0.51	0.04	0.01	0.01	0.67	0.0	0.0	1.1	0.66	0.0	0.0	0.0	1553183877.4808698	48.63	44.37	44.41	59.44	51.47	43.31	25.0	25.0	302	265	238			210			177	217	269			269		
5.2	37.8								1	0	0	1	0.55	0.03	0.08	0.85	0.52	0.04	0.01	0.01	0.67	0.0	0.0	1.1	0.66	0.0	0.0	0.0	1553183877.5121894	48.1	44.31	44.54	61.45	51.08	43.37	25.0	25.0	302	265	238			210			177	217	269			269		
5.2	37.8								1	0	0	1	0.56	0.03	0.07	0.88	0.53	0.04	0.01	0.01	0.67	0.0	0.0	1.1	0.66	0.0	0.0	0.0	1553183877.5435717	47.72	44.34	44.58	60.65	50.89	43.34	25.0	25.0	302	265	238			210			177	217	269			269		
16.4	23.0								1	0	0	1	0.57	0.03	0.07	0.93	0.54	0.04	0.01	0.01	0.67	0.0	0.0	1.1	0.66	0.0	0.0	0.0	1553183877.5812821	47.57	44.34	44.79	59.4	50.63	43.29	25.0	25.0	302	266	238			211			177	219	271			270		
16.4	23.0								1	0	0	1	0.57	0.03	0.06	0.95	0.54	0.04	0.01	0.01	0.67	0.0	0.0	1.1	0.66	0.0	0.0	0.0	1553183877.6024945	47.3	44.26	44.96	55.52	50.36	43.33	25.0	25.0	302	266	238			211			177	219	271			270		
16.4	23.0								1	0	0	1	0.57	0.03	0.05	0.92	0.55	0.04	0.01	0.01	0.67	0.0	0.0	1.1	0.66	0.0	0.0	0.0	1553183877.6361248	47.32	44.21	45.29	56.47	50.38	43.32	25.0	25.0	302	266	238			211			177	219	271			270		
16.4	23.0								1	0	0	1	0.58	0.02	0.05	0.9	0.55	0.04	0.01	0.01	0.67	0.0	0.0	1.1	0.66	0.0	0.0	0.0	1553183877.673435	47.56	44.11	45.34	60.58	50.38	43.21	25.0	25.0	302	266	238			211			177	219	271			270		
33.0	4.2								1	0	0	1	0.58	0.02	0.05	0.92	0.57	0.04	0.01	0.01	0.67	0.0	0.0	1.1	0.66	0.0	0.0	0.0	1553183877.6995115	47.53	44.14	45.46	60.04	49.61	43.11	25.0	25.0	302	266	240						177	220	273					
44.6									1	0	0	1	0.59	0.02	0.05	0.99	0.58	0.04	0.01	0.01	0.67	0.0	0.0	1.1	0.66	0.0	0.0	0.0	1553183877.7320411	47.46	44.09	45.39	56.14	49.18	43.02	25.0	25.0	302	267							177	221						
44.6									1	0	0	1	0.59	0.02	0.05	0.98	0.58	0.04	0.01	0.01	0.67	0.0	0.0	1.1	0.66	0.0	0.0	0.0	1553183877.7625296	47.16	43.99	45.38	55.23	49.09	42.87	25.0	25.0	302	267							177	221						
48.7									1	0	0	1	0.59	0.02	0.05	0.94	0.58	0.03	0.01	0.01	0.67	0.0	0.0	1.1	0.66	0.0	0.0	0.0	1553183877.7926207	47.04	43.93	45.44	58.28	49.25	42.95	25.0	25.0	301	266							177	222						
50.8	6.6								1	0	0	1	0.6	0.02	0.05	0.93	0.59	0.03	0.01	0.01	0.67	0.0	0.0	1.1	0.66	0.0	0.0	0.0	1553183877.8238494	47.01	44.22	45.37	59.98	48.99	42.74	25.0	25.0	303	268	259						177	221	279					
50.8	6.6								1	0	0	1	0.6	0.02	0.04	0.96	0.59	0.03	0.01	0.01	0.67	0.0	0.0	1.1	0.66	0.0	0.0	0.0	1553183877.8545778	47.16	44.18	45.33	58.71	49.24	42.73	25.0	25.0	303	268	259						177	221	279					
50.8	6.6								1	0	0	1	0.6	0.02	0.04	1.0	0.59	0.03	0.01	0.01	0.67	0.0	0.0	1.1	0.66	0.0	0.0	0.0	1553183877.8946745	47.17	44.13	45.35	56.88	49.01	42.65	25.0	25.0	303	268	259						177	221	279					
52.9	5.1								1	1	1	1	0.61	0.02	0.04	0.99	0.59	0.03	0.01	0.01	0.67	0.0	0.0	1.1	0.66	0.0	0.0	0.0	1553183877.917223	47.19	44.08	45.39	55.97	48.98	42.79	25.0	25.0	301	266	258	211					178	222	279	139				
52.9	5.1								1	1	1	1	0.61	0.02	0.04	0.98	0.6	0.03	0.01	0.01	0.67	0.0	0.0	1.1	0.66	0.0	0.0	0.0	1553183877.9496846	47.2	44.03	45.33	57.32	48.92	42.78	25.0	25.0	301	266	258	211					178	222	279	139				
52.9	5.1								1	1	1	1	0.61	0.02	0.04	0.97	0.6	0.03	0.01	0.01	0.67	0.0	0.0	1.1	0.66	0.0	0.0	0.0	1553183877.978533	47.31	43.95	45.18	58.76	48.76	42.67	25.0	25.0	301	266	258	211					178	222	279	139				
57.4	14.1								0	1	1	0	0.61	0.02	0.04	0.98	0.61	0.03	0.01	0.01	0.67	0.0	0.0	1.1	0.66	0.0	0.0	0.0	1553183878.010946	47.34	43.9	45.25	58.59	48.66	42.59	25.0	25.0	302	267	269	219					177	222	280	140				
59.8	9.6								0	1	1	0	0.61	0.02	0.03	1.01	0.61	0.03	0.01	0.01	0.67	0.0	0.0	1.1	0.66	0.0	0.0	0.0	1553183878.0462377	47.26	43.92	45.63	56.74	48.79	42.65	25.0	25.0	302	269	270						177	223	281					
59.8	9.6								0	1	1	0	0.62	0.02	0.03	1.02	0.61	0.03	0.01	0.01	0.67	0.0	0.0	1.1	0.66	0.0	0.0	0.0	1553183878.0746639	47.1	43.9	45.42	56.21	48.84	42.59	25.0	25.0	302	269	270						177	223	281					
61.3	6.0								0	1	1	0	0.61	0.02	0.03	1.0	0.61	0.03	0.01	0.01	0.0	0.67	1.1	0.0	0.0	0.68	0.0	0.0	1553183878.1190083	47.95	43.84	45.11	58.18	49.08	42.48	25.0	25.0	302	269	271						177	223	281					
61.3	6.0								0	1	1	0	0.58	0.02	0.03	0.99	0.61	0.03	0.01	0.01	0.0	0.67	1.1	0.0	0.0	0.68	0.0	0.0	1553183878.144738	25.0	75.0	75.0	25.0	25.0	75.0	25.0	25.0	302	269	271						177	223	281					
61.3	6.0								0	1	1	0	0.27	0.1	0.17	0.91	0.59	0.13	0.01	0.01	0.0	0.67	1.1	0.0	0.0	0.68	0.0	0.0	1553183878.1758788	25.0	75.0	75.0	25.0	25.0	75.0	25.0	25.0	302	269	271						177	223	281					
64.9	4.9								0	1	1	0	0.05	0.25	0.26	0.72	0.43	0.27	0.01	0.01	0.0	0.67	1.1	0.0	0.0	0.68	0.0	0.0	1553183878.2071965	35.74	75.0	75.0	25.0	25.0	75.0	25.0	25.0	302	269	270	233					178	224	281	145				
									0	1	1	0	0.03	0.82	0.45	0.2	0.1	0.81	0.01	0.01	0.0	0.67	1.1	0.0	0.0	0.68	0.0	0.0	1553183878.2408018	38.45	44.36	75.0	29.53	32.01	46.12	25.0	25.0			270	233							281	150				
									0	1	1	0	0.02	0.95	1.1	0.04	0.04	0.79	0.01	0.01	0.0	0.67	1.1	0.0	0.0	0.68	0.0	0.0	1553183878.276581	39.22	25.32	54.62	43.2	38.75	36.7	25.0	25.0			270	233							281	150				
									0	1	1	0	0.02	0.64	1.13	0.04	0.04	0.55	0.01	0.01	0.0	0.67	1.1	0.0	0.0	0.68	0.0	0.0	1553183878.3104246	39.23	40.54	48.04	43.44	38.99	52.47	25.0	25.0			270	232							282	153				
	-0.3	-79.8	79.8	74.2				346.4	0	1	1	0	0.02	0.52	0.94	0.04	0.04	0.51	0.01	0.01	0.0	0.67	1.1	0.0	0.0	0.68	0.0	0.0	1553183878.3437476	39.17	53.61	55.15	43.27	38.91	59.62	25.0	25.0		256	271	230	199					226	281	154	209			
	2.5								0	1	1	0	0.02	0.48	0.79	0.04	0.03	0.54	0.01	0.01	0.0	0.67	1.1	0.0	0.0	0.68	0.0	0.0	1553183878.3710644	39.35	62.62	75.0	42.91	39.07	60.31	25.0	25.0		255	270	229						226	281	154				
	2.5								0	1	1	0	0.02	0.51	1.16	0.04	0.03	0.6	0.01	0.01	0.0	0.67	1.1	0.0	0.0	0.68	0.0	0.0	1553183878.404728	39.34	62.52	60.64	42.78	39.32	57.23	25.0	25.0		255	270	229						226	281	154				
	16.7	-45.4	45.4		56.0			346.0	0	1	1	0	0.02	0.58	1.1	0.04	0.03	0.64	0.01	0.01	0.0	0.67	1.1	0.0	0.0	0.68	0.0	0.0	1553183878.4367957	39.39	59.03	47.1	42.92	39.28	52.6	25.0	25.0		255	271		192	124				225	282		207	217		
	23.8	-30.9	30.9					345.3	0	1	1	0	0.02	0.69	0.86	0.03	0.03	0.67	0.01	0.01	0.0	0.67	1.1	0.0	0.0	0.68	0.0	0.0	1553183878.4757357	39.35	52.14	63.2	43.15	39.2	49.81	25.0	25.0		256	271		192					224	281		206			
	27.9	-18.7	18.7					344.6	0	1	1	0	0.02	0.7	0.96	0.03	0.03	0.65	0.01	0.01	0.0	0.67	1.1	0.0	0.0	0.68	0.0	0.0	1553183878.5129986	39.47	45.56	72.24	43.37	39.09	50.88	25.0	25.0		257	271		192					224	281		204			
	27.9	-18.7	18.7					344.6	0	1	1	0	0.02	0.67	1.2	0.03	0.03	0.65	0.01	0.01	0.0	0.67	1.1	0.0	0.0	0.68	0.0	0.0	1553183878.5415158	39.42	48.84	48.85	43.61	39.1	51.48	25.0	25.0		257	271		192					224	281		204			
17.3	34.9								0	1	1	0	0.01	0.65	1.08	0.02	0.02	0.65	0.01	0.01	0.0	0.67	1.1	0.0	0.0	0.68	0.0	0.0	1553183878.5727444	39.47	50.47	53.24	43.75	39.17	51.76	25.0	25.0	279	261	271						171	223	281					
15.0									0	1	1	0	0.01	0.64	0.94	0.02	0.02	0.65	0.01	0.01	0.0	0.67	1.1	0.0	0.0	0.68	0.0	0.0	1553183878.6059797	39.46	51.15	65.13	43.83	39.19	51.86	25.0	25.0	278	261							170	223						
	38.0	37.2	-37.2	20.8	72.4			359.5	0	1	1	0	0.01	0.64	0.99	0.02	0.02	0.65	0.01	0.01	0.0	0.67	1.1	0.0	0.0	0.68	0.0	0.0	1553183878.6336732	39.33	51.32	67.23	43.95	39.1	51.67	25.0	25.0		260	271	157	193	169				223	281	175	225	286		
0.5	40.2	41.7	-41.7	17.4				358.7	0	1	1	0	0.01	0.64	1.15	0.02	0.02	0.65	0.01	0.01	0.0	0.67	1.1	0.0	0.0	0.68	0.0	0.0	1553183878.6706471	39.36	51.35	52.62	44.11	39.14	51.72	25.0	25.0	272	260	271	157	194				170	223	281	175	223			
0.5	40.2	41.7	-41.7	17.4				358.7	0	1	1	0	0.01	0.65	1.05	0.02	0.02	0.66	0.01	0.01	0.0	0.67	1.1	0.0	0.0	0.68	0.0	0.0	1553183878.7046614	39.33	51.39	54.47	44.08	38.95	51.49	25.0	25.0	272	260	271	157	194				170	223	281	175	223			
0.5	40.2	41.7	-41.7	17.4				358.7	0	1	1	0	0.01	0.65	0.98	0.02	0.02	0.66	0.01	0.01	0.0	0.67	1.1	0.0	0.0	0.68	0.0	0.0	1553183878.7374103	39.27	51.16	63.21	44.02	38.8	51.36	25.0	25.0	272	260	271	157	194				170	223	281	175	223			
	46.8	51.5	-51.5	16.1	84.5			356.0	0	1	1	0	0.01	0.65	1.05	0.02	0.02	0.66	0.01	0.01	0.0	0.67	1.1	0.0	0.0	0.68	0.0	0.0	1553183878.77282	39.21	50.89	60.23	43.99	38.87	51.12	25.0	25.0		262	271	157	197	174				223	281	175	221	282		
2.9	52.6	61.0	-61.0	14.0				353.0	0	1	1	0	0.01	0.66	1.12	0.01	0.02	0.66	0.01	0.01	0.0	0.67	1.1	0.0	0.0	0.68	0.0	0.0	1553183878.800887	39.17	50.64	54.82	44.09	38.86	51.32	25.0	25.0	289	264	271	157	200				174	222	281	175	218			
1.2	55.3	63.5	-63.5	13.3	83.5			352.2	0	1	1	0	0.01	0.66	1.08	0.01	0.02	0.66	0.01	0.01	0.0	0.67	1.1	0.0	0.0	0.68	0.0	0.0	1553183878.829679	39.28	50.62	56.18	44.07	38.98	51.38	25.0	25.0	290	264	271	157	201	183			175	223	281	175	217	280		
1.8	55.0	63.9	-63.9	13.2	81.8			352.0	0	1	1	0	0.01	0.66	1.02	0.01	0.02	0.66	0.01	0.01	0.0	0.67	1.1	0.0	0.0	0.68	0.0	0.0	1553183878.8731349	39.06	50.49	61.73	43.99	38.76	51.29	25.0	25.0	290	264	271	157	201	185			175	223	281	175	217	281		
1.9	55.6	64.2	-64.2	12.9	82.7			351.8	0	1	1	0	0.01	0.66	1.09	0.01	0.02	0.66	0.01	0.01	0.0	0.67	1.1	0.0	0.0	0.68	0.0	0.0	1553183878.91664	39.16	50.52	58.59	43.95	38.65	51.33	25.0	25.0	291	264	271	157	201	185			176	223	281	175	217	281		
1.9	55.6	64.2	-64.2	12.9	82.7			351.8	0	1	1	0	0.01	0.66	1.1	0.01	0.02	0.66	0.01	0.01	0.0	0.67	1.1	0.0	0.0	0.68	0.0	0.0	1553183878.9475136	39.11	50.37	56.22	44.03	38.6	51.39	25.0	25.0	291	264	271	157	201	185			176	223	281	175	217	281		
1.9	55.6	64.2	-64.2	12.9	82.7			351.8	0	1	1	0	0.01	0.66	1.05	0.01	0.02	0.66	0.01	0.01	0.0	0.67	1.1	0.0	0.0	0.68	0.0	0.0	1553183878.9752293	39.13	50.39	58.72	44.05	38.64	51.43	25.0	25.0	291	264	271	157	201	185			176	223	281	175	217	281		
0.3		67.1	-67.1	13.0	83.7			350.8	1	1	1	1	0.01	0.66	1.05	0.01	0.02	0.67	0.01	0.01	0.0	0.67	1.1	0.0	0.0	0.68	0.0	0.0	1553183879.005822	39.06	50.41	60.1	44.02	38.63	51.33	25.0	25.0	292	264		157	201	185			177	223		175	216	280		
0.3		67.1	-67.1	13.0	83.7			350.8	1	1	1	1	0.01	0.66	1.08	0.01	0.02	0.67	0.01	0.01	0.0	0.67	1.1	0.0	0.0	0.68	0.0	0.0	1553183879.0388732	39.06	50.43	59.0	43.99	38.59	51.32	25.0	25.0	292	264		157	201	185			177	223		175	216	280		
0.8	60.1	67.5	-67.5	13.2	83.7			350.6	1	1	1	1	0.01	0.66	1.08	0.01	0.02	0.67	0.01	0.01	0.0	0.67	1.1	0.0	0.0	0.68	0.0	0.0	1553183879.0841386	39.0	50.48	57.55	43.73	38.48	51.39	25.0	25.0	293	264	271	157	202	186			177	223	281	175	216	279		
0.8	60.1	67.5	-67.5	13.2	83.7			350.6	1	0	0	1	0.01	0.66	1.06	0.01	0.02	0.67	0.01	0.01	0.0	0.67	1.1	0.0	0.0	0.68	0.0	0.0	1553183879.1156816	38.97	50.48	58.56	43.69	38.43	51.42	25.0	25.0	293	264	271	157	202	186			177	223	281	175	216	279		
0.8	60.1	67.5	-67.5	13.2	83.7			350.6	1	0	0	1	0.01	0.66	1.06	0.01	0.02	0.67	0.01	0.01	0.0	0.67	1.1	0.0	0.0	0.68	0.0	0.0	1553183879.1473238	38.92	50.42	59.61	43.81	38.47	51.35	25.0	25.0	293	264	271	157	202	186			177	223	281	175	216	279		
-0.6	62.3	71.4	-71.4	12.4	85.0			349.8	1	0	0	1	0.01	0.63	1.07	0.01	0.02	0.67	0.01	0.01	0.0	0.67	1.1	0.0	0.0	0.68	0.0	0.0	1553183879.1779296	38.89	51.56	58.86	43.62	38.43	51.37	25.0	25.0	294	264	271	157	202	187			178	223	281	175	216	279		
	63.5	73.5	-73.5	11.1	86.5			349.2	1	0	0	1	0.01	0.62	1.07	0.01	0.02	0.66	0.01	0.01	0.67	0.0	0.0	1.1	0.66	0.0	0.0	0.0	1553183879.214965	38.86	53.36	58.93	43.56	38.38	51.7	25.0	25.0	295	264	271	157	202	188			179	223	281	175	215	279		
	63.5	73.5	-73.5	11.1	86.5			349.2	1	0	0	1	0.03	0.6	1.0	0.04	0.03	0.67	0.01	0.01	0.67	0.0	0.0	1.1	0.66	0.0	0.0	0.0	1553183879.240593	75.0	25.0	25.0	75.0	75.0	25.0	25.0	25.0	295	264	271	157	202	188			179	223	281	175	215	279		
	63.5	73.5	-73.5	11.1	86.5			349.2	1	0	0	1	0.19	0.21	0.86	0.12	0.15	0.28	0.01	0.01	0.67	0.0	0.0	1.1	0.66	0.0	0.0	0.0	1553183879.2825754	75.0	25.0	25.0	75.0	75.0	25.0	25.0	25.0	295	264	271	157	202	188			179	223	281	175	215	279		
	63.5	73.5	-73.5	11.1	86.5			349.2	1	0	0	1	0.67	0.04	0.32	0.21	0.21	0.06	0.01	0.01	0.67	0.0	0.0	1.1	0.66	0.0	0.0	0.0	1553183879.3197918	67.55	42.73	27.34	75.0	75.0	40.79	25.0	25.0	295	264	271	157	202	188			179	223	281	175	215	279		
									1	0	0	1	1.18	0.03	0.05	0.87	0.61	0.04	0.01	0.01	0.67	0.0	0.0	1.1	0.66	0.0	0.0	0.0	1553183879.3452876	25.0	44.87	46.18	68.79	54.55	44.33	25.0	25.0				156								175				
									1	0	0	1	0.93	0.03	0.05	1.07	0.86	0.04	0.01	0.01	0.67	0.0	0.0	1.1	0.66	0.0	0.0	0.0	1553183879.3742218	25.0	44.97	48.44	53.94	31.24	44.57	25.0	25.0				156								175				
									1	0	0	1	0.68	0.03	0.07	1.11	0.61	0.04	0.01	0.01	0.67	0.0	0.0	1.1	0.66	0.0	0.0	0.0	1553183879.4077065	38.74	44.75	46.72	48.05	46.19	43.99	25.0	25.0				156								175				
									1	0	0	1	0.51	0.03	0.09	0.97	0.52	0.05	0.01	0.01	0.67	0.0	0.0	1.1	0.66	0.0	0.0	0.0	1553183879.4398031	46.76	44.68	45.95	51.75	51.28	43.79	25.0	25.0				156								175				
7.1		93.4	-93.4	-3.4				347.5	1	0	0	1	0.48	0.03	0.1	0.84	0.49	0.05	0.01	0.01	0.67	0.0	0.0	1.1	0.66	0.0	0.0	0.0	1553183879.4797485	59.91	44.31	43.49	70.8	58.29	43.43	25.0	25.0	298	255		155	196				190	223		175	216			
7.1		93.4	-93.4	-3.4				347.5	1	0	0	1	0.53	0.03	0.09	1.15	0.51	0.04	0.01	0.01	0.67	0.0	0.0	1.1	0.66	0.0	0.0	0.0	1553183879.5187807	57.48	44.34	43.61	49.78	58.01	43.55	25.0	25.0	298	255		155	196				190	223		175	216			
29.4		58.0	-58.0	23.0				352.6	1	0	0	1	0.57	0.03	0.08	1.13	0.52	0.04	0.01	0.01	0.67	0.0	0.0	1.1	0.66	0.0	0.0	0.0	1553183879.54961	55.57	44.27	44.35	47.52	57.41	43.49	25.0	25.0	298	254		150	190				190	225		173	221			
38.0		31.8	-31.8	51.1				352.0	1	0	0	1	0.6	0.03	0.07	0.92	0.56	0.04	0.01	0.01	0.67	0.0	0.0	1.1	0.66	0.0	0.0	0.0	1553183879.5823133	52.26	44.31	44.78	61.51	55.83	43.51	25.0	25.0	298	258		149	189				190	229		172	223			
40.1		24.6	-24.6	59.3				351.8	1	0	0	1	0.63	0.03	0.07	0.93	0.58	0.04	0.01	0.01	0.67	0.0	0.0	1.1	0.66	0.0	0.0	0.0	1553183879.610505	49.07	44.2	44.59	65.55	53.72	43.36	25.0	25.0	298	258		149	189				190	230		171	222			
45.3	33.9	14.1	-14.1	69.5				352.0	1	0	0	1	0.64	0.03	0.06	1.08	0.6	0.04	0.01	0.01	0.67	0.0	0.0	1.1	0.66	0.0	0.0	0.0	1553183879.6511784	48.45	44.3	44.82	58.83	52.32	43.29	25.0	25.0	298	258	254	150	189				190	230	290	170	222			
48.2	28.4	7.3	-7.3	76.1	24.2			352.1	1	0	0	1	0.64	0.03	0.06	1.06	0.61	0.04	0.01	0.01	0.67	0.0	0.0	1.1	0.66	0.0	0.0	0.0	1553183879.6843204	48.39	44.2	45.27	52.23	51.44	43.4	25.0	25.0	298	259	254	151	190	159			191	231	290	170	222	280		
48.2	28.4	7.3	-7.3	76.1	24.2			352.1	1	0	0	1	0.64	0.03	0.05	0.98	0.62	0.04	0.01	0.01	0.67	0.0	0.0	1.1	0.66	0.0	0.0	0.0	1553183879.7230055	48.07	44.28	45.48	60.45	51.12	43.27	25.0	25.0	298	259	254	151	190	159			191	231	290	170	222	280		
48.2	28.4	7.3	-7.3	76.1	24.2			352.1	1	0	0	1	0.65	0.03	0.05	0.99	0.62	0.04	0.01	0.01	0.67	0.0	0.0	1.1	0.66	0.0	0.0	0.0	1553183879.7526138	47.73	44.19	45.38	61.53	50.58	43.13	25.0	25.0	298	259	254	151	190	159			191	231	290	170	222	280		
48.2	28.4	7.3	-7.3	76.1	24.2			352.1	1	0	0	1	0.65	0.03	0.05	1.08	0.63	0.04	0.01	0.01	0.67	0.0	0.0	1.1	0.66	0.0	0.0	0.0	1553183879.783577	47.57	44.15	45.48	58.23	50.3	43.08	25.0	25.0	298	259	254	151	190	159			191	231	290	170	222	280		
56.6	13.7								1	0	0	1	0.65	0.03	0.05	1.1	0.63	0.04	0.01	0.01	0.67	0.0	0.0	1.1	0.66	0.0	0.0	0.0	1553183879.812235	47.16	44.05	45.53	52.96	50.3	42.97	25.0	25.0	298	260	256						191	233	291					
56.6	13.7								1	0	0	1	0.66	0.02	0.05	1.02	0.63	0.03	0.01	0.01	0.67	0.0	0.0	1.1	0.66	0.0	0.0	0.0	1553183879.8454363	47.16	44.1	45.45	57.43	50.37	43.02	25.0	25.0	298	260	256						191	233	291					
56.6	13.7								1	0	0	1	0.66	0.02	0.05	1.01	0.64	0.03	0.01	0.01	0.67	0.0	0.0	1.1	0.66	0.0	0.0	0.0	1553183879.8867643	46.94	44.02	45.36	60.55	50.02	42.89	25.0	25.0	298	260	256						191	233	291					
56.6	13.7								1	0	0	1	0.66	0.02	0.04	1.06	0.64	0.03	0.01	0.01	0.67	0.0	0.0	1.1	0.66	0.0	0.0	0.0	1553183879.91764	46.96	43.92	45.51	57.13	49.62	42.76	25.0	25.0	298	260	256						191	233	291					
60.3	8.2								1	0	0	1	0.66	0.02	0.04	1.07	0.64	0.03	0.01	0.01	0.67	0.0	0.0	1.1	0.66	0.0	0.0	0.0	1553183879.9483633	46.97	43.86	45.57	55.69	49.61	42.67	25.0	25.0	298	262	257						191	234	292					
61.1	6.9	-55.0	55.0		17.8			339.8	1	0	0	1	0.66	0.02	0.04	1.04	0.64	0.03	0.01	0.01	0.67	0.0	0.0	1.1	0.66	0.0	0.0	0.0	1553183879.9882069	47.01	44.15	45.61	57.77	49.68	42.53	25.0	25.0	298	262	258		202	139			191	234	292		210	223		
61.1	6.9	-55.0	55.0		17.8			339.8	1	0	0	1	0.66	0.02	0.04	1.03	0.64	0.03	0.01	0.01	0.67	0.0	0.0	1.1	0.66	0.0	0.0	0.0	1553183880.01179	47.03	44.13	45.6	58.55	49.56	42.71	25.0	25.0	298	262	258		202	139			191	234	292		210	223		
62.9	5.7	-58.1	58.1	79.6				339.8	1	0	0	1	0.66	0.02	0.04	1.05	0.64	0.03	0.01	0.01	0.67	0.0	0.0	1.1	0.66	0.0	0.0	0.0	1553183880.0421264	47.07	44.09	45.33	58.41	49.57	42.68	25.0	25.0	298	262	258	227	203				191	234	292	153	211			
62.9	5.7	-58.1	58.1	79.6				339.8	1	0	0	1	0.66	0.02	0.04	1.07	0.65	0.03	0.01	0.01	0.67	0.0	0.0	1.1	0.66	0.0	0.0	0.0	1553183880.0944462	47.13	43.97	45.06	56.84	49.53	42.52	25.0	25.0	298	262	258	227	203				191	234	292	153	211			
63.9	5.6	-63.2	63.2	84.3	15.8			340.0	1	1	1	1	0.66	0.02	0.03	1.06	0.65	0.03	0.01	0.01	0.67	0.0	0.0	1.1	0.66	0.0	0.0	0.0	1553183880.1315627	47.18	43.89	45.39	57.64	49.39	42.59	25.0	25.0	298	262	260	230	204	140			191	234	292	154	211	219		
64.6	6.0	-64.5	64.5	85.1	14.9			339.9	1	1	1	1	0.66	0.02	0.03	1.05	0.65	0.03	0.01	0.01	0.67	0.0	0.0	1.1	0.66	0.0	0.0	0.0	1553183880.1686974	47.33	43.84	45.51	58.1	49.38	42.52	25.0	25.0	298	262	260	231	204	140			191	234	292	154	211	218		
64.6	6.0	-64.5	64.5	85.1	14.9			339.9	1	1	1	1	0.66	0.02	0.03	1.06	0.65	0.03	0.01	0.01	0.67	0.0	0.0	1.1	0.66	0.0	0.0	0.0	1553183880.1943269	47.3	43.85	45.14	57.96	49.28	42.41	25.0	25.0	298	262	260	231	204	140			191	234	292	154	211	218		
66.9	3.9	-68.4	68.4	85.0	14.8			339.7	0	1	1	0	0.66	0.02	0.03	1.07	0.65	0.03	0.01	0.01	0.67	0.0	0.0	1.1	0.66	0.0	0.0	0.0	1553183880.2267284	47.29	43.85	45.06	57.44	49.29	42.38	25.0	25.0	298	262	261	233	205	141			191	235	292	155	211	216		
66.4	5.6	-68.2	68.2	85.3	15.1			339.4	0	1	1	0	0.66	0.02	0.03	1.07	0.65	0.03	0.01	0.01	0.67	0.0	0.0	1.1	0.66	0.0	0.0	0.0	1553183880.263582	47.13	43.79	45.33	56.97	49.32	42.38	25.0	25.0	298	262	261	234	205	141			191	235	292	155	211	215		
66.8	4.8	-71.3	71.3	85.4	14.8			339.0	0	1	1	0	0.65	0.02	0.03	1.06	0.65	0.03	0.01	0.01	0.67	0.0	0.0	1.1	0.66	0.0	0.0	0.0	1553183880.2937558	47.95	43.72	45.3	57.83	49.34	42.33	25.0	25.0	298	262	262	237	206	142			191	235	292	156	210	212		
66.8	4.8	-71.3	71.3	85.4	14.8			339.0	0	1	1	0	0.64	0.02	0.03	1.06	0.65	0.03	0.01	0.01	0.0	0.67	1.1	0.0	0.0	0.68	0.0	0.0	1553183880.3219683	48.47	43.7	45.12	58.24	49.36	42.27	25.0	25.0	298	262	262	237	206	142			191	235	292	156	210	212		
67.5	4.0	-72.7	72.7	85.8	14.3			338.7	0	1	1	0	0.62	0.04	0.07	1.03	0.65	0.06	0.01	0.01	0.0	0.67	1.1	0.0	0.0	0.68	0.0	0.0	1553183880.3525293	25.0	75.0	75.0	25.0	25.0	75.0	25.0	25.0	298	262	262	238	207	142			191	235	292	156	210	211		
				88.3	11.2				0	1	1	0	0.17	0.13	0.2	0.95	0.62	0.16	0.01	0.01	0.0	0.67	1.1	0.0	0.0	0.68	0.0	0.0	1553183880.3842773	25.0	75.0	75.0	25.0	25.0	75.0	25.0	25.0			262	239	206	142					292	157	210	209		
	0.2								0	1	1	0	0.04	0.4	0.31	0.59	0.38	0.37	0.01	0.01	0.0	0.67	1.1	0.0	0.0	0.68	0.0	0.0	1553183880.4208314	39.73	71.19	75.0	25.0	25.0	73.58	25.0	25.0		257	262							235	292					
	0.2								0	1	1	0	0.03	1.09	0.79	0.07	0.07	0.94	0.01	0.01	0.0	0.67	1.1	0.0	0.0	0.68	0.0	0.0	1553183880.4466748	41.61	25.0	74.84	42.74	37.36	33.53	25.0	25.0		257	262							235	292					
	-1.2	-88.5	88.5	84.5	13.7			339.8	0	1	1	0	0.03	0.85	1.15	0.05	0.05	0.71	0.01	0.01	0.0	0.67	1.1	0.0	0.0	0.68	0.0	0.0	1553183880.4808383	41.69	25.39	55.01	46.43	41.09	34.3	25.0	25.0		254	262	241	201	137				235	292	162	212	205		
93.0	0.4	-89.3	89.3	84.0	14.3			338.6	0	1	1	0	0.03	0.57	1.1	0.07	0.05	0.56	0.01	0.01	0.0	0.67	1.1	0.0	0.0	0.68	0.0	0.0	1553183880.5134454	41.4	46.5	47.33	45.57	40.98	54.96	25.0	25.0	285	251	262	241	199	135			192	236	292	163	211	203		
88.4	1.1	-88.1	88.1	81.8	18.3			338.3	0	1	1	0	0.03	0.5	0.95	0.08	0.06	0.51	0.01	0.01	0.0	0.67	1.1	0.0	0.0	0.68	0.0	0.0	1553183880.546103	41.3	58.17	60.1	44.13	40.26	60.44	25.0	25.0	283	251	262	241	199	134			191	236	292	163	211	201		
	6.0	-81.0	81.0	74.5				337.9	0	1	1	0	0.03	0.48	0.8	0.09	0.06	0.54	0.01	0.01	0.0	0.67	1.1	0.0	0.0	0.68	0.0	0.0	1553183880.5754452	41.21	62.75	75.0	43.21	39.95	59.94	25.0	25.0		251	262	241	198					236	293	164	210			
	6.0	-81.0	81.0	74.5				337.9	0	1	1	0	0.03	0.5	1.13	0.08	0.06	0.59	0.01	0.01	0.0	0.67	1.1	0.0	0.0	0.68	0.0	0.0	1553183880.6082666	41.34	62.23	54.7	43.28	39.67	56.35	25.0	25.0		251	262	241	198					236	293	164	210			
	6.0	-81.0	81.0	74.5				337.9	0	1	1	0	0.03	0.58	1.14	0.07	0.06	0.63	0.01	0.01	0.0	0.67	1.1	0.0	0.0	0.68	0.0	0.0	1553183880.6502976	41.45	59.38	45.67	43.61	39.77	53.77	25.0	25.0		251	262	241	198					236	293	164	210			
				63.4	46.3				0	1	1	0	0.03	0.69	0.95	0.07	0.05	0.65	0.01	0.01	0.0	0.67	1.1	0.0	0.0	0.68	0.0	0.0	1553183880.6768649	41.42	52.48	59.81	44.04	39.82	51.47	25.0	25.0			262	241	197	129					292	163	208	197		
				63.4	46.3				0	1	1	0	0.03	0.71	0.87	0.06	0.05	0.66	0.01	0.01	0.0	0.67	1.1	0.0	0.0	0.68	0.0	0.0	1553183880.7019746	41.45	45.55	71.71	44.14	39.83	50.72	25.0	25.0			262	241	197	129					292	163	208	197		
				63.4	46.3				0	1	1	0	0.03	0.66	1.14	0.06	0.05	0.65	0.01	0.01	0.0	0.67	1.1	0.0	0.0	0.68	0.0	0.0	1553183880.7351978	41.38	47.99	60.2	44.29	39.83	51.2	25.0	25.0			262	241	197	129					292	163	208	197		
	18.4	-49.3	49.3	40.6	61.2			337.5	0	1	1	0	0.02	0.63	1.12	0.06	0.05	0.64	0.01	0.01	0.0	0.67	1.1	0.0	0.0	0.68	0.0	0.0	1553183880.7660704	41.45	50.51	48.73	44.45	39.85	51.88	25.0	25.0		257	262	241	197	128				234	292	163	207	201		
	18.4	-49.3	49.3	40.6	61.2			337.5	0	1	1	0	0.02	0.62	0.96	0.05	0.05	0.65	0.01	0.01	0.0	0.67	1.1	0.0	0.0	0.68	0.0	0.0	1553183880.7984996	41.41	52.49	62.78	44.66	39.84	51.77	25.0	25.0		257	262	241	197	128				234	292	163	207	201		
									0	1	1	0	0.02	0.62	0.96	0.05	0.05	0.65	0.01	0.01	0.0	0.67	1.1	0.0	0.0	0.68	0.0	0.0	1553183880.827907	41.35	52.86	67.87	44.67	39.77	51.5	25.0	25.0			262	241							292	163				
									0	1	1	0	0.02	0.63	1.13	0.04	0.04	0.65	0.01	0.01	0.0	0.67	1.1	0.0	0.0	0.68	0.0	0.0	1553183880.8644686	41.31	52.94	60.31	44.86	39.79	51.77	25.0	25.0			262	241							293	163				
									0	1	1	0	0.02	0.63	1.16	0.04	0.04	0.65	0.01	0.01	0.0	0.67	1.1	0.0	0.0	0.68	0.0	0.0	1553183880.8936107	41.32	52.94	50.11	45.12	39.79	51.82	25.0	25.0			262	241							293	163				
									0	1	1	0	0.02	0.64	0.97	0.04	0.04	0.66	0.01	0.01	0.0	0.67	1.1	0.0	0.0	0.68	0.0	0.0	1553183880.9223773	41.26	52.75	59.92	45.16	39.69	51.45	25.0	25.0			262	241							293	163				
									0	1	1	0	0.02	0.64	0.96	0.03	0.04	0.66	0.01	0.01	0.0	0.67	1.1	0.0	0.0	0.68	0.0	0.0	1553183880.9541907	41.17	52.03	66.23	45.33	39.87	51.47	25.0	25.0			262	240							292	163				
									0	1	1	0	0.02	0.65	1.13	0.03	0.04	0.66	0.01	0.01	0.0	0.67	1.1	0.0	0.0	0.68	0.0	0.0	1553183880.985441	41.25	51.35	55.92	45.44	39.81	51.26	25.0	25.0			262	240							292	163				
									0	1	1	0	0.02	0.66	1.12	0.03	0.04	0.66	0.01	0.01	0.0	0.67	1.1	0.0	0.0	0.68	0.0	0.0	1553183881.0160036	41.11	50.96	50.25	45.53	39.83	51.26	25.0	25.0			262	240							292	163				
									0	1	1	0	0.02	0.66	0.99	0.03	0.04	0.66	0.01	0.01	0.0	0.67	1.1	0.0	0.0	0.68	0.0	0.0	1553183881.0518262	41.17	50.61	61.32	45.43	39.44	51.45	25.0	25.0			262	240							292	163				
12.1	86.0	91.2	-91.2	-7.0	80.0			320.2	0	1	1	0	0.02	0.67	1.06	0.03	0.04	0.66	0.01	0.01	0.0	0.67	1.1	0.0	0.0	0.68	0.0	0.0	1553183881.1031623	41.06	50.29	59.84	45.27	39.34	51.43	25.0	25.0	353	299	262	241	252	217			241	249	292	163	217	272		
	86.8	93.1	-93.1	-8.9	80.2			320.0	0	1	1	0	0.02	0.67	1.12	0.03	0.03	0.66	0.01	0.01	0.0	0.67	1.1	0.0	0.0	0.68	0.0	0.0	1553183881.1374357	41.01	50.32	55.24	45.19	39.51	51.47	25.0	25.0		299	262	241	252	217				248	292	163	216	272		
6.6	89.3	95.2	-95.2	-9.1	83.0			319.4	0	1	1	0	0.02	0.67	1.06	0.03	0.03	0.66	0.01	0.01	0.0	0.67	1.1	0.0	0.0	0.68	0.0	0.0	1553183881.1702583	41.06	50.3	58.49	45.26	39.62	51.55	25.0	25.0	352	299	262	240	252	216			240	249	293	163	216	271		
6.5	89.4								1	1	1	1	0.02	0.67	1.03	0.03	0.03	0.66	0.01	0.01	0.0	0.67	1.1	0.0	0.0	0.68	0.0	0.0	1553183881.1993496	40.95	50.31	60.27	45.09	39.6	51.57	25.0	25.0	352	299	262	241		217			240	248	292	163		271		
5.9	89.8	95.7	-95.7	-9.1	83.3			319.0	1	1	1	1	0.02	0.67	1.06	0.03	0.03	0.66	0.01	0.01	0.0	0.67	1.1	0.0	0.0	0.68	0.0	0.0	1553183881.230125	40.96	50.33	59.55	45.11	39.48	51.45	25.0	25.0	352	298	262	240	252	216			240	248	292	163	216	271		
5.9	89.8	95.7	-95.7	-9.1	83.3			319.0	1	1	1	1	0.02	0.67	1.09	0.03	0.03	0.67	0.01	0.01	0.0	0.67	1.1	0.0	0.0	0.68	0.0	0.0	1553183881.262628	40.91	50.34	57.73	45.04	39.4	51.35	25.0	25.0	352	298	262	240	252	216			240	248	292	163	216	271		
6.0	92.7	98.2	-98.2	-9.0	84.4			318.1	1	0	0	1	0.02	0.67	1.06	0.03	0.03	0.67	0.01	0.01	0.0	0.67	1.1	0.0	0.0	0.68	0.0	0.0	1553183881.3036833	40.84	50.36	58.04	44.93	39.27	51.35	25.0	25.0	352	298	262	240	253	217			243	249	292	163	216	271		
6.0	92.7	98.2	-98.2	-9.0	84.4			318.1	1	0	0	1	0.02	0.67	1.06	0.03	0.03	0.67	0.01	0.01	0.0	0.67	1.1	0.0	0.0	0.68	0.0	0.0	1553183881.335802	40.77	50.38	59.77	45.01	39.15	51.4	25.0	25.0	352	298	262	240	253	217			243	249	292	163	216	271		
5.7	93.6	99.1	-99.1	-9.1	85.3			317.8	1	0	0	1	0.02	0.67	1.08	0.03	0.03	0.67	0.01	0.01	0.0	0.67	1.1	0.0	0.0	0.68	0.0	0.0	1553183881.3660085	40.86	50.39	59.39	44.95	39.2	51.43	25.0	25.0	352	298	262	240	253	217			243	249	292	163	216	271		
4.4	93.8	99.7	-99.7	-9.5	85.4			317.6	1	0	0	1	0.02	0.66	1.09	0.03	0.03	0.67	0.01	0.01	0.0	0.67	1.1	0.0	0.0	0.68	0.0	0.0	1553183881.4018874	40.67	50.59	57.66	44.85	39.27	51.49	25.0	25.0	352	298	262	240	253	217			243	249	292	163	216	271		
4.4	93.8	99.7	-99.7	-9.5	85.4			317.6	1	0	0	1	0.02	0.66	1.07	0.03	0.03	0.66	0.01	0.01	0.67	0.0	0.0	1.1	0.66	0.0	0.0	0.0	1553183881.4299242	75.0	25.0	25.0	75.0	75.0	25.0	25.0	25.0	352	298	262	240	253	217			243	249	292	163	216	271		
4.4	93.8	99.7	-99.7	-9.5	85.4			317.6	1	0	0	1	0.15	0.47	0.98	0.08	0.1	0.61	0.01	0.01	0.67	0.0	0.0	1.1	0.66	0.0	0.0	0.0	1553183881.460191	75.0	25.0	25.0	75.0	75.0	25.0	25.0	25.0	352	298	262	240	253	217			243	249	292	163	216	271		
2.4	96.3	101.2	-101.2	-9.0	86.2			317.2	1	0	0	1	0.42	0.05	0.48	0.21	0.2	0.08	0.01	0.01	0.67	0.0	0.0	1.1	0.66	0.0	0.0	0.0	1553183881.504297	68.82	41.9	25.0	75.0	75.0	38.3	25.0	25.0	352	299	261	240	253	218			244	249	292	163	216	270		
2.4	96.3	101.2	-101.2	-9.0	86.2			317.2	1	0	0	1	1.2	0.03	0.05	0.8	0.5	0.04	0.01	0.01	0.67	0.0	0.0	1.1	0.66	0.0	0.0	0.0	1553183881.5404716	25.0	44.6	45.38	73.89	63.09	43.5	25.0	25.0	352	299	261	240	253	218			244	249	292	163	216	270		
2.2	97.1	100.9	-100.9	-8.7	86.5			316.9	1	0	0	1	0.91	0.03	0.06	1.1	0.88	0.04	0.01	0.01	0.67	0.0	0.0	1.1	0.66	0.0	0.0	0.0	1553183881.57447	26.04	44.83	47.43	52.82	30.4	44.36	25.0	25.0	352	299	261	240	253	218			244	249	292	163	216	270		
3.1	95.3	100.0	-100.0	-7.6				317.2	1	0	0	1	0.6	0.03	0.08	1.14	0.67	0.04	0.01	0.01	0.67	0.0	0.0	1.1	0.66	0.0	0.0	0.0	1553183881.6032643	41.16	44.61	46.18	48.65	42.3	43.83	25.0	25.0	352	298	261	240	253				243	249	292	163	216			
3.1	95.3	100.0	-100.0	-7.6				317.2	1	0	0	1	0.51	0.04	0.09	1.02	0.52	0.05	0.01	0.01	0.67	0.0	0.0	1.1	0.66	0.0	0.0	0.0	1553183881.6365833	54.63	44.33	44.66	55.11	54.61	43.54	25.0	25.0	352	298	261	240	253				243	249	292	163	216			
3.1	95.3	100.0	-100.0	-7.6				317.2	1	0	0	1	0.49	0.03	0.1	0.89	0.48	0.05	0.01	0.01	0.67	0.0	0.0	1.1	0.66	0.0	0.0	0.0	1553183881.6682186	60.47	44.36	43.8	65.36	59.57	43.47	25.0	25.0	352	298	261	240	253				243	249	292	163	216			
6.5		95.8	-95.8	-6.4				318.4	1	0	0	1	0.53	0.03	0.09	1.1	0.51	0.04	0.01	0.01	0.67	0.0	0.0	1.1	0.66	0.0	0.0	0.0	1553183881.7060256	57.74	44.19	43.8	54.43	59.7	43.26	25.0	25.0	352	298		240	252				244	249		162	217			
26.7									1	0	0	1	0.57	0.03	0.08	1.1	0.55	0.04	0.01	0.01	0.67	0.0	0.0	1.1	0.66	0.0	0.0	0.0	1553183881.7352285	56.44	44.28	44.03	50.12	58.59	43.34	25.0	25.0	352	298				220			243	253				278		
31.1	48.5	57.4	-57.4		29.8			323.2	1	0	0	1	0.63	0.03	0.07	0.99	0.59	0.04	0.01	0.01	0.67	0.0	0.0	1.1	0.66	0.0	0.0	0.0	1553183881.7679088	51.7	44.2	44.65	59.78	53.9	43.22	25.0	25.0	352	297	256		244	221			243	254	299		220	278		
31.1	48.5	57.4	-57.4		29.8			323.2	1	0	0	1	0.65	0.03	0.08	0.97	0.62	0.04	0.01	0.01	0.67	0.0	0.0	1.1	0.66	0.0	0.0	0.0	1553183881.800796	49.14	44.21	44.4	63.6	52.0	43.21	25.0	25.0	352	297	256		244	221			243	254	299		220	278		
40.7	36.0	47.4	-47.4		23.8			325.7	1	0	0	1	0.65	0.03	0.07	1.06	0.61	0.04	0.01	0.01	0.67	0.0	0.0	1.1	0.66	0.0	0.0	0.0	1553183881.8409624	48.17	44.13	44.46	57.72	51.93	43.35	25.0	25.0	352	297	257		241	221			243	253	298		220	278		
					10.8				1	0	0	1	0.65	0.03	0.06	1.1	0.62	0.04	0.01	0.01	0.67	0.0	0.0	1.1	0.66	0.0	0.0	0.0	1553183881.8737943	48.56	44.24	45.1	52.94	51.86	43.26	25.0	25.0	352				242	221			243				222	278		
					10.8				1	0	0	1	0.65	0.03	0.05	1.02	0.62	0.04	0.01	0.01	0.67	0.0	0.0	1.1	0.66	0.0	0.0	0.0	1553183881.9085877	48.39	44.25	45.29	59.25	51.54	43.11	25.0	25.0	352				242	221			243				222	278		
					10.8				1	0	0	1	0.66	0.03	0.05	1.02	0.63	0.03	0.01	0.01	0.67	0.0	0.0	1.1	0.66	0.0	0.0	0.0	1553183881.947678	48.1	44.22	45.32	60.59	51.24	43.15	25.0	25.0	352				242	221			243				222	278		
					10.8				1	0	0	1	0.66	0.03	0.05	1.07	0.63	0.03	0.01	0.01	0.67	0.0	0.0	1.1	0.66	0.0	0.0	0.0	1553183881.9735498	47.83	44.16	45.33	58.35	51.02	43.11	25.0	25.0	352				242	221			243				222	278		
					10.8				1	0	0	1	0.66	0.03	0.05	1.08	0.64	0.03	0.01	0.01	0.67	0.0	0.0	1.1	0.66	0.0	0.0	0.0	1553183882.0125027	47.6	44.08	45.37	55.28	50.58	42.98	25.0	25.0	352				242	221			243				222	278		
54.1		3.1	-3.1	80.9	-5.6			322.7	1	0	0	1	0.66	0.02	0.05	1.04	0.64	0.03	0.01	0.01	0.67	0.0	0.0	1.1	0.66	0.0	0.0	0.0	1553183882.0390534	47.59	44.11	45.39	56.78	50.47	43.18	25.0	25.0	352	301		238	247	220			243	267		162	227	278		
54.1		3.1	-3.1	80.9	-5.6			322.7	1	0	0	1	0.67	0.02	0.04	1.03	0.65	0.03	0.01	0.01	0.67	0.0	0.0	1.1	0.66	0.0	0.0	0.0	1553183882.0881255	47.51	43.99	45.37	59.77	50.03	43.05	25.0	25.0	352	301		238	247	220			243	267		162	227	278		
67.4		-20.9	20.9		-16.3			324.3	1	0	0	1	0.67	0.02	0.04	1.06	0.65	0.03	0.01	0.01	0.67	0.0	0.0	1.1	0.66	0.0	0.0	0.0	1553183882.1212056	47.51	43.9	45.34	57.56	50.03	42.7	25.0	25.0	352	303			251	220			243	272			232	278		
70.8		-29.5	29.5		-20.5			324.5	1	0	0	1	0.67	0.02	0.04	1.07	0.65	0.03	0.01	0.01	0.67	0.0	0.0	1.1	0.66	0.0	0.0	0.0	1553183882.150444	47.53	44.11	45.24	56.73	49.96	42.82	25.0	25.0	352	304			253	220			243	274			234	278		
70.8		-29.5	29.5		-20.5			324.5	1	0	0	1	0.67	0.02	0.04	1.05	0.65	0.03	0.01	0.01	0.67	0.0	0.0	1.1	0.66	0.0	0.0	0.0	1553183882.1852403	47.54	44.08	45.3	57.83	49.95	42.76	25.0	25.0	352	304			253	220			243	274			234	278		
70.8		-29.5	29.5		-20.5			324.5	1	0	0	1	0.67	0.02	0.04	1.04	0.65	0.03	0.01	0.01	0.67	0.0	0.0	1.1	0.66	0.0	0.0	0.0	1553183882.2132187	47.55	44.1	45.35	59.09	49.66	42.68	25.0	25.0	352	304			253	220			243	274			234	278		
70.8		-29.5	29.5		-20.5			324.5	1	0	0	1	0.66	0.02	0.04	1.06	0.66	0.03	0.01	0.01	0.67	0.0	0.0	1.1	0.66	0.0	0.0	0.0	1553183882.247314	47.57	44.05	45.25	58.63	49.31	42.7	25.0	25.0	352	304			253	220			243	274			234	278		
77.0									1	1	1	1	0.66	0.02	0.04	1.07	0.66	0.03	0.01	0.01	0.67	0.0	0.0	1.1	0.66	0.0	0.0	0.0	1553183882.2823882	47.7	44.08	45.2	57.42	49.3	42.5	25.0	25.0	352	309				220			244	280				279		
77.0									1	1	1	1	0.66	0.02	0.03	1.07	0.66	0.03	0.01	0.01	0.67	0.0	0.0	1.1	0.66	0.0	0.0	0.0	1553183882.3106482	47.73	44.06	45.24	56.76	49.31	42.44	25.0	25.0	352	309				220			244	280				279		
77.0									1	1	1	1	0.67	0.02	0.04	1.06	0.66	0.03	0.01	0.01	0.67	0.0	0.0	1.1	0.66	0.0	0.0	0.0	1553183882.3420482	47.66	43.88	44.98	58.47	49.14	42.48	25.0	25.0	352	309				220			244	280				279		
77.0									1	1	1	1	0.67	0.02	0.03	1.06	0.66	0.03	0.01	0.01	0.67	0.0	0.0	1.1	0.66	0.0	0.0	0.0	1553183882.3726711	47.65	43.82	45.06	58.84	49.13	42.44	25.0	25.0	352	309				220			244	280				279		
89.6									0	1	1	0	0.67	0.02	0.03	1.08	0.66	0.03	0.01	0.01	0.67	0.0	0.0	1.1	0.66	0.0	0.0	0.0	1553183882.4038186	47.42	43.77	45.36	57.54	49.13	42.46	25.0	25.0	352	315				220			243	285				279		
89.6									0	1	1	0	0.67	0.02	0.03	1.1	0.66	0.03	0.01	0.01	0.67	0.0	0.0	1.1	0.66	0.0	0.0	0.0	1553183882.4371424	47.21	43.83	45.5	56.22	49.13	42.4	25.0	25.0	352	315				220			243	285				279		
96.6	2.7								0	1	1	0	0.67	0.02	0.03	1.07	0.66	0.03	0.01	0.01	0.67	0.0	0.0	1.1	0.66	0.0	0.0	0.0	1553183882.4778564	47.14	43.75	45.03	57.8	49.14	42.26	25.0	25.0	352	318	323	306		220			243	288	346	211		279		
96.8	2.6								0	1	1	0	0.67	0.01	0.03	1.07	0.66	0.02	0.01	0.01	0.0	0.67	1.1	0.0	0.0	0.68	0.0	0.0	1553183882.508973	25.0	75.0	75.0	25.0	25.0	75.0	25.0	25.0	352	318	323	306		220			243	288	346	210		279		
96.3	2.5								0	1	1	0	0.5	0.07	0.12	1.01	0.64	0.08	0.01	0.01	0.0	0.67	1.1	0.0	0.0	0.68	0.0	0.0	1553183882.5411367	25.0	75.0	75.0	25.0	25.0	75.0	25.0	25.0	352	318	323	306		220			243	288	346	211		278		
96.9	2.0	-86.6	86.6	86.4	-38.7			336.1	0	1	1	0	0.12	0.16	0.21	0.94	0.59	0.21	0.01	0.01	0.0	0.67	1.1	0.0	0.0	0.68	0.0	0.0	1553183882.572498	33.08	75.0	75.0	25.0	25.0	75.0	25.0	25.0	352	318	323	306	270	219			243	288	346	211	261	278		
97.2	2.6	-86.5	86.5	86.7	-38.7			336.1	0	1	1	0	0.04	0.54	0.34	0.45	0.3	0.46	0.01	0.01	0.0	0.67	1.1	0.0	0.0	0.68	0.0	0.0	1553183882.6088524	40.77	63.7	75.0	25.0	25.0	67.94	25.0	25.0	352	318	323	306	270	219			243	288	346	211	261	278		
97.2	2.6	-86.5	86.5	86.7	-38.7			336.1	0	1	1	0	0.04	1.09	0.92	0.05	0.05	0.96	0.01	0.01	0.0	0.67	1.1	0.0	0.0	0.68	0.0	0.0	1553183882.6362562	42.11	25.0	67.56	45.21	39.93	30.54	25.0	25.0	352	318	323	306	270	219			243	288	346	211	261	278		
97.2	2.6	-86.5	86.5	86.7	-38.7			336.1	0	1	1	0	0.04	0.79	1.16	0.05	0.04	0.67	0.01	0.01	0.0	0.67	1.1	0.0	0.0	0.68	0.0	0.0	1553183882.6686003	42.02	28.58	52.15	47.4	42.19	37.71	25.0	25.0	352	318	323	306	270	219			243	288	346	211	261	278		
				94.7					0	1	1	0	0.04	0.55	1.03	0.08	0.05	0.54	0.01	0.01	0.0	0.67	1.1	0.0	0.0	0.68	0.0	0.0	1553183882.7012272	41.81	49.79	49.75	46.09	41.54	56.41	25.0	25.0			323	306	265						345	210	257			
81.9	14.3	-92.7	92.7	95.2				329.1	0	1	1	0	0.04	0.49	0.81	0.1	0.07	0.54	0.01	0.01	0.0	0.67	1.1	0.0	0.0	0.68	0.0	0.0	1553183882.748034	41.55	61.13	71.32	43.81	40.13	60.5	25.0	25.0	342	308	323	306	264				244	289	346	211	257			
	17.4	-83.8	83.8	83.7				329.9	0	1	1	0	0.04	0.51	1.07	0.1	0.07	0.57	0.01	0.01	0.0	0.67	1.1	0.0	0.0	0.68	0.0	0.0	1553183882.7769868	41.5	61.24	58.76	42.98	39.64	57.58	25.0	25.0		311	323	306	264					288	346	211	256			
				67.9	47.5				0	1	1	0	0.03	0.56	1.16	0.08	0.06	0.62	0.01	0.01	0.0	0.67	1.1	0.0	0.0	0.68	0.0	0.0	1553183882.8104694	41.68	59.57	45.91	43.5	39.93	54.92	25.0	25.0			323	305	263	198					346	211	256	240		
				67.9	47.5				0	1	1	0	0.03	0.63	0.91	0.07	0.06	0.64	0.01	0.01	0.0	0.67	1.1	0.0	0.0	0.68	0.0	0.0	1553183882.8395634	41.78	55.36	57.89	44.26	40.0	52.38	25.0	25.0			323	305	263	198					346	211	256	240		
				52.4					0	1	1	0	0.03	0.69	0.86	0.07	0.06	0.66	0.01	0.01	0.0	0.67	1.1	0.0	0.0	0.68	0.0	0.0	1553183882.87101	41.8	48.46	71.39	44.53	39.98	50.59	25.0	25.0			323	306	265						346	211	256			
				52.4					0	1	1	0	0.03	0.67	1.12	0.07	0.05	0.66	0.01	0.01	0.0	0.67	1.1	0.0	0.0	0.68	0.0	0.0	1553183882.901441	41.76	48.3	61.85	44.38	40.01	50.86	25.0	25.0			323	306	265						346	211	256			
									0	1	1	0	0.03	0.64	1.15	0.06	0.05	0.66	0.01	0.01	0.0	0.67	1.1	0.0	0.0	0.68	0.0	0.0	1553183882.9349544	41.68	50.11	49.44	44.48	39.88	50.94	25.0	25.0			323	305							346	210				
									0	1	1	0	0.03	0.63	0.94	0.06	0.05	0.65	0.01	0.01	0.0	0.67	1.1	0.0	0.0	0.68	0.0	0.0	1553183882.9740427	41.75	52.05	61.19	44.64	39.84	51.66	25.0	25.0			323	306							346	210				
									0	1	1	0	0.03	0.63	0.94	0.05	0.05	0.64	0.01	0.01	0.0	0.67	1.1	0.0	0.0	0.68	0.0	0.0	1553183883.0045102	41.74	52.48	67.11	44.79	39.76	52.2	25.0	25.0			323								346					
									0	1	1	0	0.03	0.62	1.15	0.04	0.05	0.64	0.01	0.01	0.0	0.67	1.1	0.0	0.0	0.68	0.0	0.0	1553183883.0388796	41.84	52.92	57.6	45.11	39.82	52.31	25.0	25.0			323	306							346	210				
									0	1	1	0	0.03	0.63	1.15	0.04	0.05	0.65	0.01	0.01	0.0	0.67	1.1	0.0	0.0	0.68	0.0	0.0	1553183883.0637326	41.79	52.83	51.03	45.37	39.84	51.97	25.0	25.0			323	306							346	210				
									0	1	1	0	0.03	0.64	0.97	0.04	0.04	0.66	0.01	0.01	0.0	0.67	1.1	0.0	0.0	0.68	0.0	0.0	1553183883.1012928	41.54	52.32	62.03	45.47	39.87	50.97	25.0	25.0			323	306							346	210				
									0	1	1	0	0.02	0.65	1.01	0.04	0.04	0.66	0.01	0.01	0.0	0.67	1.1	0.0	0.0	0.68	0.0	0.0	1553183883.134625	41.57	51.46	63.3	45.41	39.86	50.85	25.0	25.0			323	306							346	210				
									0	1	1	0	0.02	0.65	1.13	0.04	0.04	0.66	0.01	0.01	0.0	0.67	1.1	0.0	0.0	0.68	0.0	0.0	1553183883.166946	41.55	51.08	54.36	45.52	39.9	51.33	25.0	25.0			323	306							346	210				
									0	1	1	0	0.02	0.66	1.12	0.03	0.04	0.66	0.01	0.01	0.0	0.67	1.1	0.0	0.0	0.68	0.0	0.0	1553183883.1985447	41.61	50.78	53.17	45.62	39.84	51.61	25.0	25.0			323	306							346	210				
									0	1	1	0	0.02	0.66	1.0	0.03	0.04	0.66	0.01	0.01	0.0	0.67	1.1	0.0	0.0	0.68	0.0	0.0	1553183883.2296584	41.53	50.58	62.22	45.5	39.49	51.42	25.0	25.0			323	306							346	210				
									0	1	1	0	0.02	0.66	1.01	0.03	0.04	0.66	0.01	0.01	0.0	0.67	1.1	0.0	0.0	0.68	0.0	0.0	1553183883.2619226	41.47	50.46	62.77	45.41	39.37	51.46	25.0	25.0			323	306							346	210				
6.4	96.2	88.4	-88.4	1.9				315.1	0	1	1	0	0.02	0.67	1.12	0.03	0.04	0.66	0.01	0.01	0.0	0.67	1.1	0.0	0.0	0.68	0.0	0.0	1553183883.3018205	41.39	50.3	55.14	45.47	39.57	51.53	25.0	25.0	413	358	323	306	315				297	301	346	210	266			
8.2	97.7	88.3	-88.3	1.8	78.0			314.8	0	1	1	0	0.02	0.67	1.08	0.03	0.04	0.66	0.01	0.01	0.0	0.67	1.1	0.0	0.0	0.68	0.0	0.0	1553183883.3297434	41.33	50.3	56.33	45.39	39.59	51.49	25.0	25.0	411	357	323	305	314	273			297	301	346	210	266	316		
7.2	98.8	90.4	-90.4	0.9	80.3			314.3	0	1	1	0	0.02	0.67	1.03	0.03	0.03	0.66	0.01	0.01	0.0	0.67	1.1	0.0	0.0	0.68	0.0	0.0	1553183883.3678818	41.38	50.31	61.28	45.26	39.62	51.53	25.0	25.0	412	357	323	306	315	274			298	301	346	211	266	316		
6.0	99.9	91.0	-91.0	1.1	80.0			314.0	1	1	1	1	0.02	0.67	1.06	0.03	0.03	0.66	0.01	0.01	0.0	0.67	1.1	0.0	0.0	0.68	0.0	0.0	1553183883.3944688	41.25	50.32	60.82	45.22	39.61	51.55	25.0	25.0	412	357	323	305	315	274			298	301	346	210	266	316		
6.0	99.9	91.0	-91.0	1.1	80.0			314.0	1	1	1	1	0.02	0.66	1.09	0.03	0.03	0.66	0.01	0.01	0.0	0.67	1.1	0.0	0.0	0.68	0.0	0.0	1553183883.4222062	41.3	50.48	57.46	45.09	39.5	51.43	25.0	25.0	412	357	323	305	315	274			298	301	346	210	266	316		
6.0	99.9	91.0	-91.0	1.1	80.0			314.0	1	1	1	1	0.02	0.67	1.08	0.03	0.03	0.66	0.01	0.01	0.0	0.67	1.1	0.0	0.0	0.68	0.0	0.0	1553183883.453699	41.26	50.37	57.02	45.12	39.41	51.47	25.0	25.0	412	357	323	305	315	274			298	301	346	210	266	316		
6.0	99.9	91.0	-91.0	1.1	80.0			314.0	1	0	0	1	0.02	0.67	1.06	0.03	0.03	0.67	0.01	0.01	0.0	0.67	1.1	0.0	0.0	0.68	0.0	0.0	1553183883.4865782	41.21	50.37	58.98	45.19	39.46	51.37	25.0	25.0	412	357	323	305	315	274			298	301	346	210	266	316		
7.7	101.7	93.1	-93.1	1.1	81.0			312.8	1	0	0	1	0.02	0.67	1.06	0.03	0.03	0.67	0.01	0.01	0.0	0.67	1.1	0.0	0.0	0.68	0.0	0.0	1553183883.517845	41.16	50.38	60.01	45.13	39.56	51.36	25.0	25.0	412	357	323	306	316	275			300	302	346	210	266	316		
7.7	101.7	93.1	-93.1	1.1	81.0			312.8	1	0	0	1	0.02	0.67	1.08	0.03	0.03	0.67	0.01	0.01	0.0	0.67	1.1	0.0	0.0	0.68	0.0	0.0	1553183883.5545158	41.05	50.41	58.01	45.02	39.47	51.42	25.0	25.0	412	357	323	306	316	275			300	302	346	210	266	316		
7.7	101.7	93.1	-93.1	1.1	81.0			312.8	1	0	0	1	0.02	0.66	1.08	0.03	0.03	0.67	0.01	0.01	0.0	0.67	1.1	0.0	0.0	0.68	0.0	0.0	1553183883.5923557	41.0	50.6	57.57	44.99	39.48	51.46	25.0	25.0	412	357	323	306	316	275			300	302	346	210	266	316		
7.7	101.7	93.1	-93.1	1.1	81.0			312.8	1	0	0	1	0.02	0.66	1.06	0.03	0.04	0.66	0.01	0.01	0.67	0.0	0.0	1.1	0.66	0.0	0.0	0.0	1553183883.6156933	75.0	25.0	25.0	75.0	75.0	25.0	25.0	25.0	412	357	323	306	316	275			300	302	346	210	266	316		
3.3	105.3								1	0	0	1	0.15	0.48	0.97	0.1	0.1	0.61	0.01	0.01	0.67	0.0	0.0	1.1	0.66	0.0	0.0	0.0	1553183883.6455195	75.0	25.0	25.0	75.0	75.0	25.0	25.0	25.0	412	358	323	306		276			302	302	346	210		316		
2.9	106.3								1	0	0	1	0.43	0.05	0.48	0.21	0.21	0.09	0.01	0.01	0.67	0.0	0.0	1.1	0.66	0.0	0.0	0.0	1553183883.688907	68.47	41.4	25.0	75.0	75.0	37.7	25.0	25.0	412	357	322	305		276			302	302	346	210		316		
4.5	105.5								1	0	0	1	1.15	0.03	0.07	0.8	0.5	0.04	0.01	0.01	0.67	0.0	0.0	1.1	0.66	0.0	0.0	0.0	1553183883.7202396	25.0	44.48	43.59	73.04	63.7	43.38	25.0	25.0	411	357	322	305		276			301	302	345	210		315		
4.1	106.8	96.3	-96.3	1.3	83.2			311.5	1	0	0	1	0.86	0.03	0.06	1.07	0.88	0.04	0.01	0.01	0.67	0.0	0.0	1.1	0.66	0.0	0.0	0.0	1553183883.7513196	25.0	44.78	47.32	56.36	33.94	44.24	25.0	25.0	411	357	322	305	316	276			302	302	345	210	265	315		
4.1	106.8	96.3	-96.3	1.3	83.2			311.5	1	0	0	1	0.62	0.03	0.07	1.13	0.65	0.04	0.01	0.01	0.67	0.0	0.0	1.1	0.66	0.0	0.0	0.0	1553183883.786095	38.15	44.61	46.73	49.98	36.57	44.06	25.0	25.0	411	357	322	305	316	276			302	302	345	210	265	315		
4.1	106.8	96.3	-96.3	1.3	83.2			311.5	1	0	0	1	0.49	0.04	0.09	1.05	0.55	0.05	0.01	0.01	0.67	0.0	0.0	1.1	0.66	0.0	0.0	0.0	1553183883.8217778	58.1	44.25	44.73	54.09	53.45	43.45	25.0	25.0	411	357	322	305	316	276			302	302	345	210	265	315		
9.5									1	0	0	1	0.5	0.03	0.1	0.9	0.51	0.05	0.01	0.01	0.67	0.0	0.0	1.1	0.66	0.0	0.0	0.0	1553183883.8467886	60.23	44.31	43.8	65.29	57.88	43.3	25.0	25.0	412	357		304					301	302		210				
					34.2				1	0	0	1	0.55	0.03	0.09	1.09	0.52	0.04	0.01	0.01	0.67	0.0	0.0	1.1	0.66	0.0	0.0	0.0	1553183883.888064	57.99	44.19	43.51	60.91	58.31	43.21	25.0	25.0	412				307	277			302				267	322		
32.7		48.6	-48.6	40.4	26.6			316.0	1	0	0	1	0.6	0.03	0.08	1.15	0.54	0.04	0.01	0.01	0.67	0.0	0.0	1.1	0.66	0.0	0.0	0.0	1553183883.925676	54.55	44.23	43.73	48.78	57.41	43.24	25.0	25.0	412	356		299	308	277			301	309		206	267	322		
35.5	45.7	39.8	-39.8	50.0	19.4			315.9	1	0	0	1	0.64	0.03	0.07	1.0	0.56	0.04	0.01	0.01	0.67	0.0	0.0	1.1	0.66	0.0	0.0	0.0	1553183883.9515607	50.97	44.28	44.42	58.33	55.84	43.26	25.0	25.0	412	356	314	299	308	277			302	311	354	206	268	322		
39.0	39.6	33.6	-33.6	56.4	16.2			316.2	1	0	0	1	0.67	0.03	0.07	0.96	0.59	0.04	0.01	0.01	0.67	0.0	0.0	1.1	0.66	0.0	0.0	0.0	1553183883.9848819	48.01	44.21	44.76	63.77	54.51	43.31	25.0	25.0	412	356	314	298	307	277			302	312	355	206	268	322		
39.0	39.6	33.6	-33.6	56.4	16.2			316.2	1	0	0	1	0.66	0.03	0.07	1.03	0.61	0.04	0.01	0.01	0.67	0.0	0.0	1.1	0.66	0.0	0.0	0.0	1553183884.0133328	48.14	44.27	44.72	59.88	52.93	43.3	25.0	25.0	412	356	314	298	307	277			302	312	355	206	268	322		
39.0	39.6	33.6	-33.6	56.4	16.2			316.2	1	0	0	1	0.65	0.03	0.06	1.1	0.61	0.04	0.01	0.01	0.67	0.0	0.0	1.1	0.66	0.0	0.0	0.0	1553183884.0462801	48.44	44.21	44.87	54.08	52.42	43.24	25.0	25.0	412	356	314	298	307	277			302	312	355	206	268	322		
46.3	26.1	20.9	-20.9	68.2	9.2			317.1	1	0	0	1	0.65	0.03	0.06	1.05	0.62	0.03	0.01	0.01	0.67	0.0	0.0	1.1	0.66	0.0	0.0	0.0	1553183884.0772398	48.53	44.27	45.11	54.87	51.87	43.28	25.0	25.0	412	356	314	298	307	277			302	313	356	206	270	322		
52.8	14.8	9.6	-9.6		3.4			317.3	1	0	0	1	0.66	0.03	0.05	1.01	0.63	0.03	0.01	0.01	0.67	0.0	0.0	1.1	0.66	0.0	0.0	0.0	1553183884.1204612	48.31	44.22	45.05	60.02	51.44	43.2	25.0	25.0	412	357	315		308	277			302	316	358		271	322		
56.2	9.2	2.6	-2.6		-0.7			317.2	1	0	0	1	0.66	0.03	0.05	1.03	0.63	0.03	0.01	0.01	0.67	0.0	0.0	1.1	0.66	0.0	0.0	0.0	1553183884.1565669	47.98	44.12	45.2	59.88	51.01	43.06	25.0	25.0	412	357	316		308	277			302	318	360		273	322		
56.2	9.2	2.6	-2.6		-0.7			317.2	1	0	0	1	0.67	0.02	0.05	1.08	0.64	0.03	0.01	0.01	0.67	0.0	0.0	1.1	0.66	0.0	0.0	0.0	1553183884.1812084	47.84	44.15	45.4	56.44	50.73	43.2	25.0	25.0	412	357	316		308	277			302	318	360		273	322		
					-3.9				1	0	0	1	0.67	0.02	0.04	1.07	0.64	0.03	0.01	0.01	0.67	0.0	0.0	1.1	0.66	0.0	0.0	0.0	1553183884.2116408	47.81	44.12	45.52	55.21	50.6	43.2	25.0	25.0	412				309	277			302				274	322		
					-3.9				1	0	0	1	0.67	0.02	0.04	1.03	0.65	0.03	0.01	0.01	0.67	0.0	0.0	1.1	0.66	0.0	0.0	0.0	1553183884.247839	47.79	44.03	45.37	58.94	50.2	43.09	25.0	25.0	412				309	277			302				274	322		
					-3.9				1	0	0	1	0.67	0.02	0.04	1.03	0.65	0.03	0.01	0.01	0.67	0.0	0.0	1.1	0.66	0.0	0.0	0.0	1553183884.2806103	47.66	43.96	45.26	60.05	50.05	43.01	25.0	25.0	412				309	277			302				274	322		
65.2									1	0	0	1	0.67	0.02	0.04	1.08	0.65	0.03	0.01	0.01	0.67	0.0	0.0	1.1	0.66	0.0	0.0	0.0	1553183884.3172908	47.65	43.87	45.21	57.43	50.04	42.89	25.0	25.0	412	359				277			301	324				322		
70.0									1	0	0	1	0.67	0.02	0.04	1.08	0.65	0.03	0.01	0.01	0.67	0.0	0.0	1.1	0.66	0.0	0.0	0.0	1553183884.3496695	47.84	43.88	45.22	56.46	49.77	42.91	25.0	25.0	412	362				276			302	329				322		
79.0									1	0	0	1	0.67	0.02	0.04	1.04	0.65	0.03	0.01	0.01	0.67	0.0	0.0	1.1	0.66	0.0	0.0	0.0	1553183884.381195	47.87	44.09	45.27	58.73	49.63	42.88	25.0	25.0	412	367				276			302	336				322		
79.0									1	0	0	1	0.67	0.02	0.03	1.04	0.66	0.03	0.01	0.01	0.67	0.0	0.0	1.1	0.66	0.0	0.0	0.0	1553183884.411969	47.88	44.06	45.36	59.85	49.26	42.77	25.0	25.0	412	367				276			302	336				322		
79.0									1	0	0	1	0.67	0.02	0.03	1.08	0.66	0.03	0.01	0.01	0.67	0.0	0.0	1.1	0.66	0.0	0.0	0.0	1553183884.4448085	47.72	44.08	45.53	57.47	49.04	42.7	25.0	25.0	412	367				276			302	336				322		
89.1									1	1	1	1	0.67	0.02	0.03	1.09	0.66	0.03	0.01	0.01	0.67	0.0	0.0	1.1	0.66	0.0	0.0	0.0	1553183884.4821424	47.71	44.04	45.37	56.11	49.02	42.62	25.0	25.0	412	372				276			302	342				323		
93.6									1	1	1	1	0.67	0.02	0.04	1.06	0.66	0.03	0.01	0.01	0.67	0.0	0.0	1.1	0.66	0.0	0.0	0.0	1553183884.5091262	47.63	44.01	45.01	57.66	49.33	42.51	25.0	25.0	412	374				276			302	343				323		
96.7		-88.0	88.0		-33.9			331.0	1	1	1	1	0.67	0.02	0.03	1.06	0.66	0.03	0.01	0.01	0.67	0.0	0.0	1.1	0.66	0.0	0.0	0.0	1553183884.5604093	47.4	43.8	45.17	58.64	49.41	42.36	25.0	25.0	412	375			329	276			302	344			313	323		
99.0		-92.2	92.2	81.9	-34.8			332.3	0	1	1	0	0.67	0.02	0.03	1.08	0.66	0.03	0.01	0.01	0.67	0.0	0.0	1.1	0.66	0.0	0.0	0.0	1553183884.5953598	47.39	43.84	45.39	57.23	49.29	42.4	25.0	25.0	412	376		374	330	276			301	344		271	315	322		
99.0		-92.2	92.2	81.9	-34.8			332.3	0	1	1	0	0.67	0.02	0.03	1.09	0.66	0.03	0.01	0.01	0.67	0.0	0.0	1.1	0.66	0.0	0.0	0.0	1553183884.6222506	47.27	43.8	45.24	56.31	49.07	42.34	25.0	25.0	412	376		374	330	276			301	344		271	315	322		
100.2	10.6	-93.3	93.3	83.3	-35.5			332.8	0	1	1	0	0.68	0.01	0.03	1.07	0.66	0.03	0.01	0.01	0.67	0.0	0.0	1.1	0.66	0.0	0.0	0.0	1553183884.6552947	47.25	43.76	45.16	57.36	49.22	42.28	25.0	25.0	412	376	383	373	330	276			302	345	404	271	316	323		
100.2	10.6	-93.3	93.3	83.3	-35.5			332.8	0	1	1	0	0.67	0.02	0.03	1.07	0.66	0.02	0.01	0.01	0.67	0.0	0.0	1.1	0.66	0.0	0.0	0.0	1553183884.6855507	47.22	43.7	45.04	58.04	49.24	42.35	25.0	25.0	412	376	383	373	330	276			302	345	404	271	316	323		
100.2	10.6	-93.2	93.2	83.1	-35.0			332.9	0	1	1	0	0.68	0.01	0.03	1.07	0.66	0.02	0.01	0.01	0.0	0.67	1.1	0.0	0.0	0.68	0.0	0.0	1553183884.7265298	25.0	75.0	75.0	25.0	25.0	75.0	25.0	25.0	412	376	383	373	330	276			302	344	404	271	316	322		
	10.2	-93.6	93.6	83.4	-34.7			332.9	0	1	1	0	0.33	0.1	0.16	0.99	0.64	0.12	0.01	0.01	0.0	0.67	1.1	0.0	0.0	0.68	0.0	0.0	1553183884.7636318	25.0	75.0	75.0	25.0	25.0	75.0	25.0	25.0		376	383	373	330	276				344	404	271	316	322		
	10.2	-93.6	93.6	83.4	-34.7			332.9	0	1	1	0	0.04	0.41	0.25	0.82	0.5	0.26	0.01	0.01	0.0	0.67	1.1	0.0	0.0	0.68	0.0	0.0	1553183884.7952673	38.31	75.0	75.0	25.0	25.0	75.0	25.0	25.0		376	383	373	330	276				344	404	271	316	322		
	10.2	-93.6	93.6	83.4	-34.7			332.9	0	1	1	0	0.04	0.99	0.58	0.14	0.12	0.8	0.01	0.01	0.0	0.67	1.1	0.0	0.0	0.68	0.0	0.0	1553183884.8263402	41.89	36.41	75.0	37.34	33.34	46.17	25.0	25.0		376	383	373	330	276				344	404	271	316	322		
	10.1	-93.6	93.6	83.6	-33.8			332.8	0	1	1	0	0.04	0.96	1.1	0.05	0.04	0.89	0.01	0.01	0.0	0.67	1.1	0.0	0.0	0.68	0.0	0.0	1553183884.8573878	42.38	25.0	59.78	46.47	41.14	31.35	25.0	25.0		376	383	373	330	276				345	404	271	315	322		
	10.1	-93.6	93.6	83.6	-33.8			332.8	0	1	1	0	0.04	0.71	1.16	0.06	0.05	0.58	0.01	0.01	0.0	0.67	1.1	0.0	0.0	0.68	0.0	0.0	1553183884.890085	41.98	40.61	47.23	46.54	41.75	52.7	25.0	25.0		376	383	373	330	276				345	404	271	315	322		
84.2	20.2	-91.0	91.0	81.5				328.0	0	1	1	0	0.04	0.49	0.89	0.09	0.06	0.51	0.01	0.01	0.0	0.67	1.1	0.0	0.0	0.68	0.0	0.0	1553183884.9320781	41.59	59.45	64.32	44.27	40.74	60.88	25.0	25.0	405	370	384	373	326				301	345	404	271	312			
84.2	20.2	-91.0	91.0	81.5				328.0	0	1	1	0	0.04	0.49	0.89	0.1	0.07	0.56	0.01	0.01	0.0	0.67	1.1	0.0	0.0	0.68	0.0	0.0	1553183884.96477	41.6	62.45	72.89	43.28	39.98	59.75	25.0	25.0	405	370	384	373	326				301	345	404	271	312			
84.2	20.2	-91.0	91.0	81.5				328.0	0	1	1	0	0.04	0.53	1.17	0.09	0.07	0.6	0.01	0.01	0.0	0.67	1.1	0.0	0.0	0.68	0.0	0.0	1553183884.997605	41.61	61.78	50.42	43.21	39.74	55.96	25.0	25.0	405	370	384	373	326				301	345	404	271	312			
84.2	20.2	-91.0	91.0	81.5				328.0	0	1	1	0	0.04	0.58	1.15	0.08	0.06	0.63	0.01	0.01	0.0	0.67	1.1	0.0	0.0	0.68	0.0	0.0	1553183885.0297682	41.7	58.66	47.92	43.65	39.92	53.17	25.0	25.0	405	370	384	373	326				301	345	404	271	312			
	26.7	-70.4	70.4		47.3			330.4	0	1	1	0	0.03	0.69	0.87	0.07	0.06	0.67	0.01	0.01	0.0	0.67	1.1	0.0	0.0	0.68	0.0	0.0	1553183885.062437	41.71	51.69	64.67	44.31	39.95	50.45	25.0	25.0		376	383		326	264				343	403		310	290		
	26.7	-70.4	70.4		47.3			330.4	0	1	1	0	0.03	0.71	0.92	0.07	0.06	0.66	0.01	0.01	0.0	0.67	1.1	0.0	0.0	0.68	0.0	0.0	1553183885.0922403	41.79	45.96	68.55	44.39	39.75	50.7	25.0	25.0		376	383		326	264				343	403		310	290		
				41.5					0	1	1	0	0.03	0.64	1.19	0.06	0.05	0.64	0.01	0.01	0.0	0.67	1.1	0.0	0.0	0.68	0.0	0.0	1553183885.1428146	41.81	49.55	48.8	44.38	40.02	51.85	25.0	25.0			384	372	327						404	271	309			
				41.5					0	1	1	0	0.03	0.63	0.97	0.06	0.05	0.65	0.01	0.01	0.0	0.67	1.1	0.0	0.0	0.68	0.0	0.0	1553183885.1691883	41.73	51.48	55.87	44.58	39.94	52.07	25.0	25.0			384	372	327						404	271	309			
				32.1					0	1	1	0	0.03	0.63	0.91	0.06	0.05	0.65	0.01	0.01	0.0	0.67	1.1	0.0	0.0	0.68	0.0	0.0	1553183885.1983187	41.8	52.31	68.62	44.72	39.73	51.61	25.0	25.0			383	373	329						404	270	310			
									0	1	1	0	0.03	0.63	1.08	0.05	0.05	0.65	0.01	0.01	0.0	0.67	1.1	0.0	0.0	0.68	0.0	0.0	1553183885.2311213	41.74	52.45	63.43	44.91	39.71	51.49	25.0	25.0			384	373							404	270				
									0	1	1	0	0.03	0.63	1.15	0.05	0.05	0.65	0.01	0.01	0.0	0.67	1.1	0.0	0.0	0.68	0.0	0.0	1553183885.260209	41.75	52.44	52.44	44.93	39.73	51.79	25.0	25.0			384	373							404	270				
									0	1	1	0	0.03	0.64	1.01	0.04	0.05	0.66	0.01	0.01	0.0	0.67	1.1	0.0	0.0	0.68	0.0	0.0	1553183885.291699	41.68	52.13	59.77	45.14	39.78	51.41	25.0	25.0			383	373							404	270				
									0	1	1	0	0.03	0.64	1.0	0.04	0.04	0.66	0.01	0.01	0.0	0.67	1.1	0.0	0.0	0.68	0.0	0.0	1553183885.33276	41.58	52.01	65.4	45.32	39.78	51.36	25.0	25.0			383	373							404	270				
									0	1	1	0	0.02	0.64	1.14	0.04	0.04	0.66	0.01	0.01	0.0	0.67	1.1	0.0	0.0	0.68	0.0	0.0	1553183885.370971	41.65	51.85	53.86	45.33	39.74	51.3	25.0	25.0			383	373							404	270				
									0	1	1	0	0.02	0.65	1.06	0.03	0.04	0.66	0.01	0.01	0.0	0.67	1.1	0.0	0.0	0.68	0.0	0.0	1553183885.4063454	41.57	51.58	56.98	45.52	39.76	51.59	25.0	25.0			383	373							404	270				
									0	1	1	0	0.02	0.66	1.0	0.03	0.04	0.66	0.01	0.01	0.0	0.67	1.1	0.0	0.0	0.68	0.0	0.0	1553183885.434946	41.54	51.14	62.42	45.62	39.67	51.5	25.0	25.0			383	373							404	270				
									0	1	1	0	0.02	0.66	1.05	0.03	0.04	0.66	0.01	0.01	0.0	0.67	1.1	0.0	0.0	0.68	0.0	0.0	1553183885.474245	41.54	50.7	62.35	45.45	39.71	51.5	25.0	25.0			383	372							404	270				
				-3.6					0	1	1	0	0.02	0.66	1.13	0.03	0.04	0.66	0.01	0.01	0.0	0.67	1.1	0.0	0.0	0.68	0.0	0.0	1553183885.4972668	41.51	50.61	56.29	45.5	39.65	51.43	25.0	25.0			383	372	376						404	270	326			
9.1	104.2	86.0	-86.0	-4.2	72.0			314.1	0	1	1	0	0.02	0.66	1.06	0.03	0.04	0.66	0.01	0.01	0.0	0.67	1.1	0.0	0.0	0.68	0.0	0.0	1553183885.5375314	41.43	50.5	55.76	45.38	39.51	51.49	25.0	25.0	475	419	383	372	376	335			360	362	404	270	326	375		
									1	1	1	1	0.02	0.67	1.05	0.03	0.03	0.66	0.01	0.01	0.0	0.67	1.1	0.0	0.0	0.68	0.0	0.0	1553183885.5856986	41.31	50.34	61.84	45.21	39.4	51.57	25.0	25.0	475			372		335			360			270		375		
				-3.9	71.9				1	1	1	1	0.02	0.67	1.1	0.03	0.03	0.66	0.01	0.01	0.0	0.67	1.1	0.0	0.0	0.68	0.0	0.0	1553183885.625544	41.26	50.36	57.68	45.19	39.63	51.46	25.0	25.0	475		383	372	376	335			360		404	270	326	375		
				-4.4	72.3				1	1	1	1	0.02	0.67	1.08	0.03	0.03	0.66	0.01	0.01	0.0	0.67	1.1	0.0	0.0	0.68	0.0	0.0	1553183885.6552246	41.33	50.38	57.26	45.09	39.56	51.52	25.0	25.0	475		383	372	376	335			361		404	270	326	375		
7.5	107.7								1	0	0	1	0.02	0.67	1.06	0.03	0.03	0.66	0.01	0.01	0.0	0.67	1.1	0.0	0.0	0.68	0.0	0.0	1553183885.6902564	41.28	50.39	59.32	45.15	39.48	51.56	25.0	25.0	475	419	383	372		336			362	362	404	270		375		
				-5.1	74.4				1	0	0	1	0.02	0.67	1.07	0.03	0.03	0.67	0.01	0.01	0.0	0.67	1.1	0.0	0.0	0.68	0.0	0.0	1553183885.7209878	41.23	50.4	59.76	45.13	39.4	51.43	25.0	25.0	475			372	378	336			363			270	326	374		
				-5.2	74.6				1	0	0	1	0.02	0.67	1.08	0.03	0.03	0.67	0.01	0.01	0.0	0.67	1.1	0.0	0.0	0.68	0.0	0.0	1553183885.75494	41.11	50.42	58.07	45.02	39.27	51.46	25.0	25.0	475		383	372	378	336			363		404	270	326	374		
				-5.2	74.6				1	0	0	1	0.02	0.67	1.08	0.03	0.03	0.67	0.01	0.01	0.0	0.67	1.1	0.0	0.0	0.68	0.0	0.0	1553183885.7966626	41.05	50.48	57.98	45.05	39.15	51.49	25.0	25.0	475		383	372	378	336			363		404	270	326	374		
				-5.2	74.6				1	0	0	1	0.02	0.66	1.06	0.03	0.03	0.67	0.01	0.01	0.67	0.0	0.0	1.1	0.66	0.0	0.0	0.0	1553183885.8223279	75.0	25.0	25.0	75.0	75.0	25.0	25.0	25.0	475		383	372	378	336			363		404	270	326	374		
4.7	110.7	92.8	-92.8	-3.8	75.4			311.6	1	0	0	1	0.15	0.59	0.98	0.08	0.1	0.61	0.01	0.01	0.67	0.0	0.0	1.1	0.66	0.0	0.0	0.0	1553183885.8509505	75.0	25.0	25.0	75.0	75.0	25.0	25.0	25.0	474	419	383	372	378	337			363	362	404	270	326	375		
4.7	110.7	92.8	-92.8	-3.8	75.4			311.6	1	0	0	1	0.3	0.09	0.68	0.17	0.18	0.3	0.01	0.01	0.67	0.0	0.0	1.1	0.66	0.0	0.0	0.0	1553183885.88467	75.0	30.03	25.0	75.0	75.0	25.0	25.0	25.0	474	419	383	372	378	337			363	362	404	270	326	375		
4.5		93.0	-93.0	-3.8	75.2			311.6	1	0	0	1	0.92	0.03	0.15	0.52	0.22	0.06	0.01	0.01	0.67	0.0	0.0	1.1	0.66	0.0	0.0	0.0	1553183885.9146705	57.6	42.31	28.12	75.0	75.0	39.91	25.0	25.0	474	419		372	378	337			363	362		270	326	374		
4.5	110.5								1	0	0	1	1.0	0.03	0.05	1.07	0.88	0.04	0.01	0.01	0.67	0.0	0.0	1.1	0.66	0.0	0.0	0.0	1553183885.9576185	25.0	44.98	48.03	55.39	31.85	44.58	25.0	25.0	474	419	383	372		337			363	362	404	270		374		
4.5	110.5								1	0	0	1	0.65	0.03	0.07	1.12	0.63	0.04	0.01	0.01	0.67	0.0	0.0	1.1	0.66	0.0	0.0	0.0	1553183885.9884856	35.91	44.84	47.25	50.08	40.62	44.22	25.0	25.0	474	419	383	372		337			363	362	404	270		374		
4.5	110.5								1	0	0	1	0.5	0.03	0.08	1.03	0.53	0.04	0.01	0.01	0.67	0.0	0.0	1.1	0.66	0.0	0.0	0.0	1553183886.02618	56.03	44.55	45.56	55.62	54.62	43.7	25.0	25.0	474	419	383	372		337			363	362	404	270		374		
									1	0	0	1	0.49	0.03	0.09	0.9	0.5	0.05	0.01	0.01	0.67	0.0	0.0	1.1	0.66	0.0	0.0	0.0	1553183886.0502043	59.47	44.41	44.26	65.74	58.6	43.33	25.0	25.0	474		382	371					363		405	269				
									1	0	0	1	0.53	0.03	0.09	1.04	0.51	0.04	0.01	0.01	0.67	0.0	0.0	1.1	0.66	0.0	0.0	0.0	1553183886.0853534	58.4	44.31	43.7	64.05	59.03	43.32	25.0	25.0	474		382	371					363		405	269				
					25.4				1	0	0	1	0.57	0.03	0.09	1.15	0.53	0.04	0.01	0.01	0.67	0.0	0.0	1.1	0.66	0.0	0.0	0.0	1553183886.1159904	55.74	44.17	43.86	48.8	57.87	43.41	25.0	25.0	474				370	340			363				324	379		
				50.0	17.5				1	0	0	1	0.61	0.03	0.08	1.02	0.56	0.04	0.01	0.01	0.67	0.0	0.0	1.1	0.66	0.0	0.0	0.0	1553183886.148549	53.25	44.26	44.28	55.51	56.35	43.35	25.0	25.0	474		376	362	370	339			363		413	262	325	379		
				50.0	17.5				1	0	0	1	0.64	0.03	0.07	0.95	0.59	0.04	0.01	0.01	0.67	0.0	0.0	1.1	0.66	0.0	0.0	0.0	1553183886.180852	49.48	44.24	44.94	64.29	53.87	43.3	25.0	25.0	474		376	362	370	339			363		413	262	325	379		
				50.0	17.5				1	0	0	1	0.65	0.03	0.07	0.99	0.61	0.04	0.01	0.01	0.67	0.0	0.0	1.1	0.66	0.0	0.0	0.0	1553183886.2101455	48.23	44.19	44.68	62.11	52.7	43.38	25.0	25.0	474		376	362	370	339			363		413	262	325	379		
									1	0	0	1	0.65	0.03	0.07	1.09	0.61	0.04	0.01	0.01	0.67	0.0	0.0	1.1	0.66	0.0	0.0	0.0	1553183886.2448363	48.23	44.26	44.76	55.34	52.39	43.39	25.0	25.0	474		374	361		339			363		414	262		379		
									1	0	0	1	0.65	0.03	0.06	1.06	0.61	0.04	0.01	0.01	0.67	0.0	0.0	1.1	0.66	0.0	0.0	0.0	1553183886.2729204	48.43	44.23	45.09	53.34	52.27	43.33	25.0	25.0	474		374	361		339			363		414	262		379		
				78.2	-0.1				1	0	0	1	0.65	0.03	0.06	1.02	0.62	0.04	0.01	0.01	0.67	0.0	0.0	1.1	0.66	0.0	0.0	0.0	1553183886.3045595	48.25	44.12	45.2	59.27	51.99	43.19	25.0	25.0	474		375	362	370	339			363		416	264	328	379		
									1	0	0	1	0.66	0.03	0.05	1.02	0.62	0.04	0.01	0.01	0.67	0.0	0.0	1.1	0.66	0.0	0.0	0.0	1553183886.3416507	47.85	44.15	45.14	60.41	51.64	43.04	25.0	25.0	474		375	362		339			363		417	264		379		
									1	0	0	1	0.66	0.03	0.05	1.07	0.63	0.03	0.01	0.01	0.67	0.0	0.0	1.1	0.66	0.0	0.0	0.0	1553183886.3739562	47.66	44.13	45.26	57.01	51.05	43.12	25.0	25.0	474			364		339			363			267		379		
									1	0	0	1	0.67	0.02	0.05	1.08	0.64	0.03	0.01	0.01	0.67	0.0	0.0	1.1	0.66	0.0	0.0	0.0	1553183886.4026873	47.63	44.19	45.36	55.31	50.71	43.04	25.0	25.0	474			364		339			363			267		379		
					-11.6				1	0	0	1	0.67	0.02	0.05	1.04	0.64	0.03	0.01	0.01	0.67	0.0	0.0	1.1	0.66	0.0	0.0	0.0	1553183886.4357767	47.52	44.1	45.38	58.01	50.45	42.91	25.0	25.0	474				372	339			363				332	379		
					-11.6				1	0	0	1	0.67	0.02	0.05	1.03	0.65	0.03	0.01	0.01	0.67	0.0	0.0	1.1	0.66	0.0	0.0	0.0	1553183886.4645557	47.38	44.07	45.32	58.96	50.3	42.86	25.0	25.0	474				372	339			363				332	379		
					-11.6				1	0	0	1	0.67	0.02	0.04	1.05	0.65	0.03	0.01	0.01	0.67	0.0	0.0	1.1	0.66	0.0	0.0	0.0	1553183886.4968314	47.51	43.98	45.32	58.71	49.85	42.73	25.0	25.0	474				372	339			363				332	379		
					-11.6				1	0	0	1	0.67	0.02	0.04	1.06	0.65	0.03	0.01	0.01	0.67	0.0	0.0	1.1	0.66	0.0	0.0	0.0	1553183886.5314176	47.55	43.88	45.3	57.4	49.81	42.91	25.0	25.0	474				372	339			363				332	379		
					-19.0				1	0	0	1	0.67	0.02	0.04	1.06	0.66	0.03	0.01	0.01	0.67	0.0	0.0	1.1	0.66	0.0	0.0	0.0	1553183886.579807	47.56	44.1	45.36	57.2	49.56	42.84	25.0	25.0	474				376	339			363				337	379		
					-19.0				1	0	0	1	0.66	0.02	0.04	1.04	0.66	0.03	0.01	0.01	0.67	0.0	0.0	1.1	0.66	0.0	0.0	0.0	1553183886.6001627	47.67	44.06	45.27	58.36	49.35	42.76	25.0	25.0	474				376	339			363				337	379		
					-19.0				1	0	0	1	0.66	0.02	0.04	1.04	0.66	0.03	0.01	0.01	0.67	0.0	0.0	1.1	0.66	0.0	0.0	0.0	1553183886.629635	47.73	44.07	45.29	59.6	49.01	42.64	25.0	25.0	474				376	339			363				337	379		
					-19.0				1	0	0	1	0.66	0.02	0.04	1.07	0.66	0.03	0.01	0.01	0.67	0.0	0.0	1.1	0.66	0.0	0.0	0.0	1553183886.6593304	47.75	44.02	45.21	58.17	48.95	42.56	25.0	25.0	474				376	339			363				337	379		
					-19.0				1	1	1	1	0.66	0.02	0.03	1.08	0.66	0.03	0.01	0.01	0.67	0.0	0.0	1.1	0.66	0.0	0.0	0.0	1553183886.6908348	47.76	44.06	45.25	56.98	48.85	42.62	25.0	25.0	474				376	339			363				337	379		
									1	1	1	1	0.66	0.02	0.03	1.07	0.67	0.03	0.01	0.01	0.67	0.0	0.0	1.1	0.66	0.0	0.0	0.0	1553183886.723376	47.79	44.02	45.47	57.44	48.49	42.56	25.0	25.0	474					339			363					379		
									1	1	1	1	0.67	0.01	0.03	1.06	0.67	0.03	0.01	0.01	0.67	0.0	0.0	1.1	0.66	0.0	0.0	0.0	1553183886.765475	47.55	43.96	45.16	58.49	48.39	42.47	25.0	25.0	474					339			363					379		
									0	1	1	0	0.67	0.02	0.03	1.08	0.67	0.03	0.01	0.01	0.67	0.0	0.0	1.1	0.66	0.0	0.0	0.0	1553183886.7973807	47.41	43.95	45.05	58.35	48.5	42.38	25.0	25.0	474					339			363					379		
									0	1	1	0	0.67	0.02	0.03	1.09	0.66	0.03	0.01	0.01	0.67	0.0	0.0	1.1	0.66	0.0	0.0	0.0	1553183886.8300025	47.18	43.74	45.31	56.6	48.71	42.39	25.0	25.0	474					339			363					379		
									0	1	1	0	0.67	0.02	0.03	1.09	0.66	0.03	0.01	0.01	0.67	0.0	0.0	1.1	0.66	0.0	0.0	0.0	1553183886.8587458	47.28	43.78	45.54	56.53	48.72	42.33	25.0	25.0	474					339			363					379		
				78.9	-40.0				0	1	1	0	0.67	0.02	0.03	1.07	0.66	0.02	0.01	0.01	0.0	0.67	1.1	0.0	0.0	0.68	0.0	0.0	1553183886.8989263	47.36	43.72	44.99	58.04	48.84	42.36	25.0	25.0	474			438	392	339			363			330	371	379		
				78.9	-40.0				0	1	1	0	0.67	0.01	0.03	1.07	0.66	0.02	0.01	0.01	0.0	0.67	1.1	0.0	0.0	0.68	0.0	0.0	1553183886.9236233	25.0	75.0	75.0	25.0	25.0	75.0	25.0	25.0	474			438	392	339			363			330	371	379		
				78.9	-40.0				0	1	1	0	0.34	0.1	0.16	0.98	0.63	0.15	0.01	0.01	0.0	0.67	1.1	0.0	0.0	0.68	0.0	0.0	1553183886.9566052	25.0	75.0	75.0	25.0	25.0	75.0	25.0	25.0	474			438	392	339			363			330	371	379		
				79.2	-39.4				0	1	1	0	0.06	0.23	0.26	0.8	0.46	0.26	0.01	0.01	0.0	0.67	1.1	0.0	0.0	0.68	0.0	0.0	1553183886.9892054	37.86	75.0	75.0	25.0	25.0	75.0	25.0	25.0	474			438	392	338			363			330	371	379		
				79.2	-39.4				0	1	1	0	0.04	0.99	0.61	0.12	0.1	0.82	0.01	0.01	0.0	0.67	1.1	0.0	0.0	0.68	0.0	0.0	1553183887.0198562	40.69	60.46	75.0	25.0	26.98	65.67	25.0	25.0	474			438	392	338			363			330	371	379		
				79.2	-39.4				0	1	1	0	0.04	1.02	1.04	0.05	0.05	0.92	0.01	0.01	0.0	0.67	1.1	0.0	0.0	0.68	0.0	0.0	1553183887.0499713	42.17	25.0	59.15	46.67	41.21	29.68	25.0	25.0	474			438	392	338			363			330	371	379		
									0	1	1	0	0.04	0.68	1.15	0.06	0.05	0.59	0.01	0.01	0.0	0.67	1.1	0.0	0.0	0.68	0.0	0.0	1553183887.0828857	41.93	36.35	48.73	47.2	41.79	45.57	25.0	25.0				438								330				
									0	1	1	0	0.04	0.48	1.01	0.08	0.06	0.52	0.01	0.01	0.0	0.67	1.1	0.0	0.0	0.68	0.0	0.0	1553183887.1199713	41.65	56.77	56.29	45.44	40.99	59.24	25.0	25.0				438								330				
				75.5					0	1	1	0	0.04	0.47	0.82	0.09	0.07	0.52	0.01	0.01	0.0	0.67	1.1	0.0	0.0	0.68	0.0	0.0	1553183887.1470952	41.53	63.13	70.94	43.8	40.14	60.57	25.0	25.0			416	438	381						459	330	353			
				75.5					0	1	1	0	0.03	0.51	1.17	0.09	0.06	0.59	0.01	0.01	0.0	0.67	1.1	0.0	0.0	0.68	0.0	0.0	1553183887.1884856	41.63	63.05	58.23	43.0	39.96	57.33	25.0	25.0			416	438	381						459	330	353			
				75.5					0	1	1	0	0.03	0.58	1.14	0.08	0.06	0.63	0.01	0.01	0.0	0.67	1.1	0.0	0.0	0.68	0.0	0.0	1553183887.226809	41.68	57.32	48.59	43.6	39.98	53.53	25.0	25.0			416	438	381						459	330	353			
				75.5					0	1	1	0	0.03	0.7	0.92	0.07	0.06	0.66	0.01	0.01	0.0	0.67	1.1	0.0	0.0	0.68	0.0	0.0	1553183887.252818	41.59	48.72	63.49	44.33	40.01	51.09	25.0	25.0			416	438	381						459	330	353			
				58.5	53.7				0	1	1	0	0.03	0.71	0.87	0.06	0.05	0.66	0.01	0.01	0.0	0.67	1.1	0.0	0.0	0.68	0.0	0.0	1553183887.2788198	41.68	44.52	70.78	44.67	40.04	50.5	25.0	25.0			417	438	383	326					459	330	352	315		
				44.7	58.0				0	1	1	0	0.03	0.66	1.12	0.06	0.05	0.65	0.01	0.01	0.0	0.67	1.1	0.0	0.0	0.68	0.0	0.0	1553183887.3121912	41.7	49.08	54.83	44.41	39.88	51.34	25.0	25.0	455		416	438	383	324			351		459	330	351	319		
				30.8					0	1	1	0	0.03	0.63	1.15	0.06	0.05	0.65	0.01	0.01	0.0	0.67	1.1	0.0	0.0	0.68	0.0	0.0	1553183887.3456607	41.8	51.46	49.22	44.46	39.92	51.78	25.0	25.0			416	438	386						459	329	353			
				30.8					0	1	1	0	0.03	0.62	0.93	0.06	0.05	0.65	0.01	0.01	0.0	0.67	1.1	0.0	0.0	0.68	0.0	0.0	1553183887.381506	41.71	52.79	65.68	44.55	39.72	51.37	25.0	25.0			416	438	386						459	329	353			
				30.8					0	1	1	0	0.03	0.62	0.99	0.05	0.05	0.66	0.01	0.01	0.0	0.67	1.1	0.0	0.0	0.68	0.0	0.0	1553183887.413549	41.63	52.96	67.1	44.72	39.59	51.11	25.0	25.0			416	438	386						459	329	353			
									0	1	1	0	0.03	0.63	1.17	0.05	0.05	0.65	0.01	0.01	0.0	0.67	1.1	0.0	0.0	0.68	0.0	0.0	1553183887.4485617	41.65	52.89	53.19	44.85	39.49	51.49	25.0	25.0			416	438							459	329				
									0	1	1	0	0.03	0.63	1.07	0.04	0.05	0.65	0.01	0.01	0.0	0.67	1.1	0.0	0.0	0.68	0.0	0.0	1553183887.4754322	41.58	52.54	55.12	45.12	39.68	51.83	25.0	25.0			416	438							459	329				
									0	1	1	0	0.02	0.64	0.94	0.04	0.04	0.65	0.01	0.0	0.0	0.67	1.1	0.0	0.0	0.68	0.0	0.0	1553183887.5049846	41.55	52.27	64.41	45.17	39.92	51.94	25.0	25.0			416	438							459	329				
									0	1	1	0	0.02	0.64	1.08	0.04	0.04	0.66	0.01	0.01	0.0	0.67	1.1	0.0	0.0	0.68	0.0	0.0	1553183887.5452635	41.58	51.89	58.82	45.31	39.94	51.52	25.0	25.0			416	438							459	329				
									0	1	1	0	0.02	0.64	1.15	0.03	0.04	0.66	0.01	0.01	0.0	0.67	1.1	0.0	0.0	0.68	0.0	0.0	1553183887.5805087	41.51	51.92	52.28	45.54	39.83	51.22	25.0	25.0			416	438							459	329				
									0	1	1	0	0.02	0.65	1.01	0.03	0.04	0.66	0.01	0.01	0.0	0.67	1.1	0.0	0.0	0.68	0.0	0.0	1553183887.6122952	41.45	51.44	57.83	45.52	39.73	51.23	25.0	25.0			416	438							459	330				
	116.6								0	1	1	0	0.02	0.66	0.99	0.03	0.04	0.66	0.01	0.01	0.0	0.67	1.1	0.0	0.0	0.68	0.0	0.0	1553183887.6418338	41.35	50.9	63.76	45.58	39.51	51.3	25.0	25.0		462	416	438						432	459	330				
	116.6								0	1	1	0	0.02	0.66	1.07	0.03	0.04	0.66	0.01	0.01	0.0	0.67	1.1	0.0	0.0	0.68	0.0	0.0	1553183887.6747675	41.41	50.69	59.45	45.5	39.62	51.17	25.0	25.0		462	416	438						432	459	330				
	117.5								0	1	1	0	0.02	0.66	1.11	0.03	0.03	0.66	0.01	0.01	0.0	0.67	1.1	0.0	0.0	0.68	0.0	0.0	1553183887.7051988	41.4	50.57	54.65	45.42	39.66	51.4	25.0	25.0		462	416	438						432	459	330				
	117.5								0	1	1	0	0.02	0.67	1.03	0.03	0.03	0.66	0.01	0.01	0.0	0.67	1.1	0.0	0.0	0.68	0.0	0.0	1553183887.7452352	41.39	50.41	60.5	45.25	39.67	51.62	25.0	25.0		462	416	438						432	459	330				
